{
    "eigs_regret": [
        0.6305034539776654,
        0.6310294456843437,
        0.5396798847141611,
        0.40640915376281245,
        0.5794726068974598,
        0.4871098007364226,
        0.4959281622122505,
        0.483932609428817,
        0.4979566620282753,
        0.5086977195398678
    ],
    "eigs_max": [
        0.6573432699266879,
        0.6553164307821906,
        0.6700215869782978,
        0.6348349956827001,
        0.6484946657875567,
        0.6554805476319351,
        0.6713014273005523,
        0.6123815925159813,
        0.5953880149658513,
        0.5991864236044396
    ],
    "inputs_max": [
        [
            47,
            223,
            242
        ],
        [
            63,
            221,
            214
        ],
        [
            136,
            236,
            50
        ],
        [
            148,
            269,
            69
        ],
        [
            149,
            217,
            23
        ],
        [
            107,
            291,
            93
        ],
        [
            199,
            293,
            29
        ],
        [
            134,
            268,
            67
        ],
        [
            58,
            252,
            185
        ],
        [
            68,
            273,
            195
        ]
    ],
    "eigs": [
        0.026839815949022565,
        0.024286985097846867,
        0.13034170226413672,
        0.22842584191988763,
        0.06902205889009677,
        0.16837074689551246,
        0.1753732650883018,
        0.12844898308716432,
        0.09743135293757593,
        0.09048870406457188
    ]
}