{
    "eigs_regret": [
        0.6832970897721514,
        0.7267062157577457,
        0.7357362311064674,
        0.7224448845615873,
        0.74161374847981,
        0.7483565094437452,
        0.7420509670504453,
        0.6879398430357005,
        0.7478482193036858,
        0.7399671544700495
    ],
    "eigs_max": [
        0.6083897538928478,
        0.6661950237938564,
        0.6793522706033147,
        0.658189742228549,
        0.6646757669586841,
        0.6594384826996861,
        0.6524452473756628,
        0.6557102702606924,
        0.6788089772888131,
        0.6804437946448818
    ],
    "inputs_max": [
        [
            81,
            268,
            186
        ],
        [
            126,
            270,
            79
        ],
        [
            114,
            255,
            80
        ],
        [
            104,
            235,
            90
        ],
        [
            63,
            269,
            243
        ],
        [
            175,
            287,
            46
        ],
        [
            97,
            291,
            126
        ],
        [
            98,
            239,
            101
        ],
        [
            103,
            293,
            136
        ],
        [
            54,
            185,
            178
        ]
    ],
    "eigs": [
        -0.07490733587930365,
        -0.06051119196388934,
        -0.05638396050315263,
        -0.06425514233303832,
        -0.07693798152112591,
        -0.08891802674405916,
        -0.08960571967478251,
        -0.03222957277500819,
        -0.06903924201487277,
        -0.05952335982516766
    ]
}