{
    "eigs_regret": [
        0.5995001843589529,
        0.5465890497660518,
        0.584575901173001,
        0.660324705810052,
        0.6414945618522349,
        0.6709977343633597,
        0.663986547039878,
        0.6513597150375064,
        0.5566081777168719,
        0.6788809543494037
    ],
    "eigs_max": [
        0.662533443910766,
        0.6340612049906594,
        0.6624706827141922,
        0.6912518105982463,
        0.6962500708054062,
        0.6739456577083225,
        0.6656744982795489,
        0.6513597436617583,
        0.6506888560929878,
        0.6788788646448255
    ],
    "inputs_max": [
        [
            147,
            284,
            62
        ],
        [
            101,
            261,
            105
        ],
        [
            110,
            244,
            89
        ],
        [
            160,
            293,
            64
        ],
        [
            102,
            215,
            89
        ],
        [
            89,
            253,
            130
        ],
        [
            143,
            270,
            62
        ],
        [
            56,
            150,
            126
        ],
        [
            96,
            297,
            140
        ],
        [
            129,
            247,
            54
        ]
    ],
    "eigs": [
        0.06303325955181306,
        0.08747215522460756,
        0.07789478154119119,
        0.030927104788194302,
        0.05475550895317138,
        0.0029479233449627696,
        0.0016879512396709637,
        2.862425187162218e-08,
        0.09408067837611594,
        -2.0897045781847425e-06
    ]
}