{
    "eigs_regret": [
        0.6110942891432996,
        0.609451022919735,
        0.5925123977862263,
        0.6248375699685972,
        0.6346105226989147,
        0.6542599301248108,
        0.6664010960345536,
        0.6168941042127124,
        0.6360844945217272,
        0.6225050281612924
    ],
    "eigs_max": [
        0.6804336285430842,
        0.6665842162972415,
        0.6459950973287926,
        0.6972331472809785,
        0.7110619127652442,
        0.6663891009155312,
        0.676749227968696,
        0.6538798664500358,
        0.6759754104607774,
        0.6803999225736852
    ],
    "inputs_max": [
        [
            178,
            270,
            35
        ],
        [
            82,
            268,
            159
        ],
        [
            157,
            229,
            33
        ],
        [
            134,
            245,
            49
        ],
        [
            108,
            278,
            104
        ],
        [
            117,
            235,
            56
        ],
        [
            56,
            171,
            106
        ],
        [
            101,
            274,
            100
        ],
        [
            130,
            278,
            61
        ],
        [
            125,
            260,
            57
        ]
    ],
    "eigs": [
        0.0693393393997846,
        0.05713319337750659,
        0.05348269954256629,
        0.07239557731238133,
        0.07645139006632956,
        0.012129170790720418,
        0.010348131934142376,
        0.03698576223732346,
        0.03989091593905019,
        0.05789489441239281
    ]
}