{
    "eigs_regret": [
        0.6294829436738462,
        0.6272886643747773,
        0.4237527098892827,
        0.5195870040451143,
        0.5564892758077918,
        0.6364849049132087,
        0.49836324947232313,
        0.6475196123383576,
        0.6770852653390503,
        0.6492844850394345
    ],
    "eigs_max": [
        0.6435312788513871,
        0.6585698330261424,
        0.6636269453711564,
        0.669310426195865,
        0.6783020230818088,
        0.6461336275024457,
        0.6848424225354408,
        0.6502188473732403,
        0.6770312587715539,
        0.6578043313857885
    ],
    "inputs_max": [
        [
            65,
            288,
            254
        ],
        [
            64,
            200,
            168
        ],
        [
            154,
            234,
            37
        ],
        [
            84,
            233,
            158
        ],
        [
            102,
            296,
            142
        ],
        [
            119,
            186,
            43
        ],
        [
            97,
            206,
            85
        ],
        [
            73,
            201,
            148
        ],
        [
            80,
            233,
            159
        ],
        [
            97,
            283,
            163
        ]
    ],
    "eigs": [
        0.014048335177540847,
        0.031281168651365064,
        0.23987423548187367,
        0.14972342215075077,
        0.12181274727401692,
        0.009648722589236986,
        0.18647917306311768,
        0.002699235034882656,
        -5.4006567496385866e-05,
        0.00851984634635404
    ]
}