{
    "eigs_regret": [
        0.5776554002916372,
        0.5507759708575037,
        0.5968341310870965,
        0.5765560340809585,
        0.6674781186780979,
        0.6010148834764338,
        0.5995777642597495,
        0.5970418829303364,
        0.588419880983313,
        0.59946125079954
    ],
    "eigs_max": [
        0.6595513345299833,
        0.6482328056932175,
        0.6769120573788656,
        0.6427117066063035,
        0.7216881740257253,
        0.6873411137220347,
        0.6546347608298225,
        0.6566664051943292,
        0.6660703374496809,
        0.6771803552935887
    ],
    "inputs_max": [
        [
            113,
            285,
            116
        ],
        [
            169,
            292,
            57
        ],
        [
            94,
            280,
            148
        ],
        [
            154,
            244,
            47
        ],
        [
            85,
            264,
            165
        ],
        [
            151,
            272,
            64
        ],
        [
            136,
            210,
            33
        ],
        [
            160,
            277,
            46
        ],
        [
            178,
            294,
            42
        ],
        [
            125,
            273,
            82
        ]
    ],
    "eigs": [
        0.08189593423834603,
        0.09745683483571377,
        0.08007792629176909,
        0.06615567252534502,
        0.05421005534762737,
        0.08632623024560081,
        0.055056996570073014,
        0.0596245222639927,
        0.07765045646636798,
        0.0777191044940486
    ]
}