{
    "eigs_regret": [
        0.7285164523227055,
        0.7107739122196433,
        0.720242835558149,
        0.5664788186454561,
        0.7235587706288276,
        0.7329751790396173,
        0.7254688518332283,
        0.7214974393748141,
        0.729141395386158,
        0.7386710411845061
    ],
    "eigs_max": [
        0.6866080315128906,
        0.6403349765957377,
        0.6559415907493963,
        0.6517221776974502,
        0.6526340084168635,
        0.6638551541929562,
        0.655264641861407,
        0.6501783997527889,
        0.6654877235317801,
        0.6725727009607514
    ],
    "inputs_max": [
        [
            113,
            296,
            118
        ],
        [
            65,
            252,
            183
        ],
        [
            123,
            251,
            64
        ],
        [
            86,
            281,
            180
        ],
        [
            75,
            292,
            195
        ],
        [
            154,
            294,
            67
        ],
        [
            65,
            219,
            187
        ],
        [
            69,
            253,
            194
        ],
        [
            84,
            270,
            177
        ],
        [
            131,
            278,
            90
        ]
    ],
    "eigs": [
        -0.04190842080981482,
        -0.07043893562390556,
        -0.06430124480875281,
        0.08524335905199415,
        -0.07092476221196414,
        -0.0691200248466611,
        -0.07020420997182131,
        -0.0713190396220253,
        -0.06365367185437783,
        -0.06609834022375471
    ]
}