{
    "eigs_regret": [
        0.6004291056005542,
        0.6055435564632431,
        0.5362791085881322,
        0.685583179262719,
        0.6060380785914659,
        0.6555475728524399,
        0.6707006434066793,
        0.6507772459298868,
        0.6424920149374237,
        0.6519669275822467
    ],
    "eigs_max": [
        0.6612987075625778,
        0.695244670647951,
        0.6330663050572721,
        0.6891762701574542,
        0.6830994655739924,
        0.6992904330000465,
        0.6992717803813631,
        0.6843851810503045,
        0.6711351412871227,
        0.6769263788859649
    ],
    "inputs_max": [
        [
            81,
            163,
            75
        ],
        [
            67,
            193,
            140
        ],
        [
            69,
            256,
            224
        ],
        [
            102,
            238,
            87
        ],
        [
            52,
            264,
            282
        ],
        [
            110,
            289,
            107
        ],
        [
            70,
            162,
            107
        ],
        [
            186,
            271,
            37
        ],
        [
            54,
            258,
            271
        ],
        [
            82,
            169,
            73
        ]
    ],
    "eigs": [
        0.060869601962023664,
        0.08970111418470798,
        0.09678719646913987,
        0.0035930908947352023,
        0.07706138698252654,
        0.043742860147606547,
        0.028571136974683727,
        0.033607935120417765,
        0.028643126349698983,
        0.024959451303718114
    ]
}