{
    "eigs_regret": [
        0.6199382165238541,
        0.4935315882094234,
        0.2837380850630384,
        0.331925680175019,
        0.4379753071015038,
        0.562092766817914,
        0.5332860483376685,
        0.4934895107750401,
        0.4732669775820733,
        0.4854833615295636
    ],
    "eigs_max": [
        0.6252000964618237,
        0.6387154402329197,
        0.6200671969852485,
        0.6924249271435623,
        0.6476576391682315,
        0.6702688319291967,
        0.608734973327709,
        0.5910370401322738,
        0.5224794712808664,
        0.5526131495479146
    ],
    "inputs_max": [
        [
            115,
            191,
            53
        ],
        [
            84,
            187,
            72
        ],
        [
            110,
            170,
            43
        ],
        [
            106,
            263,
            82
        ],
        [
            89,
            228,
            117
        ],
        [
            127,
            290,
            84
        ],
        [
            48,
            269,
            311
        ],
        [
            61,
            295,
            251
        ],
        [
            128,
            178,
            31
        ],
        [
            100,
            208,
            69
        ]
    ],
    "eigs": [
        0.005261879937969697,
        0.14518385202349632,
        0.3363291119222101,
        0.3604992469685433,
        0.20968233206672768,
        0.10817606511128272,
        0.07544892499004055,
        0.09754752935723363,
        0.049212493698793054,
        0.067129788018351
    ]
}