{
    "eigs_regret": [
        0.6490904907095347,
        0.6493339961820631,
        0.5080219671249692,
        0.3687092423751419,
        0.3566212877427976,
        0.398062618825078,
        0.4968893177095435,
        0.37637139292209165,
        0.509852473864309,
        0.5055202805975125
    ],
    "eigs_max": [
        0.6528568743958634,
        0.6792128093183313,
        0.647157762975976,
        0.6435042528229394,
        0.6109073082931844,
        0.6068268700131125,
        0.5899494882987505,
        0.5528160934292816,
        0.6122349634133123,
        0.5451207283689078
    ],
    "inputs_max": [
        [
            55,
            175,
            148
        ],
        [
            79,
            292,
            179
        ],
        [
            100,
            199,
            74
        ],
        [
            52,
            188,
            202
        ],
        [
            47,
            222,
            207
        ],
        [
            50,
            166,
            105
        ],
        [
            74,
            261,
            100
        ],
        [
            40,
            293,
            225
        ],
        [
            138,
            237,
            24
        ],
        [
            54,
            237,
            114
        ]
    ],
    "eigs": [
        0.0037663836863286574,
        0.029878813136268164,
        0.13913579585100688,
        0.2747950104477975,
        0.2542860205503868,
        0.20876425118803454,
        0.093060170589207,
        0.17644470050719,
        0.10238248954900328,
        0.03960044777139527
    ]
}