{
    "eigs_regret": [
        0.651325847935609,
        0.6478579762964167,
        0.49024580646655347,
        0.6002409998953986,
        0.611068887272902,
        0.6283556799178915,
        0.6200947834753572,
        0.6387394227544622,
        0.6331101060925356,
        0.568766988749997
    ],
    "eigs_max": [
        0.6545369723287457,
        0.6583418623628771,
        0.6531554813501125,
        0.6628971451200907,
        0.6669785102033668,
        0.639786857882371,
        0.6613887673473909,
        0.6755957864844298,
        0.6561745630817193,
        0.6697882387981761
    ],
    "inputs_max": [
        [
            70,
            175,
            105
        ],
        [
            61,
            231,
            188
        ],
        [
            194,
            275,
            30
        ],
        [
            71,
            240,
            173
        ],
        [
            187,
            277,
            41
        ],
        [
            82,
            282,
            204
        ],
        [
            167,
            263,
            45
        ],
        [
            69,
            281,
            229
        ],
        [
            52,
            230,
            291
        ],
        [
            49,
            264,
            329
        ]
    ],
    "eigs": [
        0.003211124393136763,
        0.010483886066460389,
        0.162909674883559,
        0.06265614522469207,
        0.055909622930464864,
        0.011431177964479492,
        0.04129398387203372,
        0.036856363729967555,
        0.023064456989183663,
        0.10102125004817905
    ]
}