{
    "eigs_regret": [
        0.6420509101559002,
        0.5560312386127333,
        0.6186078488275321,
        0.6870028532373599,
        0.6270753372850923,
        0.5795425577995332,
        0.5992599664152208,
        0.6205832562356995,
        0.6234717845780893,
        0.6366385364753167
    ],
    "eigs_max": [
        0.6419883824243054,
        0.6456977111099396,
        0.6881998697136293,
        0.6865279503380893,
        0.6534130503030958,
        0.6247494992077357,
        0.633506004086461,
        0.648383941376467,
        0.6529751495760602,
        0.6596039089327773
    ],
    "inputs_max": [
        [
            119,
            264,
            74
        ],
        [
            82,
            219,
            114
        ],
        [
            199,
            296,
            31
        ],
        [
            150,
            229,
            36
        ],
        [
            124,
            276,
            94
        ],
        [
            149,
            268,
            48
        ],
        [
            66,
            200,
            130
        ],
        [
            143,
            295,
            76
        ],
        [
            132,
            227,
            52
        ],
        [
            65,
            282,
            270
        ]
    ],
    "eigs": [
        -6.252773159478836e-05,
        0.08966647249720629,
        0.06959202088609726,
        -0.00047490289927051176,
        0.026337713018003476,
        0.04520694140820246,
        0.03424603767124009,
        0.027800685140767507,
        0.02950336499797092,
        0.022965372457460657
    ]
}