{
    "eigs_regret": [
        0.6479503172788209,
        0.6560453669901748,
        0.5399639649303147,
        0.37261954728815433,
        0.5993628231697865,
        0.631868608314817,
        0.6337360460709685,
        0.6185198791329792,
        0.6298729427682673,
        0.5037448127924766
    ],
    "eigs_max": [
        0.6471088849329459,
        0.659101983118505,
        0.6801032005684795,
        0.6779639888450826,
        0.6341993948166998,
        0.6317962742807209,
        0.6583766872311012,
        0.6417974180455707,
        0.7014536163285138,
        0.6504010267589053
    ],
    "inputs_max": [
        [
            119,
            264,
            74
        ],
        [
            63,
            265,
            208
        ],
        [
            136,
            236,
            50
        ],
        [
            91,
            271,
            158
        ],
        [
            51,
            294,
            323
        ],
        [
            86,
            292,
            142
        ],
        [
            120,
            271,
            77
        ],
        [
            107,
            177,
            40
        ],
        [
            160,
            295,
            52
        ],
        [
            131,
            270,
            64
        ]
    ],
    "eigs": [
        -0.0008414323458749343,
        0.003056616128330206,
        0.14013923563816472,
        0.30534444155692825,
        0.03483657164691334,
        -7.233403409597813e-05,
        0.02464064116013275,
        0.02327753891259143,
        0.07158067356024647,
        0.14665621396642872
    ]
}