{
    "eigs_regret": [
        0.5753653066931129,
        0.6103063506519544,
        0.5751889861365513,
        0.6000805071037099,
        0.5740376155555486,
        0.6638458766447582,
        0.6797787377234811,
        0.6655509440801852,
        0.63269957987985,
        0.6292203651026848
    ],
    "eigs_max": [
        0.6634398508527295,
        0.7079742123854057,
        0.6586470247920118,
        0.6906386345667636,
        0.6803303060477119,
        0.7015260044277507,
        0.7002980913240533,
        0.7004833541767225,
        0.7062345326840209,
        0.6916462441095271
    ],
    "inputs_max": [
        [
            132,
            290,
            82
        ],
        [
            128,
            248,
            60
        ],
        [
            132,
            257,
            57
        ],
        [
            144,
            294,
            79
        ],
        [
            124,
            236,
            66
        ],
        [
            143,
            290,
            71
        ],
        [
            54,
            262,
            275
        ],
        [
            183,
            276,
            37
        ],
        [
            67,
            245,
            219
        ],
        [
            134,
            279,
            76
        ]
    ],
    "eigs": [
        0.08807454415961662,
        0.09766786173345131,
        0.08345803865546045,
        0.09055812746305372,
        0.10629269049216339,
        0.037680127782992505,
        0.020519353600572235,
        0.034932410096537234,
        0.07353495280417087,
        0.062425879006842405
    ]
}