{
    "eigs_regret": [
        0.600305515191842,
        0.60576967098059,
        0.614053797245483,
        0.5785848814534875,
        0.5849956530876306,
        0.5939090206922215,
        0.6151536569759968,
        0.5761828261241516,
        0.6293231739346111,
        0.6260374948126005
    ],
    "eigs_max": [
        0.6526600806984149,
        0.683947045756619,
        0.6758492852013098,
        0.6722765044742357,
        0.6604520580971692,
        0.6769962513626265,
        0.7073813450233398,
        0.6767542837802405,
        0.6733207873684092,
        0.679628893317558
    ],
    "inputs_max": [
        [
            69,
            165,
            115
        ],
        [
            70,
            285,
            221
        ],
        [
            90,
            157,
            49
        ],
        [
            131,
            290,
            89
        ],
        [
            140,
            270,
            73
        ],
        [
            77,
            253,
            182
        ],
        [
            108,
            299,
            123
        ],
        [
            98,
            242,
            108
        ],
        [
            167,
            278,
            41
        ],
        [
            108,
            208,
            66
        ]
    ],
    "eigs": [
        0.05235456550657277,
        0.07817737477602905,
        0.061795487955826775,
        0.09369162302074822,
        0.0754564050095386,
        0.08308723067040505,
        0.09222768804734305,
        0.10057145765608892,
        0.043997613433797995,
        0.05359139850495754
    ]
}