{
    "eigs_regret": [
        0.5962619074782498,
        0.6479176396456883,
        0.6173381677455982,
        0.6398012263806558,
        0.642113285409626,
        0.6122212890930383,
        0.6420330645307213,
        0.6492287084482382,
        0.643446624722848,
        0.5795219524024757
    ],
    "eigs_max": [
        0.6721765044741831,
        0.7091010766789736,
        0.709973655301665,
        0.6749371232955055,
        0.6743812147490255,
        0.6573077910547451,
        0.6756343023622866,
        0.6522546678307285,
        0.6550971255648775,
        0.6035312073560881
    ],
    "inputs_max": [
        [
            91,
            266,
            141
        ],
        [
            111,
            227,
            69
        ],
        [
            126,
            249,
            68
        ],
        [
            143,
            293,
            71
        ],
        [
            91,
            262,
            122
        ],
        [
            111,
            218,
            68
        ],
        [
            153,
            249,
            47
        ],
        [
            110,
            244,
            89
        ],
        [
            136,
            209,
            37
        ],
        [
            71,
            204,
            160
        ]
    ],
    "eigs": [
        0.07591459699593327,
        0.061183437033285284,
        0.09263548755606671,
        0.03513589691484961,
        0.03226792933939951,
        0.045086501961706806,
        0.03360123783156531,
        0.0030259593824902556,
        0.011650500842029584,
        0.02400925495361244
    ]
}