{
    "eigs_regret": [
        0.5947303378159859,
        0.5932865018070275,
        0.6665648940858354,
        0.6184028699179939,
        0.6058421970319603,
        0.624771237241886,
        0.6581153645682359,
        0.6386156823268382,
        0.6160362377818519,
        0.5609797892291493
    ],
    "eigs_max": [
        0.6683254819470211,
        0.6109297156348814,
        0.6896423658072818,
        0.6431943152233078,
        0.6267334726131072,
        0.634747082553699,
        0.6853911408648885,
        0.6673173616362783,
        0.6428347291567643,
        0.6055049272681756
    ],
    "inputs_max": [
        [
            169,
            259,
            36
        ],
        [
            146,
            274,
            77
        ],
        [
            102,
            299,
            130
        ],
        [
            96,
            274,
            139
        ],
        [
            144,
            190,
            20
        ],
        [
            136,
            295,
            70
        ],
        [
            185,
            294,
            40
        ],
        [
            170,
            273,
            43
        ],
        [
            156,
            218,
            31
        ],
        [
            95,
            274,
            113
        ]
    ],
    "eigs": [
        0.07359514413103523,
        0.017643213827853964,
        0.02307747172144632,
        0.02479144530531398,
        0.02089127558114689,
        0.009975845311813015,
        0.0272757762966526,
        0.02870167930944016,
        0.026798491374912446,
        0.044525138039026406
    ]
}