{
    "eigs_regret": [
        0.6445984487409494,
        0.6401270060836717,
        0.59711307289921,
        0.6127361838822201,
        0.6064597949399275,
        0.6118029498261515,
        0.641618251015522,
        0.6216601167226962,
        0.6648021668759472,
        0.6551079579802824
    ],
    "eigs_max": [
        0.6506022059427523,
        0.6736175126725429,
        0.6699300661698624,
        0.6467352281856338,
        0.6743839246721077,
        0.6963717687775517,
        0.6834800173181891,
        0.6796603861776883,
        0.6994182582986823,
        0.6828022859774014
    ],
    "inputs_max": [
        [
            72,
            290,
            186
        ],
        [
            84,
            193,
            102
        ],
        [
            157,
            286,
            70
        ],
        [
            57,
            248,
            241
        ],
        [
            70,
            255,
            179
        ],
        [
            89,
            272,
            156
        ],
        [
            108,
            289,
            126
        ],
        [
            111,
            214,
            65
        ],
        [
            76,
            243,
            162
        ],
        [
            91,
            219,
            117
        ]
    ],
    "eigs": [
        0.006003757201802944,
        0.03349050658887116,
        0.07281699327065243,
        0.03399904430341377,
        0.06792412973218023,
        0.08456881895140028,
        0.041861766302667094,
        0.058000269454992134,
        0.03461609142273515,
        0.027694327997119003
    ]
}