{
    "eigs_regret": [
        0.5918678574301739,
        0.568884020280933,
        0.6117110599655852,
        0.6157475395526625,
        0.6533672392523354,
        0.6705334091759423,
        0.6140434317371313,
        0.6168416060847217,
        0.6742846173681855,
        0.6413337147810216
    ],
    "eigs_max": [
        0.662930940992937,
        0.6613564440978459,
        0.6309494697656209,
        0.6439592045646549,
        0.6543163973687618,
        0.6852878543752163,
        0.6444753561675716,
        0.6347895923027962,
        0.6855543113608299,
        0.6622257752852307
    ],
    "inputs_max": [
        [
            109,
            202,
            56
        ],
        [
            97,
            207,
            73
        ],
        [
            162,
            253,
            31
        ],
        [
            108,
            276,
            82
        ],
        [
            131,
            267,
            72
        ],
        [
            121,
            254,
            77
        ],
        [
            79,
            273,
            166
        ],
        [
            105,
            217,
            79
        ],
        [
            103,
            250,
            98
        ],
        [
            73,
            259,
            171
        ]
    ],
    "eigs": [
        0.07106308356276318,
        0.0924724238169129,
        0.019238409800035723,
        0.028211665011992473,
        0.0009491581164263531,
        0.01475444519927403,
        0.030431924430440297,
        0.01794798621807446,
        0.011269693992644403,
        0.020892060504209085
    ]
}