{
    "eigs_regret": [
        0.576993315027739,
        0.6077190258809666,
        0.5823737942115597,
        0.6868993401938064,
        0.6595305620708886,
        0.625854035741051,
        0.6239083319055492,
        0.6186260751903595,
        0.5673705834989444,
        0.556410147680985
    ],
    "eigs_max": [
        0.6545098036633268,
        0.668276315514056,
        0.6554525596022243,
        0.6919000942519502,
        0.6832819198077966,
        0.6277080401688597,
        0.6407168309464458,
        0.6251362162041277,
        0.6213750360299598,
        0.6426740908239638
    ],
    "inputs_max": [
        [
            108,
            214,
            70
        ],
        [
            81,
            260,
            162
        ],
        [
            74,
            281,
            240
        ],
        [
            87,
            178,
            68
        ],
        [
            65,
            265,
            202
        ],
        [
            58,
            266,
            224
        ],
        [
            157,
            268,
            49
        ],
        [
            92,
            282,
            164
        ],
        [
            40,
            232,
            296
        ],
        [
            66,
            261,
            176
        ]
    ],
    "eigs": [
        0.07751648863558776,
        0.060557289633089414,
        0.07307876539066456,
        0.005000754058143765,
        0.023751357736908042,
        0.0018540044278087407,
        0.01680849904089664,
        0.0065101410137681824,
        0.054004452531015434,
        0.0862639431429788
    ]
}