{
    "eigs_regret": [
        0.6100378901844853,
        0.6635007700392687,
        0.6126019903786155,
        0.6525109820692809,
        0.6492152040320708,
        0.651139419854006,
        0.6242215559861128,
        0.6115211679888245,
        0.6088173838442161,
        0.6039974812457167
    ],
    "eigs_max": [
        0.6346472314257269,
        0.6851248551781495,
        0.6441283061956078,
        0.6525139682251404,
        0.6492152040344963,
        0.651139419854006,
        0.6864188427470937,
        0.6939401068014102,
        0.6984887805395702,
        0.6993347603384953
    ],
    "inputs_max": [
        [
            152,
            219,
            29
        ],
        [
            99,
            262,
            111
        ],
        [
            41,
            165,
            221
        ],
        [
            55,
            291,
            287
        ],
        [
            119,
            287,
            93
        ],
        [
            63,
            235,
            192
        ],
        [
            107,
            218,
            73
        ],
        [
            87,
            279,
            150
        ],
        [
            114,
            266,
            95
        ],
        [
            85,
            190,
            92
        ]
    ],
    "eigs": [
        0.02460934124124161,
        0.021624085138880842,
        0.03152631581699224,
        2.9861558594517552e-06,
        2.4255315169557923e-12,
        0.0,
        0.06219728676098094,
        0.08241893881258568,
        0.08967139669535405,
        0.0953372790927786
    ]
}