{
    "eigs_regret": [
        0.5856219647341543,
        0.5912156434838385,
        0.6239600009213058,
        0.5895397778114994,
        0.5904306027750263,
        0.6362530686367114,
        0.6128134526795709,
        0.6368818342623115,
        0.6652363956518635,
        0.6548565176525258
    ],
    "eigs_max": [
        0.6503258100253906,
        0.6728806081440368,
        0.6903635874055757,
        0.6761009404004635,
        0.6702537326889635,
        0.6835811154894557,
        0.6721265596639903,
        0.7203691819251105,
        0.7089405580027061,
        0.7124303999783541
    ],
    "inputs_max": [
        [
            56,
            279,
            235
        ],
        [
            103,
            189,
            58
        ],
        [
            104,
            262,
            98
        ],
        [
            63,
            258,
            188
        ],
        [
            71,
            280,
            209
        ],
        [
            199,
            289,
            40
        ],
        [
            72,
            259,
            207
        ],
        [
            65,
            195,
            140
        ],
        [
            64,
            299,
            284
        ],
        [
            74,
            261,
            173
        ]
    ],
    "eigs": [
        0.06470384529123628,
        0.08166496466019835,
        0.06640358648426989,
        0.08656116258896414,
        0.07982312991393718,
        0.047328046852744256,
        0.059313106984419356,
        0.08348734766279897,
        0.04370416235084255,
        0.05757388232582825
    ]
}