{
    "eigs_regret": [
        0.5774174638156249,
        0.5659957752075725,
        0.5913005976430131,
        0.571302780721069,
        0.6656031265090739,
        0.6692808914020771,
        0.6809537394523186,
        0.5509698679306331,
        0.5697126977871415,
        0.6045601331099897
    ],
    "eigs_max": [
        0.6578999156068431,
        0.6556705106311913,
        0.6804350234372332,
        0.6919569729075313,
        0.6724944524692199,
        0.6701107073414623,
        0.6809537394523186,
        0.6551048887074405,
        0.6774392485977413,
        0.6898672318351502
    ],
    "inputs_max": [
        [
            119,
            296,
            108
        ],
        [
            86,
            213,
            114
        ],
        [
            135,
            245,
            57
        ],
        [
            58,
            215,
            188
        ],
        [
            67,
            274,
            249
        ],
        [
            74,
            240,
            167
        ],
        [
            188,
            280,
            32
        ],
        [
            80,
            249,
            166
        ],
        [
            47,
            284,
            318
        ],
        [
            69,
            213,
            152
        ]
    ],
    "eigs": [
        0.0804824517912183,
        0.08967473542361881,
        0.08913442579422,
        0.1206541921864623,
        0.006891325960146019,
        0.0008298159393851095,
        0.0,
        0.10413502077680743,
        0.10772655081059974,
        0.0853070987251605
    ]
}