{
    "eigs_regret": [
        0.534524699074562,
        0.588646459971942,
        0.6203272022232704,
        0.6507644857877172,
        0.629061096313305,
        0.5963369720155327,
        0.6186396145352235,
        0.6453942535287817,
        0.6589398720733399,
        0.6245859271059822
    ],
    "eigs_max": [
        0.6172133515350258,
        0.6236719019005893,
        0.6496747688877327,
        0.6776429578563009,
        0.659039791884286,
        0.6439672917876267,
        0.6767150751881283,
        0.6792613111790398,
        0.7081191729351971,
        0.6485676203852422
    ],
    "inputs_max": [
        [
            86,
            215,
            130
        ],
        [
            80,
            289,
            168
        ],
        [
            61,
            184,
            135
        ],
        [
            190,
            274,
            32
        ],
        [
            64,
            235,
            192
        ],
        [
            95,
            296,
            152
        ],
        [
            143,
            217,
            42
        ],
        [
            132,
            271,
            74
        ],
        [
            122,
            281,
            99
        ],
        [
            55,
            295,
            357
        ]
    ],
    "eigs": [
        0.08268865246046371,
        0.035025441928647344,
        0.029347566664462282,
        0.026878472068583698,
        0.02997869557098104,
        0.04763031977209396,
        0.058075460652904844,
        0.033867057650258055,
        0.04917930086185716,
        0.02398169327926004
    ]
}