{
    "eigs_regret": [
        0.6371501453006512,
        0.6326381277131244,
        0.6069053897274841,
        0.6391876729740091,
        0.4685459527372771,
        0.5745822378207789,
        0.6211966430350723,
        0.6302463446993937,
        0.6077956135090397,
        0.6258026297549698
    ],
    "eigs_max": [
        0.6553258946837257,
        0.6518630179357405,
        0.6335013378051289,
        0.6756367893104598,
        0.6669551200139875,
        0.6506363060159088,
        0.7035310078187271,
        0.6795455185535269,
        0.6643369351715762,
        0.6811770161623469
    ],
    "inputs_max": [
        [
            119,
            264,
            74
        ],
        [
            151,
            289,
            73
        ],
        [
            119,
            207,
            52
        ],
        [
            99,
            196,
            81
        ],
        [
            72,
            263,
            202
        ],
        [
            71,
            269,
            229
        ],
        [
            70,
            264,
            232
        ],
        [
            116,
            249,
            94
        ],
        [
            79,
            288,
            244
        ],
        [
            114,
            289,
            146
        ]
    ],
    "eigs": [
        0.01817574938307454,
        0.019224890222616062,
        0.026595948077644708,
        0.03644911633645067,
        0.19840916727671037,
        0.07605406819512993,
        0.08233436478365481,
        0.049299173854133176,
        0.05654132166253659,
        0.05537438640737716
    ]
}