{
    "eigs_regret": [
        0.6481274509004392,
        0.6593261350616687,
        0.633084067832885,
        0.6224131939558115,
        0.4559199367051521,
        0.5798180312936767,
        0.5859821030548545,
        0.5913688487435432,
        0.5723332622938364,
        0.5745792296886528
    ],
    "eigs_max": [
        0.6705868512657059,
        0.6917372543654319,
        0.6513040399729232,
        0.6803791076475384,
        0.6779743863225319,
        0.6679773200589553,
        0.6657957137863166,
        0.6840856949641607,
        0.6602379322742266,
        0.6566994449049364
    ],
    "inputs_max": [
        [
            113,
            285,
            116
        ],
        [
            142,
            239,
            46
        ],
        [
            58,
            171,
            152
        ],
        [
            58,
            296,
            314
        ],
        [
            51,
            267,
            315
        ],
        [
            80,
            279,
            212
        ],
        [
            188,
            278,
            40
        ],
        [
            145,
            265,
            70
        ],
        [
            57,
            241,
            255
        ],
        [
            60,
            276,
            343
        ]
    ],
    "eigs": [
        0.022459400365266682,
        0.0324111193037632,
        0.018219972140038215,
        0.057965913691726885,
        0.22205444961737988,
        0.08815928876527855,
        0.07981361073146206,
        0.09271684622061746,
        0.08790466998039015,
        0.08212021521628356
    ]
}