{
    "eigs_regret": [
        0.6604065555196527,
        0.5822050218131851,
        0.6088725522368573,
        0.6317151188740024,
        0.6394830889824711,
        0.6180022654062867,
        0.6530904426505405,
        0.6656713792324512,
        0.6693577718314562,
        0.6331272558258066
    ],
    "eigs_max": [
        0.6621114145438484,
        0.6545132830383784,
        0.6282997261158453,
        0.6343036958329001,
        0.6394830889824711,
        0.6228508412095833,
        0.664677322629503,
        0.6676380755307028,
        0.6717646767498354,
        0.6401013752826931
    ],
    "inputs_max": [
        [
            129,
            230,
            57
        ],
        [
            114,
            215,
            69
        ],
        [
            152,
            252,
            41
        ],
        [
            166,
            275,
            53
        ],
        [
            100,
            287,
            146
        ],
        [
            62,
            279,
            246
        ],
        [
            96,
            281,
            136
        ],
        [
            100,
            271,
            119
        ],
        [
            123,
            253,
            71
        ],
        [
            72,
            264,
            168
        ]
    ],
    "eigs": [
        0.0017048590241956563,
        0.07230826122519332,
        0.019427173878987916,
        0.002588576958897713,
        0.0,
        0.004848575803296633,
        0.01158687997896243,
        0.001966696298251512,
        0.0024069049183792364,
        0.006974119456886381
    ]
}