{
    "eigs_regret": [
        0.606321577252346,
        0.6032476850475019,
        0.5840420426122547,
        0.606518011436638,
        0.5661623861440852,
        0.6534033216172281,
        0.6145399656572438,
        0.6131750291778735,
        0.5924213117863292,
        0.5954393964142655
    ],
    "eigs_max": [
        0.6679066080853021,
        0.6749681050381791,
        0.680811234720192,
        0.6736355819899413,
        0.6704806640635286,
        0.657789887771068,
        0.6638238152561455,
        0.6965840335124633,
        0.6906045241898078,
        0.6464826237261573
    ],
    "inputs_max": [
        [
            104,
            190,
            63
        ],
        [
            85,
            297,
            182
        ],
        [
            80,
            252,
            150
        ],
        [
            41,
            140,
            188
        ],
        [
            79,
            192,
            87
        ],
        [
            55,
            189,
            195
        ],
        [
            131,
            259,
            73
        ],
        [
            147,
            293,
            63
        ],
        [
            175,
            276,
            46
        ],
        [
            95,
            266,
            129
        ]
    ],
    "eigs": [
        0.061585030832956134,
        0.07172041999067716,
        0.0967691921079373,
        0.06711757055330342,
        0.10431827791944333,
        0.0043865661538398555,
        0.04928384959890178,
        0.08340900433458989,
        0.09818321240347859,
        0.05104322731189182
    ]
}