{
    "eigs_regret": [
        0.6639135896298272,
        0.6804653713854226,
        0.46654267663465976,
        0.530439340364041,
        0.44286106619479026,
        0.5633068324265966,
        0.5730666818656037,
        0.5410311327256924,
        0.5785605380655924,
        0.49637775385535793
    ],
    "eigs_max": [
        0.6641294639544184,
        0.687941685394363,
        0.6517817471222566,
        0.6717728828251907,
        0.6711727129996841,
        0.6281053897625292,
        0.6512197294851284,
        0.6087318367600075,
        0.6265040113096819,
        0.5502388726969666
    ],
    "inputs_max": [
        [
            73,
            245,
            160
        ],
        [
            127,
            233,
            63
        ],
        [
            76,
            291,
            217
        ],
        [
            124,
            258,
            35
        ],
        [
            75,
            265,
            84
        ],
        [
            130,
            243,
            28
        ],
        [
            86,
            263,
            65
        ],
        [
            45,
            192,
            95
        ],
        [
            43,
            292,
            157
        ],
        [
            38,
            192,
            105
        ]
    ],
    "eigs": [
        0.0002158743245912965,
        0.007476314008940364,
        0.18523907048759677,
        0.1413335424611497,
        0.22831164680489383,
        0.06479855733593248,
        0.07815304761952468,
        0.06770070403431515,
        0.047943473244089534,
        0.05386111884160865
    ]
}