{
    "eigs_regret": [
        0.6045038566889668,
        0.5580875183594556,
        0.5842919981471195,
        0.6257469388674394,
        0.6101162983950896,
        0.6327928049538323,
        0.6344243004807281,
        0.5941229789454616,
        0.2770162529353399,
        0.23242588154000215
    ],
    "eigs_max": [
        0.6842745102937269,
        0.6325967153500639,
        0.669521186196285,
        0.6780668764437062,
        0.6606863798828059,
        0.6773546769507643,
        0.6931840601520596,
        0.6557152826406077,
        0.6620163384099542,
        0.6670821410255587
    ],
    "inputs_max": [
        [
            115,
            256,
            92
        ],
        [
            51,
            276,
            308
        ],
        [
            38,
            136,
            176
        ],
        [
            105,
            282,
            125
        ],
        [
            91,
            217,
            104
        ],
        [
            95,
            268,
            108
        ],
        [
            166,
            277,
            46
        ],
        [
            38,
            203,
            323
        ],
        [
            103,
            261,
            103
        ],
        [
            113,
            293,
            88
        ]
    ],
    "eigs": [
        0.0797706536047601,
        0.07450919699060833,
        0.08522918804916543,
        0.052319937576266816,
        0.05057008148771625,
        0.04456187199693207,
        0.058759759671331506,
        0.06159230369514609,
        0.38500008547461434,
        0.4346562594855566
    ]
}