{
    "eigs_regret": [
        0.6918750494162715,
        0.6290565875505633,
        0.5203362296592805,
        0.4110926612359511,
        0.5243876081158618,
        0.5402071252418942,
        0.6185847366279923,
        0.6617547753706373,
        0.6102280386227305,
        0.6332338849632141
    ],
    "eigs_max": [
        0.6940621980161084,
        0.6571351644687858,
        0.6575268906487038,
        0.6656856770370911,
        0.6653374944365522,
        0.6323158054159217,
        0.6326169925191993,
        0.6599343079413088,
        0.6102236885658797,
        0.634349249404046
    ],
    "inputs_max": [
        [
            93,
            265,
            135
        ],
        [
            69,
            272,
            214
        ],
        [
            64,
            290,
            235
        ],
        [
            139,
            291,
            93
        ],
        [
            132,
            253,
            85
        ],
        [
            82,
            291,
            238
        ],
        [
            115,
            297,
            144
        ],
        [
            166,
            293,
            64
        ],
        [
            34,
            167,
            318
        ],
        [
            41,
            175,
            260
        ]
    ],
    "eigs": [
        0.0021871485998367843,
        0.02807857691822262,
        0.1371906609894233,
        0.25459301580114,
        0.14094988632069033,
        0.09210868017402747,
        0.014032255891207096,
        -0.0018204674293285077,
        -4.35005685072792e-06,
        0.0011153644408319868
    ]
}