{
    "eigs_regret": [
        0.6568327994957631,
        0.6385501778851644,
        0.6701651978747568,
        0.6448392157488722,
        0.6533945168008433,
        0.6895098956481003,
        0.645041332823615,
        0.659579778330941,
        0.6499009576965141,
        0.6754800653684088
    ],
    "eigs_max": [
        0.6568327994957557,
        0.6385501778951461,
        0.6701651978748487,
        0.6448392157488757,
        0.6533945192113516,
        0.6895098956485951,
        0.6450413328236685,
        0.6595797783309717,
        0.6499009576760408,
        0.6754800653684122
    ],
    "inputs_max": [
        [
            51,
            224,
            225
        ],
        [
            75,
            198,
            116
        ],
        [
            83,
            213,
            120
        ],
        [
            162,
            258,
            47
        ],
        [
            88,
            298,
            166
        ],
        [
            75,
            296,
            207
        ],
        [
            47,
            214,
            234
        ],
        [
            104,
            219,
            73
        ],
        [
            82,
            226,
            125
        ],
        [
            163,
            265,
            44
        ]
    ],
    "eigs": [
        -7.456622125312506e-15,
        9.981659136390487e-12,
        9.194899876219243e-14,
        3.606781540099746e-15,
        2.410508303869047e-09,
        4.948516926089886e-13,
        5.35044925031869e-14,
        3.074080573428617e-14,
        -2.0473235613771567e-11,
        3.3945433269844115e-15
    ]
}