{
    "eigs_regret": [
        0.7112917794792628,
        0.687248767093543,
        0.7140763214343698,
        0.6560767764604685,
        0.5365730487094154,
        0.6767243057467799,
        0.7254657935521133,
        0.7238428605159973,
        0.7247464988788802,
        0.7618936798266878
    ],
    "eigs_max": [
        0.6448655786094425,
        0.630641831150107,
        0.6492588350258479,
        0.6418168752263795,
        0.6606087141323377,
        0.6496608549346816,
        0.6629729532890081,
        0.6526735778423424,
        0.6461964677785044,
        0.6809662600902768
    ],
    "inputs_max": [
        [
            94,
            298,
            141
        ],
        [
            128,
            209,
            39
        ],
        [
            179,
            270,
            34
        ],
        [
            76,
            173,
            96
        ],
        [
            72,
            216,
            153
        ],
        [
            115,
            197,
            42
        ],
        [
            97,
            288,
            128
        ],
        [
            80,
            200,
            92
        ],
        [
            48,
            151,
            149
        ],
        [
            185,
            281,
            32
        ]
    ],
    "eigs": [
        -0.06642620086982037,
        -0.05660693594343605,
        -0.06481748640852189,
        -0.014259901234088946,
        0.12403566542292237,
        -0.027063450812098266,
        -0.062492840263105205,
        -0.07116928267365495,
        -0.07855003110037581,
        -0.08092741973641088
    ]
}