{
    "eigs_regret": [
        0.51661283795212,
        0.6630895557102029,
        0.5929237464724623,
        0.5380372603547208,
        0.5798703816613274,
        0.6223018112600085,
        0.6061712899120842,
        0.6334134203836423,
        0.6402323661384541,
        0.6197961637483176
    ],
    "eigs_max": [
        0.6377101369936065,
        0.6812372413681618,
        0.6717134391396186,
        0.6509748983068058,
        0.6816927534149745,
        0.6564582141164631,
        0.6223590300103663,
        0.6573155977990548,
        0.6714657743170803,
        0.6458847518888394
    ],
    "inputs_max": [
        [
            50,
            200,
            176
        ],
        [
            123,
            292,
            100
        ],
        [
            132,
            268,
            75
        ],
        [
            120,
            247,
            83
        ],
        [
            146,
            254,
            65
        ],
        [
            82,
            171,
            85
        ],
        [
            63,
            213,
            143
        ],
        [
            75,
            282,
            171
        ],
        [
            140,
            214,
            36
        ],
        [
            121,
            273,
            76
        ]
    ],
    "eigs": [
        0.12109729904148642,
        0.01814768565795893,
        0.07878969266715632,
        0.112937637952085,
        0.1018223717536471,
        0.03415640285645466,
        0.01618774009828204,
        0.023902177415412503,
        0.031233408178626222,
        0.02608858814052179
    ]
}