{
    "eigs_regret": [
        0.6107693209444951,
        0.6551987855576021,
        0.6283339364612098,
        0.6512116065462987,
        0.659852766043141,
        0.6513293305777285,
        0.5758674358875527,
        0.636549736857554,
        0.6426176779657311,
        0.6163824989200066
    ],
    "eigs_max": [
        0.6393411040398895,
        0.6754994903923668,
        0.6631070821699369,
        0.6512051133045204,
        0.65985276604408,
        0.6513293305777285,
        0.6388059201679887,
        0.7078333174061652,
        0.6620286390303669,
        0.6428859465276333
    ],
    "inputs_max": [
        [
            117,
            221,
            72
        ],
        [
            106,
            280,
            105
        ],
        [
            194,
            275,
            30
        ],
        [
            158,
            257,
            50
        ],
        [
            123,
            241,
            79
        ],
        [
            62,
            238,
            192
        ],
        [
            75,
            230,
            155
        ],
        [
            157,
            263,
            49
        ],
        [
            103,
            254,
            103
        ],
        [
            110,
            298,
            109
        ]
    ],
    "eigs": [
        0.028571783095394456,
        0.02030070483476466,
        0.034773145708727,
        -6.4932417784016525e-06,
        9.390260444219756e-13,
        0.0,
        0.06293848428043594,
        0.07128358054861121,
        0.019410961064635794,
        0.026503447607626653
    ]
}