{
    "eigs_regret": [
        0.695475894830759,
        0.7005954930587814,
        0.6268616349233508,
        0.7214692287165075,
        0.5835946708726168,
        0.7228325171967777,
        0.5200376928628161,
        0.7193692795138127,
        0.7412335738313043,
        0.6591778966202312
    ],
    "eigs_max": [
        0.6554632001385086,
        0.6593725887566642,
        0.5977801873011861,
        0.6541721008454002,
        0.6625089353055319,
        0.6453603018140611,
        0.6592127947116695,
        0.6250001692167889,
        0.657185658979635,
        0.5930588169452733
    ],
    "inputs_max": [
        [
            104,
            245,
            96
        ],
        [
            88,
            245,
            136
        ],
        [
            82,
            191,
            73
        ],
        [
            169,
            298,
            57
        ],
        [
            124,
            289,
            94
        ],
        [
            141,
            281,
            77
        ],
        [
            146,
            292,
            71
        ],
        [
            127,
            187,
            28
        ],
        [
            107,
            296,
            104
        ],
        [
            91,
            272,
            143
        ]
    ],
    "eigs": [
        -0.04001269469225042,
        -0.04122290430211733,
        -0.029081447622164705,
        -0.06729712787110728,
        0.07891426443291501,
        -0.07747221538271656,
        0.13917510184885346,
        -0.09436911029702376,
        -0.08404791485166924,
        -0.06611907967495792
    ]
}