{
    "eigs_regret": [
        0.5905478856255603,
        0.6415528951169595,
        0.5409449415319638,
        0.5606494087502627,
        0.5761329980431622,
        0.5921782749834319,
        0.6088134158846608,
        0.6161978544824338,
        0.6200972676542189,
        0.6179775007696513
    ],
    "eigs_max": [
        0.669694614169499,
        0.6674665436247,
        0.6408399004936018,
        0.6591247301784379,
        0.6698683135058443,
        0.6461992081386024,
        0.6636975308770225,
        0.6669137581472416,
        0.6855982025875178,
        0.6481981488254142
    ],
    "inputs_max": [
        [
            73,
            253,
            169
        ],
        [
            70,
            260,
            182
        ],
        [
            46,
            219,
            319
        ],
        [
            100,
            258,
            114
        ],
        [
            185,
            273,
            35
        ],
        [
            134,
            205,
            41
        ],
        [
            59,
            277,
            270
        ],
        [
            45,
            157,
            198
        ],
        [
            147,
            258,
            60
        ],
        [
            70,
            279,
            270
        ]
    ],
    "eigs": [
        0.07914672854393882,
        0.02591364850774056,
        0.099894958961638,
        0.09847532142817512,
        0.09373531546268211,
        0.05402093315517051,
        0.054884114992361774,
        0.05071590366480782,
        0.06550093493329895,
        0.030220648055762814
    ]
}