{
    "eigs_regret": [
        0.5802968016594103,
        0.596167584777805,
        0.685754565179077,
        0.6468306609773075,
        0.5736018944725522,
        0.6194848543231929,
        0.6783059839368318,
        0.6514103400021629,
        0.6120700316350737,
        0.6151807171558916
    ],
    "eigs_max": [
        0.6524813961802658,
        0.6665759119492094,
        0.6855696390465705,
        0.6590854900607317,
        0.6689805706691916,
        0.6981231183047876,
        0.6778617796129642,
        0.6752449459098729,
        0.6870020353637838,
        0.6872448473285597
    ],
    "inputs_max": [
        [
            119,
            264,
            74
        ],
        [
            94,
            264,
            130
        ],
        [
            171,
            242,
            31
        ],
        [
            105,
            259,
            106
        ],
        [
            90,
            221,
            111
        ],
        [
            146,
            276,
            61
        ],
        [
            115,
            288,
            116
        ],
        [
            96,
            245,
            128
        ],
        [
            74,
            267,
            195
        ],
        [
            132,
            251,
            65
        ]
    ],
    "eigs": [
        0.0721845945208555,
        0.07040832717140444,
        -0.0001849261325063854,
        0.012254829083424266,
        0.0953786761966394,
        0.07863826398159464,
        -0.0004442043238676351,
        0.02383460590771007,
        0.07493200372871009,
        0.07206413017266805
    ]
}