{
    "eigs_regret": [
        0.581729840230598,
        0.5897254216217085,
        0.6099238031815438,
        0.5615912667016004,
        0.5937421964601026,
        0.6342756340837138,
        0.6274452203880005,
        0.6216211364961457,
        0.6009039809154267,
        0.583447900762849
    ],
    "eigs_max": [
        0.6622731965194332,
        0.6523203966762542,
        0.6586414365901728,
        0.6426329600338466,
        0.6674191866540046,
        0.6692689093809443,
        0.6675198483146774,
        0.6644319081557402,
        0.6510585089908841,
        0.6368949339911119
    ],
    "inputs_max": [
        [
            119,
            264,
            74
        ],
        [
            117,
            256,
            96
        ],
        [
            186,
            287,
            40
        ],
        [
            109,
            260,
            89
        ],
        [
            42,
            255,
            360
        ],
        [
            94,
            287,
            140
        ],
        [
            62,
            264,
            196
        ],
        [
            142,
            281,
            67
        ],
        [
            90,
            195,
            82
        ],
        [
            123,
            185,
            41
        ]
    ],
    "eigs": [
        0.0805433562888351,
        0.0625949750545457,
        0.04871763340862898,
        0.08104169333224619,
        0.07367699019390199,
        0.03499327529723053,
        0.04007462792667683,
        0.04281077165959449,
        0.05015452807545738,
        0.05344703322826278
    ]
}