{
    "eigs_regret": [
        0.6832697456755521,
        0.6746792441406099,
        0.5268992519151315,
        0.6585066781432243,
        0.6266088997887023,
        0.5645553275566526,
        0.6129932443019991,
        0.6115513363502706,
        0.6276218614290889,
        0.6220653803488837
    ],
    "eigs_max": [
        0.6827208982710017,
        0.6785175293161667,
        0.6462975605921467,
        0.6947327951054291,
        0.6575707623887179,
        0.6645533426303984,
        0.6584250642505851,
        0.6593884802085906,
        0.6479280178278799,
        0.6608775777681773
    ],
    "inputs_max": [
        [
            114,
            279,
            92
        ],
        [
            184,
            266,
            29
        ],
        [
            63,
            213,
            188
        ],
        [
            94,
            286,
            135
        ],
        [
            76,
            181,
            101
        ],
        [
            126,
            265,
            71
        ],
        [
            134,
            244,
            60
        ],
        [
            52,
            296,
            360
        ],
        [
            65,
            215,
            170
        ],
        [
            130,
            251,
            78
        ]
    ],
    "eigs": [
        -0.0005488474045503966,
        0.0038382851755568454,
        0.11939830867701522,
        0.036226116962204756,
        0.03096186260001564,
        0.09999801507374584,
        0.04543181994858598,
        0.04783714385832008,
        0.02030615639879092,
        0.03881219741929367
    ]
}