{
    "eigs_regret": [
        0.659881194394874,
        0.6540506833762569,
        0.54787018225814,
        0.31376068060970713,
        0.3520896560964139,
        0.3294607457900843,
        0.3644967883970398,
        0.53721657590711,
        0.564895289828034,
        0.5532884300769321
    ],
    "eigs_max": [
        0.6648533327025484,
        0.6717423256405908,
        0.6796097675647522,
        0.6604524499616534,
        0.6667368826679981,
        0.6105244837643773,
        0.4966477152471624,
        0.5717555217531864,
        0.6025106096731413,
        0.6113881207450776
    ],
    "inputs_max": [
        [
            131,
            287,
            81
        ],
        [
            175,
            264,
            39
        ],
        [
            118,
            228,
            64
        ],
        [
            166,
            248,
            39
        ],
        [
            138,
            210,
            32
        ],
        [
            165,
            244,
            23
        ],
        [
            28,
            144,
            182
        ],
        [
            39,
            191,
            152
        ],
        [
            71,
            278,
            114
        ],
        [
            87,
            214,
            56
        ]
    ],
    "eigs": [
        0.0049721383076743566,
        0.0176916422643338,
        0.13173958530661228,
        0.3466917693519463,
        0.3146472265715842,
        0.281063737974293,
        0.13215092685012259,
        0.0345389458460764,
        0.03761531984510721,
        0.05809969066814552
    ]
}