{
    "eigs_regret": [
        0.6741935314546253,
        0.6481070565139736,
        0.62773684386962,
        0.669142514279518,
        0.655160338558618,
        0.6648905760098726,
        0.6565106115694841,
        0.6087230963387653,
        0.5656359997814024,
        0.537421364245628
    ],
    "eigs_max": [
        0.6990015233167559,
        0.6678076820604183,
        0.6566242660358337,
        0.6686367319243548,
        0.6654073589830726,
        0.6648905760196223,
        0.6565106115694841,
        0.6766149737528053,
        0.6843268099829165,
        0.670729776148821
    ],
    "inputs_max": [
        [
            65,
            209,
            141
        ],
        [
            88,
            213,
            83
        ],
        [
            159,
            297,
            67
        ],
        [
            92,
            254,
            129
        ],
        [
            62,
            168,
            138
        ],
        [
            98,
            158,
            47
        ],
        [
            75,
            247,
            193
        ],
        [
            161,
            260,
            45
        ],
        [
            178,
            294,
            42
        ],
        [
            59,
            255,
            221
        ]
    ],
    "eigs": [
        0.024807991862130566,
        0.019700625546444677,
        0.028887422166213702,
        -0.0005057823551631532,
        0.010247020424454576,
        9.749798961233847e-12,
        0.0,
        0.06789187741404001,
        0.11869081020151406,
        0.13330841190319304
    ]
}