{
    "eigs_regret": [
        0.6212190797098265,
        0.6374071667259447,
        0.6013379366502122,
        0.677524225005321,
        0.6234012274134092,
        0.6624629012559644,
        0.577384525218616,
        0.6286662811485915,
        0.6218249324496793,
        0.573832536186091
    ],
    "eigs_max": [
        0.6461205483092198,
        0.6502289004892324,
        0.6174556074302867,
        0.6775157870729063,
        0.6234012274163315,
        0.6624629012559644,
        0.6633417646012689,
        0.6519600267634739,
        0.6652349381872456,
        0.6487649340133326
    ],
    "inputs_max": [
        [
            92,
            290,
            149
        ],
        [
            97,
            238,
            105
        ],
        [
            126,
            233,
            69
        ],
        [
            91,
            153,
            46
        ],
        [
            62,
            264,
            219
        ],
        [
            176,
            288,
            44
        ],
        [
            73,
            298,
            241
        ],
        [
            149,
            293,
            73
        ],
        [
            117,
            266,
            97
        ],
        [
            107,
            207,
            59
        ]
    ],
    "eigs": [
        0.02490146859939337,
        0.012821733763287803,
        0.016117670780074544,
        -8.437932414680689e-06,
        2.9223217023338632e-12,
        0.0,
        0.08595723938265286,
        0.023293745614882424,
        0.04341000573756621,
        0.07493239782724154
    ]
}