{
    "eigs_regret": [
        0.5111063248252095,
        0.6286576822981202,
        0.5832112671816222,
        0.5774834970639826,
        0.5651002207858393,
        0.5702375048565627,
        0.5630226276188106,
        0.6034519613730299,
        0.5646923948963798,
        0.6836711681497676
    ],
    "eigs_max": [
        0.6498442290257668,
        0.6632985457019964,
        0.6857370328840475,
        0.6881789979520436,
        0.6522696461478942,
        0.6439722477651452,
        0.6718632750989677,
        0.6789869661825462,
        0.6396864874744317,
        0.7007198945578713
    ],
    "inputs_max": [
        [
            146,
            202,
            27
        ],
        [
            63,
            253,
            265
        ],
        [
            58,
            206,
            174
        ],
        [
            57,
            265,
            279
        ],
        [
            79,
            284,
            217
        ],
        [
            55,
            243,
            308
        ],
        [
            54,
            216,
            309
        ],
        [
            102,
            235,
            127
        ],
        [
            118,
            287,
            119
        ],
        [
            75,
            221,
            190
        ]
    ],
    "eigs": [
        0.13873790420055734,
        0.03464086340387612,
        0.10252576570242536,
        0.11069550088806103,
        0.08716942536205487,
        0.07373474290858255,
        0.1088406474801571,
        0.07553500480951629,
        0.07499409257805195,
        0.01704872640810372
    ]
}