{
    "eigs_regret": [
        0.5884819409613975,
        0.6414214683005858,
        0.613245225674041,
        0.5547899508904677,
        0.512713584309734,
        0.3916215311595227,
        0.5363892005866863,
        0.6424095378505118,
        0.6605646221457026,
        0.6328843866532585
    ],
    "eigs_max": [
        0.649585370052795,
        0.7095181736117102,
        0.6809492256567627,
        0.6513701605358647,
        0.6498477672302099,
        0.6629449247995942,
        0.6313199598177468,
        0.6423831647975523,
        0.6613787809482626,
        0.6337624136242548
    ],
    "inputs_max": [
        [
            87,
            299,
            148
        ],
        [
            151,
            287,
            71
        ],
        [
            80,
            237,
            143
        ],
        [
            148,
            279,
            64
        ],
        [
            67,
            190,
            102
        ],
        [
            119,
            286,
            107
        ],
        [
            174,
            247,
            17
        ],
        [
            90,
            296,
            108
        ],
        [
            80,
            221,
            78
        ],
        [
            129,
            284,
            59
        ]
    ],
    "eigs": [
        0.061103429091397585,
        0.06809670531112447,
        0.06770399998272167,
        0.09658020964539701,
        0.13713418292047586,
        0.2713233936400715,
        0.09493075923106054,
        -2.6373052959473785e-05,
        0.0008141588025600291,
        0.0008780269709963115
    ]
}