{
    "eigs_regret": [
        0.6781503350895429,
        0.5785876176463909,
        0.6063692335125427,
        0.6602815957666733,
        0.6546990371442439,
        0.6056914437770756,
        0.6726765685512383,
        0.6880688083219172,
        0.6869583629677751,
        0.6683418215105097
    ],
    "eigs_max": [
        0.6786216056191423,
        0.6479534778650917,
        0.6902342239891237,
        0.6622879204527038,
        0.6546990371442439,
        0.6565729957610741,
        0.6726765685512394,
        0.6872475963099426,
        0.6869584511875733,
        0.687497578299787
    ],
    "inputs_max": [
        [
            118,
            279,
            84
        ],
        [
            60,
            186,
            153
        ],
        [
            85,
            244,
            130
        ],
        [
            128,
            293,
            92
        ],
        [
            53,
            196,
            188
        ],
        [
            64,
            187,
            127
        ],
        [
            100,
            256,
            116
        ],
        [
            59,
            251,
            214
        ],
        [
            103,
            221,
            91
        ],
        [
            53,
            234,
            248
        ]
    ],
    "eigs": [
        0.0004712705295994296,
        0.06936586021870082,
        0.083864990476581,
        0.0020063246860305135,
        0.0,
        0.0508815519839985,
        1.1148425932416828e-15,
        -0.0008212120119746525,
        8.821979808163599e-08,
        0.019155756789277258
    ]
}