{
    "eigs_regret": [
        0.6275446804618696,
        0.6463978183866541,
        0.5776647234700257,
        0.5964892887011476,
        0.5276415450415518,
        0.5339163045247937,
        0.5219980020715892,
        0.5409453230733317,
        0.5826319744485521,
        0.5715791444447005
    ],
    "eigs_max": [
        0.6510954432571753,
        0.6719102622489707,
        0.635095127135597,
        0.6589956876526765,
        0.6629347209104546,
        0.666582291498131,
        0.6342991071981674,
        0.6667966054746599,
        0.628465079474613,
        0.6500040233083406
    ],
    "inputs_max": [
        [
            105,
            224,
            89
        ],
        [
            62,
            250,
            242
        ],
        [
            88,
            281,
            191
        ],
        [
            67,
            202,
            154
        ],
        [
            193,
            252,
            24
        ],
        [
            68,
            243,
            197
        ],
        [
            46,
            189,
            237
        ],
        [
            51,
            247,
            232
        ],
        [
            122,
            296,
            116
        ],
        [
            150,
            260,
            44
        ]
    ],
    "eigs": [
        0.02355076279530565,
        0.025512443862316554,
        0.057430403665571256,
        0.06250639895152889,
        0.1352931758689028,
        0.1326659869733373,
        0.11230110512657825,
        0.1258512824013283,
        0.04583310502606097,
        0.07842487886364015
    ]
}