{
    "eigs_regret": [
        0.6495518843695834,
        0.6563931490052711,
        0.45876625892719936,
        0.5336238906011461,
        0.5179947956684237,
        0.5892564715737656,
        0.3482927669968774,
        0.49753597976497477,
        0.6308726008711782,
        0.5899533598575689
    ],
    "eigs_max": [
        0.6513037434964793,
        0.6707797079908403,
        0.6637026322720075,
        0.6479022264600492,
        0.6295342211977117,
        0.6043893516188876,
        0.6635568172029392,
        0.561491449659225,
        0.6379028571122449,
        0.5905648789086995
    ],
    "inputs_max": [
        [
            155,
            298,
            79
        ],
        [
            74,
            296,
            230
        ],
        [
            72,
            180,
            99
        ],
        [
            120,
            272,
            61
        ],
        [
            87,
            205,
            60
        ],
        [
            87,
            298,
            98
        ],
        [
            129,
            232,
            29
        ],
        [
            44,
            217,
            205
        ],
        [
            131,
            254,
            46
        ],
        [
            39,
            126,
            100
        ]
    ],
    "eigs": [
        0.0017518591268958945,
        0.014386558985569174,
        0.20493637334480816,
        0.11427833585890312,
        0.11153942552928811,
        0.015132880045122057,
        0.31526405020606185,
        0.06395546989425024,
        0.007030256241066723,
        0.000611519051130553
    ]
}