{
    "eigs_regret": [
        0.5967216534724721,
        0.5609820215447111,
        0.6105337405853852,
        0.5731281950638537,
        0.6061080001484582,
        0.6425552912934561,
        0.6401099538579758,
        0.5847232517264688,
        0.49553572856808326,
        0.6762938996109212
    ],
    "eigs_max": [
        0.6543883821024369,
        0.6586523547604252,
        0.68525665098175,
        0.6582327107366839,
        0.6932545647434252,
        0.6867977108950549,
        0.6940182918401282,
        0.6636274543833193,
        0.6806423919352499,
        0.687805950209455
    ],
    "inputs_max": [
        [
            73,
            214,
            114
        ],
        [
            65,
            275,
            191
        ],
        [
            108,
            279,
            136
        ],
        [
            145,
            266,
            71
        ],
        [
            118,
            283,
            96
        ],
        [
            126,
            271,
            83
        ],
        [
            98,
            236,
            93
        ],
        [
            100,
            190,
            69
        ],
        [
            93,
            213,
            81
        ],
        [
            44,
            234,
            259
        ]
    ],
    "eigs": [
        0.057666728629964824,
        0.09767033321571406,
        0.07472291039636485,
        0.08510451567283019,
        0.08714656459496695,
        0.04424241960159882,
        0.053908337982152395,
        0.07890420265685051,
        0.18510666336716666,
        0.011512050598533736
    ]
}