{
    "eigs_regret": [
        0.5855168959347853,
        0.5853024917231299,
        0.6086355733439957,
        0.5715343008724919,
        0.551650049808732,
        0.5444194486376772,
        0.5797813075736835,
        0.6362311079948253,
        0.6105889536052991,
        0.5710309477694432
    ],
    "eigs_max": [
        0.6622048292074615,
        0.6706049535649593,
        0.6609382201891909,
        0.6622238827508873,
        0.6385753407506184,
        0.6677448545383992,
        0.6800339882516143,
        0.6975278045941128,
        0.672275594351623,
        0.6534410593146491
    ],
    "inputs_max": [
        [
            119,
            264,
            74
        ],
        [
            125,
            223,
            56
        ],
        [
            48,
            210,
            254
        ],
        [
            137,
            229,
            45
        ],
        [
            67,
            197,
            148
        ],
        [
            49,
            299,
            362
        ],
        [
            188,
            292,
            33
        ],
        [
            108,
            296,
            149
        ],
        [
            46,
            249,
            309
        ],
        [
            193,
            233,
            15
        ]
    ],
    "eigs": [
        0.07668793327267621,
        0.08530246184182946,
        0.05230264684519523,
        0.09068958187839533,
        0.08692529094188643,
        0.12332540590072195,
        0.10025268067793078,
        0.06129669659928752,
        0.06168664074632386,
        0.08241011154520592
    ]
}