{
    "eigs_regret": [
        0.672238671631175,
        0.6639782574670554,
        0.6536708957386059,
        0.6893928895216702,
        0.5229275977113165,
        0.6555352463641523,
        0.6728742143756292,
        0.6587480244639562,
        0.674581202450313,
        0.6407719618881756
    ],
    "eigs_max": [
        0.6722386716311862,
        0.6639782574671417,
        0.6536708957473942,
        0.6893928896771622,
        0.6510367029752155,
        0.6555352554443781,
        0.6728742143756292,
        0.6587480247292417,
        0.6744209534653384,
        0.6407719618881756
    ],
    "inputs_max": [
        [
            138,
            296,
            84
        ],
        [
            69,
            298,
            248
        ],
        [
            103,
            232,
            84
        ],
        [
            127,
            247,
            70
        ],
        [
            191,
            260,
            26
        ],
        [
            184,
            273,
            35
        ],
        [
            60,
            266,
            256
        ],
        [
            122,
            204,
            45
        ],
        [
            140,
            266,
            68
        ],
        [
            65,
            217,
            182
        ]
    ],
    "eigs": [
        1.1237231631322509e-14,
        8.631786084511983e-14,
        8.788301059103886e-12,
        1.5549191644675941e-10,
        0.1281091052638991,
        9.080225785782284e-09,
        0.0,
        2.652855095493234e-10,
        -0.00016024898497464426,
        0.0
    ]
}