{
    "eigs_regret": [
        0.6261411477476632,
        0.6306562861350359,
        0.6213221984986625,
        0.6855067596549119,
        0.6667208922731552,
        0.6445283139315551,
        0.6318203265397112,
        0.5542385779573544,
        0.41175662014036973,
        0.4163882902053842
    ],
    "eigs_max": [
        0.6588357975802711,
        0.6595322904411474,
        0.6642365032519536,
        0.6868753085294463,
        0.6665428066317174,
        0.6445287625990295,
        0.6754614336468753,
        0.6646769128260955,
        0.6504122471872497,
        0.6628116245041118
    ],
    "inputs_max": [
        [
            119,
            264,
            74
        ],
        [
            135,
            298,
            89
        ],
        [
            54,
            288,
            310
        ],
        [
            148,
            235,
            43
        ],
        [
            106,
            199,
            62
        ],
        [
            93,
            166,
            61
        ],
        [
            72,
            151,
            82
        ],
        [
            114,
            253,
            81
        ],
        [
            92,
            285,
            152
        ],
        [
            61,
            266,
            191
        ]
    ],
    "eigs": [
        0.032694649832607905,
        0.028876004306111522,
        0.04291430475329101,
        0.001368548874534381,
        -0.00017808564143787796,
        4.486674743798824e-07,
        0.04364110710716411,
        0.11043833486874106,
        0.2386556270468799,
        0.2464233342987276
    ]
}