{
    "eigs_regret": [
        0.5928832902544663,
        0.5809404262042227,
        0.5804429777633282,
        0.5787820619152829,
        0.5889108491118271,
        0.5827131602533355,
        0.6247645987054681,
        0.6287719681897281,
        0.6665628164847897,
        0.7187479991335621
    ],
    "eigs_max": [
        0.6665229108707941,
        0.6474464454341592,
        0.6820300926901275,
        0.6591523067361557,
        0.6726038212195611,
        0.6686527143785876,
        0.7038486052543489,
        0.6896306024104679,
        0.6983898455085009,
        0.7123019097658878
    ],
    "inputs_max": [
        [
            86,
            277,
            161
        ],
        [
            156,
            216,
            29
        ],
        [
            82,
            282,
            160
        ],
        [
            60,
            176,
            157
        ],
        [
            38,
            193,
            328
        ],
        [
            79,
            236,
            146
        ],
        [
            89,
            258,
            135
        ],
        [
            125,
            268,
            89
        ],
        [
            163,
            285,
            55
        ],
        [
            107,
            282,
            113
        ]
    ],
    "eigs": [
        0.07363962061632778,
        0.06650601922993644,
        0.10158711492679923,
        0.08037024482087272,
        0.08369297210773391,
        0.08593955412525216,
        0.0790840065488808,
        0.06085863422073979,
        0.03182702902371121,
        -0.006446089367674296
    ]
}