{
    "eigs_regret": [
        0.7268353489761175,
        0.7363526000722468,
        0.7469837387207339,
        0.6652936609497723,
        0.678779038174928,
        0.7217305259428034,
        0.6493841391087257,
        0.6258447895192051,
        0.652784078321411,
        0.6582319745903191
    ],
    "eigs_max": [
        0.6529044268663847,
        0.6540574935496369,
        0.6581546508086761,
        0.6797668941106602,
        0.6657296769034636,
        0.6751152108967231,
        0.6446788458822412,
        0.6168162559386113,
        0.6575682684070533,
        0.6553251082074644
    ],
    "inputs_max": [
        [
            113,
            228,
            73
        ],
        [
            59,
            296,
            271
        ],
        [
            165,
            296,
            57
        ],
        [
            86,
            269,
            149
        ],
        [
            95,
            262,
            134
        ],
        [
            158,
            249,
            45
        ],
        [
            164,
            268,
            45
        ],
        [
            42,
            153,
            214
        ],
        [
            169,
            298,
            61
        ],
        [
            62,
            241,
            219
        ]
    ],
    "eigs": [
        -0.07393092210973273,
        -0.08229510652260981,
        -0.08882908791205785,
        0.014473233160887857,
        -0.013049361271464409,
        -0.046615315046080325,
        -0.00470529322648452,
        -0.009028533580593691,
        0.004784190085642265,
        -0.002906866382854793
    ]
}