{
    "eigs_regret": [
        0.6354693436204906,
        0.505633339477363,
        0.5668769212838173,
        0.5861478922919814,
        0.3688501054954049,
        0.6127145823299974,
        0.6290182117553871,
        0.6512521486115574,
        0.6243192064428768,
        0.1383553150091532
    ],
    "eigs_max": [
        0.6403417997873033,
        0.6707102845940263,
        0.6555300818202467,
        0.6827030161380548,
        0.6625831331877011,
        0.6125510899347851,
        0.6318861657802743,
        0.6692802912816195,
        0.6424598128513002,
        0.6681855544299666
    ],
    "inputs_max": [
        [
            45,
            168,
            204
        ],
        [
            87,
            261,
            158
        ],
        [
            135,
            294,
            95
        ],
        [
            61,
            254,
            272
        ],
        [
            69,
            230,
            215
        ],
        [
            61,
            179,
            157
        ],
        [
            93,
            295,
            149
        ],
        [
            112,
            243,
            98
        ],
        [
            65,
            186,
            154
        ],
        [
            187,
            299,
            54
        ]
    ],
    "eigs": [
        0.004872456166812724,
        0.1650769451166633,
        0.08865316053642942,
        0.09655512384607347,
        0.2937330276922962,
        -0.00016349239521233868,
        0.0028679540248872397,
        0.01802814267006201,
        0.018140606408423358,
        0.5298302394208134
    ]
}