{
    "eigs_regret": [
        0.5825450486986437,
        0.6050823912998042,
        0.5637465506280235,
        0.6227324571455846,
        0.5998342923042641,
        0.5977367337950701,
        0.5794867032038011,
        0.6493955834463361,
        0.6676385928643181,
        0.7176483184351855
    ],
    "eigs_max": [
        0.6662632067915832,
        0.6813368257604154,
        0.6526105363674664,
        0.6909172341984829,
        0.670257514778812,
        0.6780854900778458,
        0.672064349303927,
        0.713162186202245,
        0.6676385928643181,
        0.7215685926728469
    ],
    "inputs_max": [
        [
            139,
            270,
            59
        ],
        [
            95,
            230,
            98
        ],
        [
            67,
            149,
            88
        ],
        [
            127,
            190,
            33
        ],
        [
            69,
            222,
            156
        ],
        [
            195,
            288,
            35
        ],
        [
            67,
            293,
            250
        ],
        [
            63,
            254,
            214
        ],
        [
            71,
            272,
            190
        ],
        [
            59,
            284,
            248
        ]
    ],
    "eigs": [
        0.0837181580929396,
        0.07625443446061117,
        0.08886398573944282,
        0.0681847770528984,
        0.07042322247454791,
        0.08034875628277575,
        0.0925776461001259,
        0.06376660275590894,
        0.0,
        0.00392027423766136
    ]
}