{
    "eigs_regret": [
        0.6996882062635829,
        0.6579834033850855,
        0.6213195378718132,
        0.5386329418881659,
        0.5355335539584811,
        0.546709000186292,
        0.5787906086752623,
        0.5420068956299507,
        0.6182910970447172,
        0.5966477044704097
    ],
    "eigs_max": [
        0.7054629160627982,
        0.6617808776187911,
        0.6554297148301922,
        0.6182928984762689,
        0.6699307312266597,
        0.6480479015931082,
        0.6815581717423768,
        0.6457404633413932,
        0.6658583620577169,
        0.6792035441745489
    ],
    "inputs_max": [
        [
            151,
            272,
            52
        ],
        [
            190,
            289,
            35
        ],
        [
            122,
            262,
            89
        ],
        [
            69,
            294,
            180
        ],
        [
            76,
            181,
            101
        ],
        [
            62,
            278,
            293
        ],
        [
            111,
            247,
            109
        ],
        [
            119,
            270,
            108
        ],
        [
            112,
            224,
            96
        ],
        [
            84,
            284,
            216
        ]
    ],
    "eigs": [
        0.005774709799215373,
        0.0037974742337055735,
        0.03411017695837907,
        0.07965995658810303,
        0.1343971772681786,
        0.1013389014068162,
        0.10276756306711438,
        0.10373356771144247,
        0.04756726501299967,
        0.08255583970413917
    ]
}