{
    "eigs_regret": [
        0.6775281382401975,
        0.6571689368524009,
        0.659222462876626,
        0.5959086725493117,
        0.39337539455279036,
        0.6053212429090289,
        0.5452732153358992,
        0.5270991434991306,
        0.4533644339229723,
        0.5378378542668246
    ],
    "eigs_max": [
        0.6804322245164238,
        0.659398484879265,
        0.6622553874984461,
        0.6687388178662886,
        0.6113392201511799,
        0.6527715743003426,
        0.6570139791810099,
        0.6406120764470141,
        0.6187613304253768,
        0.6501354507930189
    ],
    "inputs_max": [
        [
            147,
            284,
            62
        ],
        [
            68,
            174,
            118
        ],
        [
            80,
            178,
            86
        ],
        [
            70,
            270,
            161
        ],
        [
            50,
            220,
            181
        ],
        [
            107,
            186,
            35
        ],
        [
            101,
            260,
            72
        ],
        [
            161,
            267,
            28
        ],
        [
            76,
            172,
            44
        ],
        [
            132,
            262,
            30
        ]
    ],
    "eigs": [
        0.002904086276226237,
        0.0022295480268641225,
        0.0030329246218201654,
        0.07283014531697699,
        0.21796382559838953,
        0.04745033139131373,
        0.11174076384511068,
        0.11351293294788352,
        0.1653968965024045,
        0.11229759652619435
    ]
}