{
    "eigs_regret": [
        0.5086175624479163,
        0.5391411234479782,
        0.6063653914688636,
        0.5740900524064213,
        0.5771923314471336,
        0.5919324520745401,
        0.642978656676594,
        0.5598968939000852,
        0.6150384058117484,
        0.5471225352422565
    ],
    "eigs_max": [
        0.6360914935643214,
        0.5763694533416349,
        0.6765141443724061,
        0.6451448980078204,
        0.6453027228450152,
        0.6433946576811476,
        0.6692096462822071,
        0.6556583820053034,
        0.680167566847555,
        0.64608748050889
    ],
    "inputs_max": [
        [
            188,
            263,
            26
        ],
        [
            80,
            209,
            99
        ],
        [
            89,
            271,
            107
        ],
        [
            80,
            200,
            76
        ],
        [
            84,
            264,
            94
        ],
        [
            100,
            279,
            80
        ],
        [
            133,
            286,
            42
        ],
        [
            121,
            213,
            29
        ],
        [
            139,
            290,
            39
        ],
        [
            160,
            258,
            26
        ]
    ],
    "eigs": [
        0.127473931116405,
        0.03722832989365678,
        0.07014875290354244,
        0.0710548456013991,
        0.06811039139788164,
        0.05146220560660741,
        0.026230989605613136,
        0.09576148810521806,
        0.06512916103580658,
        0.09896494526663349
    ]
}