{
    "eigs_regret": [
        0.4870687342503104,
        0.6698548288212299,
        0.5360472629174086,
        0.5320053637928308,
        0.5742284108860817,
        0.5477669045196591,
        0.5797327580563332,
        0.589790634991335,
        0.6080619539238059,
        0.5896973400866534
    ],
    "eigs_max": [
        0.6362345308925145,
        0.6998194172306424,
        0.6297296418009125,
        0.6506447609080035,
        0.6691781253239063,
        0.6485765286230515,
        0.6522383222348497,
        0.6600532947708668,
        0.6560537084831443,
        0.6646470870234289
    ],
    "inputs_max": [
        [
            189,
            292,
            36
        ],
        [
            154,
            258,
            47
        ],
        [
            47,
            261,
            335
        ],
        [
            128,
            284,
            102
        ],
        [
            112,
            255,
            120
        ],
        [
            49,
            225,
            309
        ],
        [
            91,
            297,
            179
        ],
        [
            60,
            241,
            218
        ],
        [
            74,
            153,
            74
        ],
        [
            157,
            288,
            57
        ]
    ],
    "eigs": [
        0.14916579664220408,
        0.029964588409412497,
        0.0936823788835039,
        0.11863939711517264,
        0.09494971443782463,
        0.10080962410339235,
        0.07250556417851645,
        0.07026265977953179,
        0.04799175455933831,
        0.07494974693677546
    ]
}