{
    "eigs_regret": [
        0.5719174671664032,
        0.6008515787359082,
        0.5636446212792822,
        0.5961580559420029,
        0.6540843274707107,
        0.6362724404816343,
        0.638304115753033,
        0.6071417025121012,
        0.6205148103601786,
        0.6552650637835793
    ],
    "eigs_max": [
        0.6592835286243293,
        0.6557017218965979,
        0.6561072091808844,
        0.6793236932652303,
        0.6863183094720628,
        0.6707956485865474,
        0.6718460764283677,
        0.6462569178184778,
        0.6685648274719288,
        0.6949822346779149
    ],
    "inputs_max": [
        [
            53,
            225,
            215
        ],
        [
            49,
            185,
            194
        ],
        [
            61,
            257,
            238
        ],
        [
            70,
            231,
            161
        ],
        [
            68,
            248,
            196
        ],
        [
            90,
            252,
            131
        ],
        [
            139,
            178,
            20
        ],
        [
            49,
            230,
            296
        ],
        [
            169,
            262,
            37
        ],
        [
            98,
            211,
            77
        ]
    ],
    "eigs": [
        0.08736606145792603,
        0.05485014316068965,
        0.09246258790160224,
        0.08316563732322749,
        0.03223398200135219,
        0.034523208104913036,
        0.03354196067533465,
        0.039115215306376634,
        0.04805001711175018,
        0.03971717089433558
    ]
}