{
    "eigs_regret": [
        0.6150785182319766,
        0.6079428327555142,
        0.6292994109912761,
        0.5570861327490235,
        0.3983973941517669,
        0.5475081828472892,
        0.6340448309718948,
        0.6607291603678129,
        0.60197286819975,
        0.6324552964444233
    ],
    "eigs_max": [
        0.6412482868282424,
        0.6466267612245667,
        0.6781334773353983,
        0.6671067574553736,
        0.6470137042937449,
        0.6487513488621903,
        0.6495109483999442,
        0.6795343469138171,
        0.6367584384113529,
        0.6653782059959636
    ],
    "inputs_max": [
        [
            60,
            195,
            165
        ],
        [
            41,
            193,
            260
        ],
        [
            140,
            245,
            47
        ],
        [
            59,
            236,
            231
        ],
        [
            79,
            279,
            187
        ],
        [
            126,
            226,
            38
        ],
        [
            45,
            151,
            120
        ],
        [
            101,
            255,
            81
        ],
        [
            123,
            295,
            67
        ],
        [
            59,
            233,
            155
        ]
    ],
    "eigs": [
        0.0261697685962659,
        0.038683928469052574,
        0.0488340663441222,
        0.1100206247063501,
        0.24861631014197808,
        0.10124316601490109,
        0.015466117428049384,
        0.01880518654600414,
        0.034785570211602904,
        0.032922909551540314
    ]
}