{
    "eigs_regret": [
        0.5785955536599185,
        0.5877379574546552,
        0.5871309945414291,
        0.5775097659541875,
        0.6842653343512031,
        0.6412221336981058,
        0.6314748593181942,
        0.6370261751194816,
        0.6072093298307252,
        0.6284512483977167
    ],
    "eigs_max": [
        0.6693279683672196,
        0.6455475595237999,
        0.6671999002374288,
        0.669164516334079,
        0.6989593562211139,
        0.6833147266269362,
        0.6650667140509398,
        0.7090956883222086,
        0.6991798386050646,
        0.6787321254129683
    ],
    "inputs_max": [
        [
            138,
            215,
            41
        ],
        [
            69,
            184,
            140
        ],
        [
            128,
            221,
            46
        ],
        [
            99,
            242,
            98
        ],
        [
            118,
            293,
            94
        ],
        [
            66,
            251,
            215
        ],
        [
            127,
            238,
            61
        ],
        [
            83,
            260,
            158
        ],
        [
            82,
            270,
            166
        ],
        [
            24,
            130,
            323
        ]
    ],
    "eigs": [
        0.09073241470730106,
        0.057809602069144775,
        0.08006890569599966,
        0.0916547503798916,
        0.014694021869910912,
        0.042092592928830386,
        0.03359185473274547,
        0.07206951320272699,
        0.09197050877433946,
        0.050280877015251635
    ]
}