{
    "eigs_regret": [
        0.6416807790907754,
        0.587524502146741,
        0.617950122382984,
        0.6233534725478127,
        0.5996901658880215,
        0.6475200168766211,
        0.623711662867601,
        0.6391040457657469,
        0.6665349841253285,
        0.6340213737211431
    ],
    "eigs_max": [
        0.6404662195664851,
        0.6642234836604884,
        0.6351097727446001,
        0.6238319571989815,
        0.5996901658880215,
        0.6502941066138996,
        0.631980375443323,
        0.6389113726628748,
        0.6735753172298619,
        0.6404416799473149
    ],
    "inputs_max": [
        [
            112,
            276,
            118
        ],
        [
            127,
            233,
            63
        ],
        [
            165,
            219,
            23
        ],
        [
            192,
            267,
            29
        ],
        [
            176,
            283,
            31
        ],
        [
            138,
            271,
            73
        ],
        [
            176,
            273,
            38
        ],
        [
            76,
            204,
            101
        ],
        [
            91,
            269,
            129
        ],
        [
            59,
            217,
            164
        ]
    ],
    "eigs": [
        -0.0012145595242903276,
        0.07669898151374738,
        0.0171596503616162,
        0.00047848465116889446,
        0.0,
        0.0027740897372785477,
        0.008268712575721945,
        -0.00019267310287212025,
        0.007040333104533384,
        0.006420306226171871
    ]
}