{
    "eigs_regret": [
        0.6225645205577572,
        0.6371541789032119,
        0.6513968754283406,
        0.6479155201335182,
        0.6938978990181736,
        0.6689564624415244,
        0.5782283516157098,
        0.6662187468311426,
        0.5899267021843143,
        0.5684165566411943
    ],
    "eigs_max": [
        0.6527149696571932,
        0.6531454724999726,
        0.6709646784282601,
        0.6479154203392977,
        0.6938978990181487,
        0.6689564624415244,
        0.6634572509372862,
        0.6763404812921628,
        0.6409281672785081,
        0.6724030216533105
    ],
    "inputs_max": [
        [
            61,
            283,
            285
        ],
        [
            92,
            294,
            176
        ],
        [
            98,
            291,
            130
        ],
        [
            76,
            290,
            201
        ],
        [
            72,
            264,
            181
        ],
        [
            78,
            286,
            189
        ],
        [
            72,
            269,
            213
        ],
        [
            152,
            266,
            52
        ],
        [
            151,
            262,
            46
        ],
        [
            63,
            297,
            266
        ]
    ],
    "eigs": [
        0.030150449099435976,
        0.01599129359676064,
        0.01956780299991951,
        -9.979422040807401e-08,
        -2.492068877646414e-14,
        0.0,
        0.08522889932157637,
        0.010121734461020274,
        0.051001465094193746,
        0.1039864650121162
    ]
}