{
    "eigs_regret": [
        0.6459201483954609,
        0.6275590484617969,
        0.6690229458619517,
        0.6545712270582761,
        0.5615724031960553,
        0.45953238056146983,
        0.5156776411258048,
        0.47827962937605817,
        0.5443890045215373,
        0.5396734053953639
    ],
    "eigs_max": [
        0.666259351429605,
        0.6480576673124067,
        0.687011497909243,
        0.7027430728353841,
        0.6682550700793681,
        0.6290473030180489,
        0.6727766925466763,
        0.6526785775567507,
        0.5815905766584905,
        0.6079795425823594
    ],
    "inputs_max": [
        [
            74,
            243,
            149
        ],
        [
            75,
            180,
            101
        ],
        [
            132,
            194,
            32
        ],
        [
            164,
            273,
            46
        ],
        [
            80,
            255,
            165
        ],
        [
            179,
            235,
            13
        ],
        [
            83,
            289,
            87
        ],
        [
            176,
            243,
            13
        ],
        [
            94,
            197,
            53
        ],
        [
            46,
            275,
            246
        ]
    ],
    "eigs": [
        0.02033920303414413,
        0.02049861885060978,
        0.01798855204729132,
        0.048171845777108,
        0.10668266688331282,
        0.16951492245657906,
        0.15709905142087144,
        0.17439894818069254,
        0.03720157213695321,
        0.06830613718699548
    ]
}