{
    "eigs_regret": [
        0.5832739122443316,
        0.6075533524641975,
        0.6239942686020065,
        0.5399865046821499,
        0.6320779933419682,
        0.6199340515404728,
        0.6245452546495038,
        0.6265921106186313,
        0.5946401590292255,
        0.5926723089157233
    ],
    "eigs_max": [
        0.6699162356867493,
        0.6523714711552755,
        0.6840663206266288,
        0.6201073813996957,
        0.6577005070985926,
        0.6613497901591495,
        0.6531372977331872,
        0.6577198122392104,
        0.6188193021194356,
        0.6317859703662567
    ],
    "inputs_max": [
        [
            181,
            277,
            40
        ],
        [
            47,
            159,
            169
        ],
        [
            67,
            260,
            209
        ],
        [
            93,
            267,
            140
        ],
        [
            130,
            298,
            102
        ],
        [
            149,
            225,
            34
        ],
        [
            88,
            295,
            150
        ],
        [
            133,
            243,
            57
        ],
        [
            148,
            290,
            85
        ],
        [
            42,
            221,
            342
        ]
    ],
    "eigs": [
        0.08664232344241779,
        0.04481811869107796,
        0.060072052024622284,
        0.08012087671754574,
        0.02562251375662443,
        0.041415738618676756,
        0.028592043083683395,
        0.031127701620579148,
        0.024179143090210027,
        0.03911366145053342
    ]
}