{
    "eigs_regret": [
        0.5764852326232514,
        0.5823194836743186,
        0.6073096203269286,
        0.6183817965248218,
        0.6356080645820679
    ],
    "eigs_max": [
        0.6704566801801858,
        0.65365700484597,
        0.6868794013376096,
        0.6829531869377965,
        0.6438914031650859
    ],
    "inputs_max": [
        [
            111,
            202,
            57
        ],
        [
            70,
            186,
            120
        ],
        [
            199,
            296,
            31
        ],
        [
            122,
            285,
            94
        ],
        [
            123,
            299,
            112
        ]
    ],
    "eigs": [
        0.0939714475569344,
        0.07133752117165132,
        0.079569781010681,
        0.06457139041297465,
        0.008283338583017972
    ]
}