{
    "eigs_regret": [
        0.661301149944619,
        0.6738494120689162,
        0.6712129408032248,
        0.6655600616344517,
        0.6387232437212497,
        0.6429410269496885,
        0.686423569534104,
        0.6583151323236728,
        0.6229284856197226,
        0.6626040199000602
    ],
    "eigs_max": [
        0.6613011499445258,
        0.6738474373112298,
        0.671212940873164,
        0.6655600616344496,
        0.6387232437212497,
        0.6429410269496885,
        0.686423569534104,
        0.6583151323236728,
        0.6229284856197226,
        0.6626040199000602
    ],
    "inputs_max": [
        [
            54,
            235,
            232
        ],
        [
            121,
            238,
            62
        ],
        [
            143,
            268,
            56
        ],
        [
            77,
            259,
            177
        ],
        [
            99,
            198,
            70
        ],
        [
            52,
            269,
            277
        ],
        [
            132,
            283,
            82
        ],
        [
            56,
            203,
            190
        ],
        [
            62,
            287,
            279
        ],
        [
            91,
            180,
            64
        ]
    ],
    "eigs": [
        -9.318871022068187e-14,
        -1.9747576864657425e-06,
        6.993917856315535e-11,
        -2.0724463811738758e-15,
        -8.951173136040325e-19,
        0.0,
        0.0,
        0.0,
        0.0,
        0.0
    ]
}