{
    "eigs_regret": [
        0.6358504825398928,
        0.6735696494962076,
        0.5090098258445312,
        0.31197824764345217,
        0.3029481064739069,
        0.4673042722215563,
        0.5239653725427507,
        0.5012344391497047,
        0.4982404728099143,
        0.59690904429208
    ],
    "eigs_max": [
        0.6385485956314719,
        0.6763157155985524,
        0.6470725009028135,
        0.652984126351526,
        0.6336725654918739,
        0.6217332277253477,
        0.589417447362132,
        0.5769662457698717,
        0.5149002989174735,
        0.6263768532425247
    ],
    "inputs_max": [
        [
            138,
            199,
            30
        ],
        [
            175,
            264,
            39
        ],
        [
            80,
            295,
            190
        ],
        [
            156,
            299,
            67
        ],
        [
            80,
            258,
            148
        ],
        [
            61,
            142,
            67
        ],
        [
            68,
            157,
            60
        ],
        [
            127,
            201,
            34
        ],
        [
            105,
            208,
            68
        ],
        [
            161,
            269,
            37
        ]
    ],
    "eigs": [
        0.0026981130915791204,
        0.0027460661023448432,
        0.13806267505828224,
        0.34100587870807386,
        0.330724459017967,
        0.15442895550379138,
        0.06545207481938133,
        0.07573180662016701,
        0.016659826107559162,
        0.0294678089504446
    ]
}