{
    "eigs_regret": [
        0.6482094266017587,
        0.6807010137549041,
        0.6514356892820766,
        0.625437557066553,
        0.6642231042853101,
        0.6668839928371861,
        0.6516636564151234,
        0.6794212469181846,
        0.6708065734762275,
        0.591219579635953
    ],
    "eigs_max": [
        0.6472620755609447,
        0.6842251481843509,
        0.6529470018395396,
        0.6290747003076488,
        0.6681264679375718,
        0.6687209881603385,
        0.6549563802140076,
        0.6785497037066505,
        0.6699993063102281,
        0.6626218584719606
    ],
    "inputs_max": [
        [
            94,
            235,
            101
        ],
        [
            91,
            283,
            155
        ],
        [
            78,
            262,
            193
        ],
        [
            81,
            211,
            120
        ],
        [
            193,
            252,
            24
        ],
        [
            101,
            295,
            146
        ],
        [
            114,
            183,
            41
        ],
        [
            142,
            274,
            63
        ],
        [
            197,
            292,
            36
        ],
        [
            135,
            278,
            79
        ]
    ],
    "eigs": [
        -0.000947351040813975,
        0.0035241344294467763,
        0.0015113125574629388,
        0.00363714324109576,
        0.0039033636522617767,
        0.0018369953231524283,
        0.003292723798884211,
        -0.0008715432115341567,
        -0.0008072671659993918,
        0.07140227883600772
    ]
}