{
    "eigs_regret": [
        0.5420377909962556,
        0.6211177214343139,
        0.5957895314088121,
        0.6528732539075534,
        0.6299332634337971,
        0.6041959292393074,
        0.6252638346357228,
        0.6220057259947478,
        0.6516804914018983,
        0.615834498489669
    ],
    "eigs_max": [
        0.625259747505195,
        0.709033006181821,
        0.6530727904627553,
        0.6816355980185317,
        0.6694172025165062,
        0.6435556517052896,
        0.6709109890753757,
        0.649098370920434,
        0.6743896116584758,
        0.6382719282268665
    ],
    "inputs_max": [
        [
            66,
            280,
            187
        ],
        [
            116,
            294,
            96
        ],
        [
            107,
            297,
            107
        ],
        [
            59,
            276,
            225
        ],
        [
            143,
            288,
            78
        ],
        [
            188,
            285,
            44
        ],
        [
            103,
            295,
            120
        ],
        [
            83,
            218,
            127
        ],
        [
            136,
            292,
            91
        ],
        [
            74,
            261,
            199
        ]
    ],
    "eigs": [
        0.08322195650893938,
        0.08791528474750714,
        0.05728325905394325,
        0.028762344110978305,
        0.0394839390827091,
        0.039359722465982225,
        0.045647154439653,
        0.02709264492568618,
        0.022709120256577398,
        0.022437429737197583
    ]
}