{
    "eigs_regret": [
        0.6476646500911272,
        0.6331570824753391,
        0.6486797566507244,
        0.6595953393594195,
        0.6528382885102221,
        0.6531986271596415,
        0.6132111635293329,
        0.6345149609587992,
        0.5791813848695878,
        0.582534017149994
    ],
    "eigs_max": [
        0.6631949506757965,
        0.6533501542259628,
        0.674641455496993,
        0.6595919685821328,
        0.6528382885111663,
        0.6531986271596415,
        0.6722387773123017,
        0.6486963792556962,
        0.6600567821612862,
        0.6800711152061344
    ],
    "inputs_max": [
        [
            119,
            264,
            74
        ],
        [
            59,
            245,
            212
        ],
        [
            115,
            284,
            94
        ],
        [
            149,
            290,
            73
        ],
        [
            72,
            267,
            169
        ],
        [
            187,
            274,
            32
        ],
        [
            80,
            260,
            188
        ],
        [
            52,
            175,
            167
        ],
        [
            53,
            297,
            336
        ],
        [
            150,
            241,
            43
        ]
    ],
    "eigs": [
        0.015530300584669338,
        0.020193071750623653,
        0.025961698846268567,
        -3.370777286753432e-06,
        9.44285018233959e-13,
        0.0,
        0.059027613782968814,
        0.014181418296897026,
        0.08087539729169833,
        0.09753709805614041
    ]
}