{
    "eigs_regret": [
        0.665024533591093,
        0.676702585494629,
        0.6553717337713457,
        0.6817430252893403,
        0.6553253578645785,
        0.6816236417871289,
        0.6571958020103739,
        0.677374741434525,
        0.6889209396088154,
        0.6610623409079589
    ],
    "eigs_max": [
        0.6650245335910941,
        0.6767025854960754,
        0.6553717337713474,
        0.6817430252893403,
        0.6553253578643614,
        0.6816236427708913,
        0.6571958020103739,
        0.6773747416189448,
        0.6889209396088154,
        0.6657147552155858
    ],
    "inputs_max": [
        [
            75,
            288,
            216
        ],
        [
            164,
            278,
            52
        ],
        [
            69,
            140,
            66
        ],
        [
            91,
            241,
            122
        ],
        [
            82,
            274,
            149
        ],
        [
            181,
            298,
            45
        ],
        [
            77,
            176,
            99
        ],
        [
            108,
            274,
            107
        ],
        [
            190,
            274,
            35
        ],
        [
            107,
            234,
            79
        ]
    ],
    "eigs": [
        1.0565541497253861e-15,
        1.4463924936231054e-12,
        1.6697598165249517e-15,
        0.0,
        -2.1701267172158367e-13,
        9.837624422286833e-10,
        0.0,
        1.8441984282920043e-10,
        0.0,
        0.004652414307626892
    ]
}