{
    "eigs_regret": [
        0.5841233195118161,
        0.6323997307769857,
        0.6341909463788019,
        0.5822669957032759,
        0.5661983353276706,
        0.6697711666117778,
        0.6414987770408829,
        0.6768471542032329,
        0.6682402715580175,
        0.6484650268148002
    ],
    "eigs_max": [
        0.6601350556619872,
        0.6826911452286699,
        0.6842030056395786,
        0.6434883241855986,
        0.6741078487866402,
        0.6765295165163328,
        0.64145771847637,
        0.676918526442132,
        0.6682409119442505,
        0.6484650333834281
    ],
    "inputs_max": [
        [
            160,
            295,
            57
        ],
        [
            100,
            290,
            150
        ],
        [
            82,
            283,
            162
        ],
        [
            91,
            279,
            136
        ],
        [
            121,
            290,
            105
        ],
        [
            163,
            275,
            53
        ],
        [
            80,
            276,
            205
        ],
        [
            54,
            236,
            243
        ],
        [
            177,
            281,
            51
        ],
        [
            72,
            287,
            190
        ]
    ],
    "eigs": [
        0.0760117361501711,
        0.05029141445168416,
        0.05001205926077667,
        0.061221328482322764,
        0.1079095134589696,
        0.006758349904554981,
        -4.105856451288037e-05,
        7.137223889908252e-05,
        6.403862330603607e-07,
        6.568627901226004e-09
    ]
}