{
    "eigs_regret": [
        0.5404475821142609,
        0.6237130690977536,
        0.5403660003477457,
        0.5944779760062341,
        0.641234391924567,
        0.6179252019166195,
        0.6383606722952867,
        0.6203968402576835,
        0.5973995368727633,
        0.608954223379358
    ],
    "eigs_max": [
        0.6057156801641178,
        0.6402761975769609,
        0.5629642484504149,
        0.6391934481984494,
        0.6431422869648561,
        0.647595120672387,
        0.6677760124556514,
        0.6203968402576835,
        0.6281045605665315,
        0.6634449812647671
    ],
    "inputs_max": [
        [
            30,
            152,
            311
        ],
        [
            108,
            261,
            96
        ],
        [
            79,
            292,
            245
        ],
        [
            92,
            260,
            120
        ],
        [
            78,
            165,
            79
        ],
        [
            69,
            277,
            235
        ],
        [
            192,
            293,
            34
        ],
        [
            70,
            298,
            200
        ],
        [
            86,
            292,
            197
        ],
        [
            194,
            296,
            30
        ]
    ],
    "eigs": [
        0.06526809804985695,
        0.016563128479207285,
        0.022598248102669152,
        0.044715472192215236,
        0.00190789504028906,
        0.029669918755767494,
        0.02941534016036478,
        5.551115123125783e-19,
        0.030705023693768315,
        0.05449075788540913
    ]
}