{
    "eigs_regret": [
        0.6573086701666628,
        0.5485469066127672,
        0.6129656028544324,
        0.574467463831905,
        0.6052691764469375,
        0.6428850639280881,
        0.6586310708179421,
        0.6831586309070314,
        0.6788900287415724
    ],
    "eigs_max": [
        0.6566004659481982,
        0.6224104947360256,
        0.696353017970217,
        0.6737949250990009,
        0.6559544678553733,
        0.6452810357331528,
        0.659355956973856,
        0.6831586309070314,
        0.6788900287415724
    ],
    "inputs_max": [
        [
            45,
            247,
            293
        ],
        [
            75,
            245,
            199
        ],
        [
            99,
            242,
            101
        ],
        [
            180,
            231,
            22
        ],
        [
            59,
            299,
            218
        ],
        [
            55,
            269,
            238
        ],
        [
            69,
            253,
            175
        ],
        [
            150,
            273,
            52
        ],
        [
            65,
            255,
            203
        ]
    ],
    "eigs": [
        -0.0007082042184646394,
        0.07386358812325845,
        0.08338741511578464,
        0.09932746126709587,
        0.05068529140843585,
        0.0023959718050646944,
        0.0007248861559138564,
        0.0,
        0.0
    ]
}