{
    "eigs_regret": [
        997.670369855665,
        4500.057449977551,
        22936.683781601274,
        411.7179410469256,
        23462.013281211937,
        6090.967266012287,
        114.7425367046745,
        18394.536892179734,
        2566.3746544436026,
        15897.182110627806
    ],
    "eigs_max": [
        997.670369855665,
        4500.057449977551,
        22936.683781601274,
        411.7179410469256,
        23462.013281211937,
        6090.967266012287,
        114.7425367046745,
        18394.536892179734,
        2566.3746544436026,
        15897.182110627806
    ],
    "inputs_max": [
        [
            -1.18140546384863,
            0.4770838654026548
        ],
        [
            -0.18800210517935412,
            1.02698169962789
        ],
        [
            1.0605274240089284,
            0.05352774859017906
        ],
        [
            1.1749218673378188,
            -1.049971917460939
        ],
        [
            -0.22036412302066832,
            0.2677304862713856
        ],
        [
            0.4303492729913403,
            0.3445294714745666
        ],
        [
            -1.6774419641787128,
            0.05091405824444095
        ],
        [
            0.2796989953299738,
            -0.23586591505417953
        ],
        [
            -0.5174218538486173,
            0.5821429565822145
        ],
        [
            0.28189764703961684,
            -1.49257798867214
        ]
    ],
    "eigs": [
        0.0,
        0.0,
        0.0,
        0.0,
        0.0,
        0.0,
        0.0,
        0.0,
        0.0,
        0.0
    ]
}