{
    "eigs_regret": [
        12272.544034261473,
        19111.335307889905,
        3806.217873875898,
        78.59060425157146,
        6978.116321741688,
        10648.618022967688,
        145823.50197006608,
        26073.26152820506,
        10656.11259665744,
        19.356324226842663
    ],
    "eigs_max": [
        12272.544034261473,
        19111.335307889905,
        3806.217873875898,
        78.59060425157146,
        6978.116321741688,
        10648.618022967688,
        145823.50197006608,
        26073.26152820506,
        10656.11259665744,
        19.356324226842663
    ],
    "inputs_max": [
        [
            0.4323152775609356,
            -0.14231810761615193
        ],
        [
            -0.33529082014038414,
            0.7303931657701477
        ],
        [
            0.470483681608612,
            0.40108643780950537
        ],
        [
            -0.6368053189253811,
            1.8365454750343884
        ],
        [
            -1.242837486360275,
            -1.235698227480749
        ],
        [
            -1.0559714607781552,
            -0.3256638897953339
        ],
        [
            -0.18843901060722867,
            -0.5233712524202963
        ],
        [
            0.70437749169231,
            -0.5190262314153076
        ],
        [
            0.2985051483204386,
            0.43341419525197455
        ],
        [
            -0.7535333006159433,
            -1.0614084286082917
        ]
    ],
    "eigs": [
        0.0,
        0.0,
        0.0,
        0.0,
        0.0,
        0.0,
        0.0,
        0.0,
        0.0,
        0.0
    ]
}