{
    "eigs_regret": [
        6938.512713796957,
        787.5853969206004,
        15977.52715298542,
        1234.5764949110467,
        3934.0295744671457,
        1933.5627740537655,
        1299548.8714207057,
        59534.965863809106,
        1289.0492629099128,
        466644.0750300204
    ],
    "eigs_max": [
        6938.512713796957,
        787.5853969206004,
        15977.52715298542,
        1234.5764949110467,
        3934.0295744671457,
        1933.5627740537655,
        1299548.8714207057,
        59534.965863809106,
        1289.0492629099128,
        466644.0750300204
    ],
    "inputs_max": [
        [
            1.5317419148231761,
            -0.1934886394255586
        ],
        [
            0.924284098102127,
            -0.3151664685663058
        ],
        [
            1.2754556928916658,
            -0.3734167252485321
        ],
        [
            -0.7632288976657571,
            -1.010971566274578
        ],
        [
            0.9052357360431342,
            1.5422943525843555
        ],
        [
            1.4587398598311032,
            0.24300691156499266
        ],
        [
            0.950537754126763,
            1.0647764777988882
        ],
        [
            1.2714929240803206,
            -0.5169334804501622
        ],
        [
            1.1320717595089418,
            1.1043077327554296
        ],
        [
            -0.5955238521839332,
            -0.8944815067097642
        ]
    ],
    "eigs": [
        0.0,
        0.0,
        0.0,
        0.0,
        0.0,
        0.0,
        0.0,
        0.0,
        0.0,
        0.0
    ]
}