{
    "eigs_regret": [
        6938.512713796957,
        2801.303040020672,
        486.62648552629014,
        382.8603528098547,
        1223.2877422223946,
        41953.89390637092,
        54790.55593183504,
        11603.045105416235,
        175.16454474840913,
        85976.46229228248
    ],
    "eigs_max": [
        6938.512713796957,
        2801.303040020672,
        486.62648552629014,
        382.8603528098547,
        1223.2877422223946,
        41953.89390637092,
        54790.55593183504,
        11603.045105416235,
        175.16454474840913,
        85976.46229228248
    ],
    "inputs_max": [
        [
            1.5317419148231761,
            -0.1934886394255586
        ],
        [
            -1.3940079959426805,
            -1.9211801204283456
        ],
        [
            0.8838724564537732,
            -0.6305331443350242
        ],
        [
            -0.5339768042212145,
            -0.1770006282510117
        ],
        [
            0.20169090608729734,
            -0.2677446393801426
        ],
        [
            1.1136367599797539,
            -0.43662015550949507
        ],
        [
            -0.03403131079281474,
            -1.2800753221368888
        ],
        [
            1.524983924553839,
            0.08809700658247399
        ],
        [
            0.5687960757904058,
            -1.8562379210678452
        ],
        [
            -0.09142050240812827,
            0.7223345362640394
        ]
    ],
    "eigs": [
        0.0,
        0.0,
        0.0,
        0.0,
        0.0,
        0.0,
        0.0,
        0.0,
        0.0,
        0.0
    ]
}