{
    "eigs_regret": [
        12272.544034261473,
        396.4391302123789,
        1400.5912816125747,
        34.00762503757843,
        87650.92218110329,
        2764.069870571717,
        43150.987496339396,
        6072.8678450707475,
        581966.6083642823,
        197.9235425280222
    ],
    "eigs_max": [
        12272.544034261473,
        396.4391302123789,
        1400.5912816125747,
        34.00762503757843,
        87650.92218110329,
        2764.069870571717,
        43150.987496339396,
        6072.8678450707475,
        581966.6083642823,
        197.9235425280222
    ],
    "inputs_max": [
        [
            0.4323152775609356,
            -0.14231810761615193
        ],
        [
            -0.33529082014038414,
            0.7303931657701477
        ],
        [
            0.0678525022983898,
            0.7024726704245272
        ],
        [
            -1.2506663624501124,
            1.447248137953943
        ],
        [
            1.4765839093503672,
            0.3334358953834422
        ],
        [
            0.36152654637507986,
            -1.2887689379633258
        ],
        [
            1.227976668766289,
            -0.9174932296747507
        ],
        [
            -0.6345905864287222,
            0.11031506217388198
        ],
        [
            1.5666435946498618,
            -0.21917867268099656
        ],
        [
            -0.008352867101300454,
            1.778180613383999
        ]
    ],
    "eigs": [
        0.0,
        0.0,
        0.0,
        0.0,
        0.0,
        0.0,
        0.0,
        0.0,
        0.0,
        0.0
    ]
}