{
    "eigs_regret": [
        331.94229178402236,
        77422.43369373608,
        159.9893392653393,
        17947.16544500931,
        310667.22133673384,
        12059.95298121804,
        264.5329453041307,
        649.6641231430874,
        47275.70684771017,
        125.45219360551776
    ],
    "eigs_max": [
        331.94229178402236,
        77422.43369373608,
        159.9893392653393,
        17947.16544500931,
        310667.22133673384,
        12059.95298121804,
        264.5329453041307,
        649.6641231430874,
        47275.70684771017,
        125.45219360551776
    ],
    "inputs_max": [
        [
            -1.1842216316128198,
            -0.5024100455430536
        ],
        [
            1.3096895893973195,
            0.5598274725530112
        ],
        [
            -0.5351497045217197,
            -0.023026374484108825
        ],
        [
            0.46707427779357413,
            -0.8602336137955571
        ],
        [
            0.045081529836081824,
            0.06730872580966318
        ],
        [
            0.9377230366022724,
            -0.17593275747284576
        ],
        [
            -0.26672613496922315,
            0.663217857911039
        ],
        [
            0.8661247236488077,
            1.3164579367261173
        ],
        [
            -0.48689407169597043,
            1.1346874423518276
        ],
        [
            1.3869416697916321,
            0.0597569616838447
        ]
    ],
    "eigs": [
        0.0,
        0.0,
        0.0,
        0.0,
        0.0,
        0.0,
        0.0,
        0.0,
        0.0,
        0.0
    ]
}