{
    "eigs_regret": [
        6938.512713796957,
        121385.30964028645,
        3626.6633034646443,
        7752.617848018041,
        3712.3950712240926,
        622.1392059181584,
        11347.186157214996,
        1051.3184854366546,
        203238.47453711779,
        96431.49592610185
    ],
    "eigs_max": [
        6938.512713796957,
        121385.30964028645,
        3626.6633034646443,
        7752.617848018041,
        3712.3950712240926,
        622.1392059181584,
        11347.186157214996,
        1051.3184854366546,
        203238.47453711779,
        96431.49592610185
    ],
    "inputs_max": [
        [
            1.5317419148231761,
            -0.1934886394255586
        ],
        [
            0.924284098102127,
            -0.3151664685663058
        ],
        [
            -0.40161470868004656,
            0.3889553815456961
        ],
        [
            0.13534613380823624,
            0.4748212015764368
        ],
        [
            -0.5576306459156455,
            -0.8144599440067561
        ],
        [
            1.4587398598311032,
            0.24300691156499266
        ],
        [
            0.3973723781893228,
            -0.0022287807637351165
        ],
        [
            1.2714929240803206,
            -0.5169334804501622
        ],
        [
            1.3480045574626112,
            -0.14569851888237162
        ],
        [
            -0.5955238521839332,
            -0.8944815067097642
        ]
    ],
    "eigs": [
        0.0,
        0.0,
        0.0,
        0.0,
        0.0,
        0.0,
        0.0,
        0.0,
        0.0,
        0.0
    ]
}