{
    "eigs_regret": [
        183001.32323928556,
        1912.55268887154,
        12425.164991653353,
        2092.3807375723527,
        22228.626522883158,
        4888.986545131662,
        888.7127223370911,
        26106.460432127737,
        254.1601621455206,
        46.125528017607465
    ],
    "eigs_max": [
        183001.32323928556,
        1912.55268887154,
        12425.164991653353,
        2092.3807375723527,
        22228.626522883158,
        4888.986545131662,
        888.7127223370911,
        26106.460432127737,
        254.1601621455206,
        46.125528017607465
    ],
    "inputs_max": [
        [
            -1.0655901392066913,
            -0.24830890987962473
        ],
        [
            -1.0515996435188204,
            -0.11029641950419489
        ],
        [
            0.10800567732038102,
            0.3399524768431963
        ],
        [
            -1.495470042573976,
            -0.7305046675895421
        ],
        [
            0.7570360917195571,
            0.2006986087507463
        ],
        [
            0.11061140909552236,
            0.2531033620579146
        ],
        [
            0.779645926007484,
            -1.1954777747421588
        ],
        [
            -0.08635491926193195,
            0.3806767943910714
        ],
        [
            0.29304444049558587,
            0.35675374369223567
        ],
        [
            -0.3514081680321812,
            1.9287184587461654
        ]
    ],
    "eigs": [
        0.0,
        0.0,
        0.0,
        0.0,
        0.0,
        0.0,
        0.0,
        0.0,
        0.0,
        0.0
    ]
}