{
    "eigs_regret": [
        12272.544034261473,
        569.4269204385083,
        3875.443374749085,
        580.0908448854201,
        42.93745302945949,
        1386.6696753388733,
        13036.146111223245,
        14782.785147293373,
        9913.065850720728,
        635.8674870103048
    ],
    "eigs_max": [
        12272.544034261473,
        569.4269204385083,
        3875.443374749085,
        580.0908448854201,
        42.93745302945949,
        1386.6696753388733,
        13036.146111223245,
        14782.785147293373,
        9913.065850720728,
        635.8674870103048
    ],
    "inputs_max": [
        [
            0.4323152775609356,
            -0.14231810761615193
        ],
        [
            -0.5750897300563502,
            -1.8097473604106735
        ],
        [
            0.470483681608612,
            0.40108643780950537
        ],
        [
            -0.1779398527281768,
            0.8681570251445989
        ],
        [
            1.4765839093503672,
            0.3334358953834422
        ],
        [
            0.23236420410922953,
            1.3406023901147979
        ],
        [
            0.5948839176964591,
            0.6967303119173209
        ],
        [
            0.7584178075596695,
            0.44936161631143934
        ],
        [
            -1.4019508565674528,
            0.40358580977538505
        ],
        [
            -0.008352867101300454,
            1.778180613383999
        ]
    ],
    "eigs": [
        0.0,
        0.0,
        0.0,
        0.0,
        0.0,
        0.0,
        0.0,
        0.0,
        0.0,
        0.0
    ]
}