{
    "eigs_regret": [
        997.670369855665,
        26916.434751380766,
        2573.883993980625,
        103.61760586299651,
        144.7153388508686,
        100871.78637163373,
        50.34475480528399,
        1795.7501928085528,
        336521.0370331262,
        546.1527272135248
    ],
    "eigs_max": [
        997.670369855665,
        26916.434751380766,
        2573.883993980625,
        103.61760586299651,
        144.7153388508686,
        100871.78637163373,
        50.34475480528399,
        1795.7501928085528,
        336521.0370331262,
        546.1527272135248
    ],
    "inputs_max": [
        [
            -1.18140546384863,
            0.4770838654026548
        ],
        [
            -0.18800210517935412,
            1.02698169962789
        ],
        [
            -1.193103223489512,
            -1.5136283451386192
        ],
        [
            1.8452859937613573,
            1.0279124126462653
        ],
        [
            1.2418650663699813,
            1.1914664706410658
        ],
        [
            0.4303492729913403,
            0.3445294714745666
        ],
        [
            -0.886696508341227,
            0.9656309103421714
        ],
        [
            -0.014461650243349222,
            1.9549802299710475
        ],
        [
            -1.6209113609206236,
            1.2309166314271112
        ],
        [
            0.07825513046174004,
            0.16482610855280067
        ]
    ],
    "eigs": [
        0.0,
        0.0,
        0.0,
        0.0,
        0.0,
        0.0,
        0.0,
        0.0,
        0.0,
        0.0
    ]
}