{
    "eigs_regret": [
        997.670369855665,
        68210.39756132435,
        233.0924399469906,
        132.74374198541244,
        252496.75066749408,
        184.38856688641764,
        2223.4845648622427,
        82804.7820858422,
        42163.02025988467,
        5579.614812623025
    ],
    "eigs_max": [
        997.670369855665,
        68210.39756132435,
        233.0924399469906,
        132.74374198541244,
        252496.75066749408,
        184.38856688641764,
        2223.4845648622427,
        82804.7820858422,
        42163.02025988467,
        5579.614812623025
    ],
    "inputs_max": [
        [
            -1.18140546384863,
            0.4770838654026548
        ],
        [
            0.4247234817811947,
            0.6628325363504999
        ],
        [
            1.0605274240089284,
            0.05352774859017906
        ],
        [
            1.1749218673378188,
            -1.049971917460939
        ],
        [
            0.167238475350028,
            -0.5513966105111483
        ],
        [
            -0.27245492831755325,
            0.9189189418446437
        ],
        [
            -0.886696508341227,
            0.9656309103421714
        ],
        [
            -0.32350632125009104,
            0.1615877870694491
        ],
        [
            -0.5174218538486173,
            0.5821429565822145
        ],
        [
            0.07825513046174004,
            0.16482610855280067
        ]
    ],
    "eigs": [
        0.0,
        0.0,
        0.0,
        0.0,
        0.0,
        0.0,
        0.0,
        0.0,
        0.0,
        0.0
    ]
}