{
    "eigs_regret": [
        12272.544034261473,
        43257.82543292301,
        42503.06867061244,
        592.5531079096661,
        395.02643103553373,
        8208.480451545682,
        215693.7907305611,
        1114.1279139866028,
        100549.02533308476,
        1816.5694287074023
    ],
    "eigs_max": [
        12272.544034261473,
        43257.82543292301,
        42503.06867061244,
        592.5531079096661,
        395.02643103553373,
        8208.480451545682,
        215693.7907305611,
        1114.1279139866028,
        100549.02533308476,
        1816.5694287074023
    ],
    "inputs_max": [
        [
            0.4323152775609356,
            -0.14231810761615193
        ],
        [
            -0.21413266301082867,
            0.3002105713979515
        ],
        [
            0.0678525022983898,
            0.7024726704245272
        ],
        [
            0.5262459586307977,
            -1.5502096699033685
        ],
        [
            -1.4159679596420185,
            1.1026115416811169
        ],
        [
            0.36152654637507986,
            -1.2887689379633258
        ],
        [
            -0.18843901060722867,
            -0.5233712524202963
        ],
        [
            -0.6345905864287222,
            0.11031506217388198
        ],
        [
            1.0819048692908626,
            0.5469644505875544
        ],
        [
            -0.008352867101300454,
            1.778180613383999
        ]
    ],
    "eigs": [
        0.0,
        0.0,
        0.0,
        0.0,
        0.0,
        0.0,
        0.0,
        0.0,
        0.0,
        0.0
    ]
}