{
    "eigs_regret": [
        997.670369855665,
        45274.30129065922,
        1990.9048478110399,
        705.8867957806004,
        17986.36970597111,
        10622.135883483335,
        53277.366074519974,
        130685.48437721374,
        61817.09222375895,
        100307.48051048964
    ],
    "eigs_max": [
        997.670369855665,
        45274.30129065922,
        1990.9048478110399,
        705.8867957806004,
        17986.36970597111,
        10622.135883483335,
        53277.366074519974,
        130685.48437721374,
        61817.09222375895,
        100307.48051048964
    ],
    "inputs_max": [
        [
            -1.18140546384863,
            0.4770838654026548
        ],
        [
            -0.18800210517935412,
            1.02698169962789
        ],
        [
            -1.193103223489512,
            -1.5136283451386192
        ],
        [
            -1.1095320932289834,
            -0.5532083422967746
        ],
        [
            0.167238475350028,
            -0.5513966105111483
        ],
        [
            0.4303492729913403,
            0.3445294714745666
        ],
        [
            -0.43915879102520083,
            -0.2476775970032219
        ],
        [
            -0.32350632125009104,
            0.1615877870694491
        ],
        [
            -0.5906018883565047,
            0.7346660192149295
        ],
        [
            0.07825513046174004,
            0.16482610855280067
        ]
    ],
    "eigs": [
        0.0,
        0.0,
        0.0,
        0.0,
        0.0,
        0.0,
        0.0,
        0.0,
        0.0,
        0.0
    ]
}