{
    "eigs_regret": [
        997.670369855665,
        765.545463076315,
        2245.2855949846985,
        506.69735976746176,
        284.56895070672795,
        2006.710683569546,
        25175.37063457812,
        26257.671839858333,
        342.8605502674604,
        183430.49941070087
    ],
    "eigs_max": [
        997.670369855665,
        765.545463076315,
        2245.2855949846985,
        506.69735976746176,
        284.56895070672795,
        2006.710683569546,
        25175.37063457812,
        26257.671839858333,
        342.8605502674604,
        183430.49941070087
    ],
    "inputs_max": [
        [
            -1.18140546384863,
            0.4770838654026548
        ],
        [
            -1.1154571679875822,
            1.2603461437063985
        ],
        [
            0.8917862612965313,
            0.6295401671524594
        ],
        [
            -0.30262724306185174,
            1.4831559244951347
        ],
        [
            0.167238475350028,
            -0.5513966105111483
        ],
        [
            0.4303492729913403,
            0.3445294714745666
        ],
        [
            -0.43915879102520083,
            -0.2476775970032219
        ],
        [
            0.2796989953299738,
            -0.23586591505417953
        ],
        [
            -0.022081928708221454,
            0.9373857694773378
        ],
        [
            0.07825513046174004,
            0.16482610855280067
        ]
    ],
    "eigs": [
        0.0,
        0.0,
        0.0,
        0.0,
        0.0,
        0.0,
        0.0,
        0.0,
        0.0,
        0.0
    ]
}