{
    "eigs_regret": [
        331.94229178402236,
        519.8396835125948,
        1456.613712481609,
        5750.005796482694,
        864.6953704230149,
        40.514189188812054,
        405.8700840208576,
        696.2678373631205,
        5592.889833468916,
        28091.28668466142
    ],
    "eigs_max": [
        331.94229178402236,
        519.8396835125948,
        1456.613712481609,
        5750.005796482694,
        864.6953704230149,
        40.514189188812054,
        405.8700840208576,
        696.2678373631205,
        5592.889833468916,
        28091.28668466142
    ],
    "inputs_max": [
        [
            -1.1842216316128198,
            -0.5024100455430536
        ],
        [
            -0.8823534005005107,
            0.15840651237150372
        ],
        [
            -0.5351497045217197,
            -0.023026374484108825
        ],
        [
            -0.4539097634499121,
            0.3441650653727675
        ],
        [
            0.3244319551358723,
            0.5513601843975637
        ],
        [
            0.675090054517606,
            -0.8099738651422919
        ],
        [
            0.5635669170890831,
            1.4182438455271367
        ],
        [
            -0.7663654091024195,
            1.997901884060414
        ],
        [
            -0.08405762035448827,
            0.6744347846522936
        ],
        [
            1.3437021144684205,
            -1.3112838379796874
        ]
    ],
    "eigs": [
        0.0,
        0.0,
        0.0,
        0.0,
        0.0,
        0.0,
        0.0,
        0.0,
        0.0,
        0.0
    ]
}