{
    "eigs_regret": [
        12272.544034261473,
        3045.7664820585996,
        468009.8728824018,
        757.8439905360018,
        5040.096497165535,
        158.16956467325494,
        3226.731246770202,
        1901.2325170457523,
        24477.370818532127,
        3670.279800683316
    ],
    "eigs_max": [
        12272.544034261473,
        3045.7664820585996,
        468009.8728824018,
        757.8439905360018,
        5040.096497165535,
        158.16956467325494,
        3226.731246770202,
        1901.2325170457523,
        24477.370818532127,
        3670.279800683316
    ],
    "inputs_max": [
        [
            0.4323152775609356,
            -0.14231810761615193
        ],
        [
            -0.33529082014038414,
            0.7303931657701477
        ],
        [
            0.470483681608612,
            0.40108643780950537
        ],
        [
            -1.6260505839325354,
            -0.5926961115318492
        ],
        [
            1.4765839093503672,
            0.3334358953834422
        ],
        [
            0.36152654637507986,
            -1.2887689379633258
        ],
        [
            -0.18843901060722867,
            -0.5233712524202963
        ],
        [
            1.5153932768234228,
            1.17072130432928
        ],
        [
            1.5666435946498618,
            -0.21917867268099656
        ],
        [
            -0.008352867101300454,
            1.778180613383999
        ]
    ],
    "eigs": [
        0.0,
        0.0,
        0.0,
        0.0,
        0.0,
        0.0,
        0.0,
        0.0,
        0.0,
        0.0
    ]
}