{
    "eigs_regret": [
        331.94229178402236,
        6917.081184149772,
        1909.7657277589954,
        31621.661356006436,
        51228.32274841515,
        33003.3953934268,
        13143.99274381134,
        107.65846498597737,
        1097.1446161503297,
        315.87866251544284
    ],
    "eigs_max": [
        331.94229178402236,
        6917.081184149772,
        1909.7657277589954,
        31621.661356006436,
        51228.32274841515,
        33003.3953934268,
        13143.99274381134,
        107.65846498597737,
        1097.1446161503297,
        315.87866251544284
    ],
    "inputs_max": [
        [
            -1.1842216316128198,
            -0.5024100455430536
        ],
        [
            -1.2887321432940695,
            1.2228830833275017
        ],
        [
            -1.7189216137668701,
            -0.6285642816113208
        ],
        [
            -0.4539097634499121,
            0.3441650653727675
        ],
        [
            0.3244319551358723,
            0.5513601843975637
        ],
        [
            1.6962390263912335,
            0.44441756150356815
        ],
        [
            0.4683881451440097,
            -0.7011120689926518
        ],
        [
            -0.7663654091024195,
            1.997901884060414
        ],
        [
            -0.08405762035448827,
            0.6744347846522936
        ],
        [
            1.447535729838564,
            0.4886516136803114
        ]
    ],
    "eigs": [
        0.0,
        0.0,
        0.0,
        0.0,
        0.0,
        0.0,
        0.0,
        0.0,
        0.0,
        0.0
    ]
}