{
    "eigs_regret": [
        331.94229178402236,
        230.45995777357155,
        82.7243704330235,
        342.0538177491019,
        53784.09250981368,
        4058.914945865384,
        39.51162989648716,
        404.82862383396366,
        16734.195101966277,
        3685.137169734501
    ],
    "eigs_max": [
        331.94229178402236,
        230.45995777357155,
        82.7243704330235,
        342.0538177491019,
        53784.09250981368,
        4058.914945865384,
        39.51162989648716,
        404.82862383396366,
        16734.195101966277,
        3685.137169734501
    ],
    "inputs_max": [
        [
            -1.1842216316128198,
            -0.5024100455430536
        ],
        [
            -1.2887321432940695,
            1.2228830833275017
        ],
        [
            1.1344081703121942,
            1.096516827352208
        ],
        [
            -0.4539097634499121,
            0.3441650653727675
        ],
        [
            0.3244319551358723,
            0.5513601843975637
        ],
        [
            0.6771689607620108,
            0.5045202805525313
        ],
        [
            0.5635669170890831,
            1.4182438455271367
        ],
        [
            0.05905505671145983,
            1.0682217561990694
        ],
        [
            -0.08405762035448827,
            0.6744347846522936
        ],
        [
            1.3869416697916321,
            0.0597569616838447
        ]
    ],
    "eigs": [
        0.0,
        0.0,
        0.0,
        0.0,
        0.0,
        0.0,
        0.0,
        0.0,
        0.0,
        0.0
    ]
}