{
    "eigs_regret": [
        12272.544034261473,
        1411.6652487533554,
        14899.934164059683,
        82.93007856116726,
        277.5318256274571,
        187.63608674108542,
        98615.3718401466,
        1685.8904375709621,
        2058.3216246115276,
        1339.772025516221
    ],
    "eigs_max": [
        12272.544034261473,
        1411.6652487533554,
        14899.934164059683,
        82.93007856116726,
        277.5318256274571,
        187.63608674108542,
        98615.3718401466,
        1685.8904375709621,
        2058.3216246115276,
        1339.772025516221
    ],
    "inputs_max": [
        [
            0.4323152775609356,
            -0.14231810761615193
        ],
        [
            1.4800774946192181,
            1.7603489250241648
        ],
        [
            0.470483681608612,
            0.40108643780950537
        ],
        [
            0.08432540364836738,
            0.015312908668802638
        ],
        [
            1.4765839093503672,
            0.3334358953834422
        ],
        [
            0.36152654637507986,
            -1.2887689379633258
        ],
        [
            -0.45985249384082394,
            0.9253665747549267
        ],
        [
            -0.6345905864287222,
            0.11031506217388198
        ],
        [
            -0.23319636410609768,
            -0.3424730467601922
        ],
        [
            -0.008352867101300454,
            1.778180613383999
        ]
    ],
    "eigs": [
        0.0,
        0.0,
        0.0,
        0.0,
        0.0,
        0.0,
        0.0,
        0.0,
        0.0,
        0.0
    ]
}