{
    "eigs_regret": [
        997.670369855665,
        4841.711466683567,
        2079.5247099492103,
        111.54065816394078,
        552.3962352694521,
        192372.73500712513,
        495617.82020792784,
        7954.484333763648,
        261.6242969161962,
        345.99759842516056
    ],
    "eigs_max": [
        997.670369855665,
        4841.711466683567,
        2079.5247099492103,
        111.54065816394078,
        552.3962352694521,
        192372.73500712513,
        495617.82020792784,
        7954.484333763648,
        261.6242969161962,
        345.99759842516056
    ],
    "inputs_max": [
        [
            -1.18140546384863,
            0.4770838654026548
        ],
        [
            -0.18800210517935412,
            1.02698169962789
        ],
        [
            -1.2168664326500158,
            0.13766080335931186
        ],
        [
            -1.1524706254523909,
            -0.046691067837453026
        ],
        [
            0.167238475350028,
            -0.5513966105111483
        ],
        [
            0.4303492729913403,
            0.3445294714745666
        ],
        [
            -1.7087820906969542,
            0.7284223788195177
        ],
        [
            0.2796989953299738,
            -0.23586591505417953
        ],
        [
            1.1133214580771686,
            -1.1871473320090673
        ],
        [
            0.6414099353001967,
            -1.048766655115109
        ]
    ],
    "eigs": [
        0.0,
        0.0,
        0.0,
        0.0,
        0.0,
        0.0,
        0.0,
        0.0,
        0.0,
        0.0
    ]
}