{
    "eigs_regret": [
        12272.544034261473,
        1442.8571276129433,
        236551.03932380435,
        117.54490415604246,
        21.69585305314934,
        14178.778699355584,
        5468.77504447857,
        36792.73632219389,
        2241.112702376371,
        910.3917952999038
    ],
    "eigs_max": [
        12272.544034261473,
        1442.8571276129433,
        236551.03932380435,
        117.54490415604246,
        21.69585305314934,
        14178.778699355584,
        5468.77504447857,
        36792.73632219389,
        2241.112702376371,
        910.3917952999038
    ],
    "inputs_max": [
        [
            0.4323152775609356,
            -0.14231810761615193
        ],
        [
            -1.0252065811584177,
            1.5053738758339215
        ],
        [
            0.470483681608612,
            0.40108643780950537
        ],
        [
            -1.6260505839325354,
            -0.5926961115318492
        ],
        [
            1.4765839093503672,
            0.3334358953834422
        ],
        [
            0.3836089169979817,
            -0.11233552806237013
        ],
        [
            -0.18843901060722867,
            -0.5233712524202963
        ],
        [
            0.70437749169231,
            -0.5190262314153076
        ],
        [
            1.4533403245260055,
            0.448667544450843
        ],
        [
            -0.5283719685374368,
            -1.400743616676965
        ]
    ],
    "eigs": [
        0.0,
        0.0,
        0.0,
        0.0,
        0.0,
        0.0,
        0.0,
        0.0,
        0.0,
        0.0
    ]
}