{
    "eigs_regret": [
        331.94229178402236,
        71392.68316690558,
        30164.852870462928,
        20104.315449757472,
        15344.533988619729,
        1313.8291597426864,
        202.30057224599128,
        20.975789631672072,
        16561.65001755306,
        53.40628760757936
    ],
    "eigs_max": [
        331.94229178402236,
        71392.68316690558,
        30164.852870462928,
        20104.315449757472,
        15344.533988619729,
        1313.8291597426864,
        202.30057224599128,
        20.975789631672072,
        16561.65001755306,
        53.40628760757936
    ],
    "inputs_max": [
        [
            -1.1842216316128198,
            -0.5024100455430536
        ],
        [
            -0.8823534005005107,
            0.15840651237150372
        ],
        [
            1.1344081703121942,
            1.096516827352208
        ],
        [
            -0.49408078058025184,
            -0.9147201437446588
        ],
        [
            -1.7264508799125027,
            -0.891168650694464
        ],
        [
            -0.7731715139994955,
            -1.094413773880203
        ],
        [
            -0.9467074787267822,
            1.7909885097993872
        ],
        [
            -0.789644280664088,
            -1.4610288070073723
        ],
        [
            -0.08405762035448827,
            0.6744347846522936
        ],
        [
            1.3869416697916321,
            0.0597569616838447
        ]
    ],
    "eigs": [
        0.0,
        0.0,
        0.0,
        0.0,
        0.0,
        0.0,
        0.0,
        0.0,
        0.0,
        0.0
    ]
}