{
    "eigs_regret": [
        997.670369855665,
        138495.56628383856,
        110665.98133695437,
        40.5904582761255,
        8473.56212860303,
        4723.809654774105,
        2177.2719195740137,
        72987.37338814583,
        1610.9259968620447,
        132907.21843042766
    ],
    "eigs_max": [
        997.670369855665,
        138495.56628383856,
        110665.98133695437,
        40.5904582761255,
        8473.56212860303,
        4723.809654774105,
        2177.2719195740137,
        72987.37338814583,
        1610.9259968620447,
        132907.21843042766
    ],
    "inputs_max": [
        [
            -1.18140546384863,
            0.4770838654026548
        ],
        [
            0.6425345017144677,
            -0.017792599631514694
        ],
        [
            0.8917862612965313,
            0.6295401671524594
        ],
        [
            -1.1095320932289834,
            -0.5532083422967746
        ],
        [
            0.167238475350028,
            -0.5513966105111483
        ],
        [
            0.4303492729913403,
            0.3445294714745666
        ],
        [
            -0.43915879102520083,
            -0.2476775970032219
        ],
        [
            0.2796989953299738,
            -0.23586591505417953
        ],
        [
            -0.022081928708221454,
            0.9373857694773378
        ],
        [
            0.07825513046174004,
            0.16482610855280067
        ]
    ],
    "eigs": [
        0.0,
        0.0,
        0.0,
        0.0,
        0.0,
        0.0,
        0.0,
        0.0,
        0.0,
        0.0
    ]
}