{
    "eigs_regret": [
        12272.544034261473,
        208994.46014417603,
        10701.52782500553,
        23.009925652226393,
        64.61942926125079,
        46.857639222339195,
        1377.8576156598092,
        326.1138923742825,
        32526.8514660318,
        40.16500745561342
    ],
    "eigs_max": [
        12272.544034261473,
        208994.46014417603,
        10701.52782500553,
        23.009925652226393,
        64.61942926125079,
        46.857639222339195,
        1377.8576156598092,
        326.1138923742825,
        32526.8514660318,
        40.16500745561342
    ],
    "inputs_max": [
        [
            0.4323152775609356,
            -0.14231810761615193
        ],
        [
            -0.5750897300563502,
            -1.8097473604106735
        ],
        [
            -0.451903208108027,
            1.545067631708278
        ],
        [
            0.5262459586307977,
            -1.5502096699033685
        ],
        [
            0.9212398560040578,
            1.5535435649364784
        ],
        [
            0.36152654637507986,
            -1.2887689379633258
        ],
        [
            -0.45985249384082394,
            0.9253665747549267
        ],
        [
            0.70437749169231,
            -0.5190262314153076
        ],
        [
            1.5666435946498618,
            -0.21917867268099656
        ],
        [
            -0.008352867101300454,
            1.778180613383999
        ]
    ],
    "eigs": [
        0.0,
        0.0,
        0.0,
        0.0,
        0.0,
        0.0,
        0.0,
        0.0,
        0.0,
        0.0
    ]
}