{
    "eigs_regret": [
        183001.32323928556,
        4543.564604120156,
        2640.1838202223576,
        3214.6356951325183,
        2498.7323789640573,
        20491.19204444952,
        352.54705659719497,
        5797.357895562688,
        3631.409373508935,
        47577.182642115484
    ],
    "eigs_max": [
        183001.32323928556,
        4543.564604120156,
        2640.1838202223576,
        3214.6356951325183,
        2498.7323789640573,
        20491.19204444952,
        352.54705659719497,
        5797.357895562688,
        3631.409373508935,
        47577.182642115484
    ],
    "inputs_max": [
        [
            -1.0655901392066913,
            -0.24830890987962473
        ],
        [
            0.41003189102250337,
            -1.6504786093866715
        ],
        [
            0.24539430355482894,
            1.7765509973390134
        ],
        [
            -0.04549597296072383,
            0.3853967838441892
        ],
        [
            0.7570360917195571,
            0.2006986087507463
        ],
        [
            0.11061140909552236,
            0.2531033620579146
        ],
        [
            -0.9681488641349327,
            0.1526479702565986
        ],
        [
            0.48414178710442,
            1.7977964781196358
        ],
        [
            0.9335963149902948,
            0.596242574870105
        ],
        [
            0.635867695384928,
            1.541156304690245
        ]
    ],
    "eigs": [
        0.0,
        0.0,
        0.0,
        0.0,
        0.0,
        0.0,
        0.0,
        0.0,
        0.0,
        0.0
    ]
}