{
    "eigs_regret": [
        12272.544034261473,
        2541.1588993407104,
        296885.81841202336,
        16561.826012941652,
        2136.240811559741,
        312.9466185216124,
        130526.73019507887,
        730.9685615772371,
        5335.706546879825,
        193.55861206524685
    ],
    "eigs_max": [
        12272.544034261473,
        2541.1588993407104,
        296885.81841202336,
        16561.826012941652,
        2136.240811559741,
        312.9466185216124,
        130526.73019507887,
        730.9685615772371,
        5335.706546879825,
        193.55861206524685
    ],
    "inputs_max": [
        [
            0.4323152775609356,
            -0.14231810761615193
        ],
        [
            -1.387578047163684,
            1.6394383317090124
        ],
        [
            0.470483681608612,
            0.40108643780950537
        ],
        [
            -1.2506663624501124,
            1.447248137953943
        ],
        [
            0.26990966547617656,
            -1.2754497937111502
        ],
        [
            -0.49715515946118893,
            -1.0069431097500563
        ],
        [
            -0.18843901060722867,
            -0.5233712524202963
        ],
        [
            0.70437749169231,
            -0.5190262314153076
        ],
        [
            -0.025782408613614027,
            0.6548942866227794
        ],
        [
            -0.6653755805594712,
            -0.1232019000719986
        ]
    ],
    "eigs": [
        0.0,
        0.0,
        0.0,
        0.0,
        0.0,
        0.0,
        0.0,
        0.0,
        0.0,
        0.0
    ]
}