{
    "eigs_regret": [
        6938.512713796957,
        7465.085866224453,
        371.1207325529002,
        36086.97153153163,
        6885.205938729197,
        367.20820982091016,
        6773.735997647216,
        97.29129811525226,
        6.45031217373108,
        2887.128461502339
    ],
    "eigs_max": [
        6938.512713796957,
        7465.085866224453,
        371.1207325529002,
        36086.97153153163,
        6885.205938729197,
        367.20820982091016,
        6773.735997647216,
        97.29129811525226,
        6.45031217373108,
        2887.128461502339
    ],
    "inputs_max": [
        [
            1.5317419148231761,
            -0.1934886394255586
        ],
        [
            -0.5839036450249253,
            1.7632205912122698
        ],
        [
            1.2754556928916658,
            -0.3734167252485321
        ],
        [
            -0.7632288976657571,
            -1.010971566274578
        ],
        [
            0.20169090608729734,
            -0.2677446393801426
        ],
        [
            -0.09606974841154381,
            0.23092632461956875
        ],
        [
            0.3973723781893228,
            -0.0022287807637351165
        ],
        [
            1.2714929240803206,
            -0.5169334804501622
        ],
        [
            -0.5236355302686038,
            -0.7689616087467406
        ],
        [
            -0.5955238521839332,
            -0.8944815067097642
        ]
    ],
    "eigs": [
        0.0,
        0.0,
        0.0,
        0.0,
        0.0,
        0.0,
        0.0,
        0.0,
        0.0,
        0.0
    ]
}