{
    "eigs_regret": [
        331.94229178402236,
        3840.5138792240573,
        31537.75552379302,
        496.57693051459125,
        248077.21248186976,
        413.37640647916464,
        2228.078294486543,
        1800.992770473046,
        3275.332073864801,
        132.46543653411206
    ],
    "eigs_max": [
        331.94229178402236,
        3840.5138792240573,
        31537.75552379302,
        496.57693051459125,
        248077.21248186976,
        413.37640647916464,
        2228.078294486543,
        1800.992770473046,
        3275.332073864801,
        132.46543653411206
    ],
    "inputs_max": [
        [
            -1.1842216316128198,
            -0.5024100455430536
        ],
        [
            -0.8823534005005107,
            0.15840651237150372
        ],
        [
            -0.5351497045217197,
            -0.023026374484108825
        ],
        [
            -0.4539097634499121,
            0.3441650653727675
        ],
        [
            0.3244319551358723,
            0.5513601843975637
        ],
        [
            0.6771689607620108,
            0.5045202805525313
        ],
        [
            -0.26672613496922315,
            0.663217857911039
        ],
        [
            -0.8082019841070109,
            -1.2787474659039848
        ],
        [
            -0.08405762035448827,
            0.6744347846522936
        ],
        [
            0.9437206870733736,
            -0.5776767654652932
        ]
    ],
    "eigs": [
        0.0,
        0.0,
        0.0,
        0.0,
        0.0,
        0.0,
        0.0,
        0.0,
        0.0,
        0.0
    ]
}