{
    "eigs_regret": [
        12272.544034261473,
        72332.71166176209,
        363030.70060576155,
        16.592006753494836,
        527.7740969309639,
        342.90125256660093,
        1947.0942816841612,
        2652.3877977861525,
        1453.1762303243531,
        291.51786345457657
    ],
    "eigs_max": [
        12272.544034261473,
        72332.71166176209,
        363030.70060576155,
        16.592006753494836,
        527.7740969309639,
        342.90125256660093,
        1947.0942816841612,
        2652.3877977861525,
        1453.1762303243531,
        291.51786345457657
    ],
    "inputs_max": [
        [
            0.4323152775609356,
            -0.14231810761615193
        ],
        [
            -0.33529082014038414,
            0.7303931657701477
        ],
        [
            0.470483681608612,
            0.40108643780950537
        ],
        [
            -1.6260505839325354,
            -0.5926961115318492
        ],
        [
            -1.4159679596420185,
            1.1026115416811169
        ],
        [
            -0.49715515946118893,
            -1.0069431097500563
        ],
        [
            -0.18843901060722867,
            -0.5233712524202963
        ],
        [
            0.70437749169231,
            -0.5190262314153076
        ],
        [
            -0.23319636410609768,
            -0.3424730467601922
        ],
        [
            0.023543653004582055,
            -0.6890814391073636
        ]
    ],
    "eigs": [
        0.0,
        0.0,
        0.0,
        0.0,
        0.0,
        0.0,
        0.0,
        0.0,
        0.0,
        0.0
    ]
}