{
    "eigs_regret": [
        997.670369855665,
        61220.96089599289,
        73120.1790237085,
        660.7834313999681,
        3540.044944484648,
        950.7460297925453,
        177599.182058971,
        14195.786102373757,
        6363.323127807878,
        9173.057374560522
    ],
    "eigs_max": [
        997.670369855665,
        61220.96089599289,
        73120.1790237085,
        660.7834313999681,
        3540.044944484648,
        950.7460297925453,
        177599.182058971,
        14195.786102373757,
        6363.323127807878,
        9173.057374560522
    ],
    "inputs_max": [
        [
            -1.18140546384863,
            0.4770838654026548
        ],
        [
            0.6425345017144677,
            -0.017792599631514694
        ],
        [
            1.0605274240089284,
            0.05352774859017906
        ],
        [
            -1.1095320932289834,
            -0.5532083422967746
        ],
        [
            -0.22036412302066832,
            0.2677304862713856
        ],
        [
            0.8860431498123553,
            1.338451466912285
        ],
        [
            -0.43915879102520083,
            -0.2476775970032219
        ],
        [
            -0.32350632125009104,
            0.1615877870694491
        ],
        [
            -0.022081928708221454,
            0.9373857694773378
        ],
        [
            -1.705914416682758,
            0.3955334443322527
        ]
    ],
    "eigs": [
        0.0,
        0.0,
        0.0,
        0.0,
        0.0,
        0.0,
        0.0,
        0.0,
        0.0,
        0.0
    ]
}