{
    "eigs_regret": [
        183001.32323928556,
        3610.969831124603,
        22309.624542340876,
        2798.2802168724443,
        37309.10850964832,
        46992.86211957703,
        811.2260196519069,
        7368.904549423661,
        188031.2359929399,
        492.2850163040585
    ],
    "eigs_max": [
        183001.32323928556,
        3610.969831124603,
        22309.624542340876,
        2798.2802168724443,
        37309.10850964832,
        46992.86211957703,
        811.2260196519069,
        7368.904549423661,
        188031.2359929399,
        492.2850163040585
    ],
    "inputs_max": [
        [
            -1.0655901392066913,
            -0.24830890987962473
        ],
        [
            -1.0515996435188204,
            -0.11029641950419489
        ],
        [
            1.4024679883161166,
            -1.3912309232393554
        ],
        [
            -0.04549597296072383,
            0.3853967838441892
        ],
        [
            -0.21783472634855183,
            -0.14268846086056097
        ],
        [
            -0.3064825825128934,
            -0.348854371193835
        ],
        [
            1.7835837968199146,
            -0.8196734814956095
        ],
        [
            -0.08635491926193195,
            0.3806767943910714
        ],
        [
            -0.25401295159596016,
            0.2929176774649602
        ],
        [
            1.3855984922328939,
            0.2564060348272359
        ]
    ],
    "eigs": [
        0.0,
        0.0,
        0.0,
        0.0,
        0.0,
        0.0,
        0.0,
        0.0,
        0.0,
        0.0
    ]
}