{
    "eigs_regret": [
        183001.32323928556,
        476.05432612574316,
        80.287936574202,
        1585.61323281069,
        39365.71950468713,
        4652.482807911634,
        6564.95634540071,
        17024.486840292917,
        1643.6752465535603,
        34.663489858944885
    ],
    "eigs_max": [
        183001.32323928556,
        476.05432612574316,
        80.287936574202,
        1585.61323281069,
        39365.71950468713,
        4652.482807911634,
        6564.95634540071,
        17024.486840292917,
        1643.6752465535603,
        34.663489858944885
    ],
    "inputs_max": [
        [
            -1.0655901392066913,
            -0.24830890987962473
        ],
        [
            -1.806786484586972,
            1.304128879532267
        ],
        [
            0.10800567732038102,
            0.3399524768431963
        ],
        [
            -1.495470042573976,
            -0.7305046675895421
        ],
        [
            -0.21783472634855183,
            -0.14268846086056097
        ],
        [
            0.11061140909552236,
            0.2531033620579146
        ],
        [
            -0.9681488641349327,
            0.1526479702565986
        ],
        [
            0.9149299641311877,
            -1.109171110775606
        ],
        [
            0.29304444049558587,
            0.35675374369223567
        ],
        [
            0.635867695384928,
            1.541156304690245
        ]
    ],
    "eigs": [
        0.0,
        0.0,
        0.0,
        0.0,
        0.0,
        0.0,
        0.0,
        0.0,
        0.0,
        0.0
    ]
}