{
    "eigs_regret": [
        183001.32323928556,
        49420.15262466371,
        53.242252555422354,
        115.26498198836418,
        196668.9143549873,
        191636.28042838897,
        2074.989688425442,
        279443.3710558737,
        16368.028018012219,
        18641.558073375534
    ],
    "eigs_max": [
        183001.32323928556,
        49420.15262466371,
        53.242252555422354,
        115.26498198836418,
        196668.9143549873,
        191636.28042838897,
        2074.989688425442,
        279443.3710558737,
        16368.028018012219,
        18641.558073375534
    ],
    "inputs_max": [
        [
            -1.0655901392066913,
            -0.24830890987962473
        ],
        [
            0.1739818216661,
            -0.5013536652965351
        ],
        [
            1.4024679883161166,
            -1.3912309232393554
        ],
        [
            -1.5118565893399936,
            -0.14020192059438363
        ],
        [
            0.7570360917195571,
            0.2006986087507463
        ],
        [
            0.11061140909552236,
            0.2531033620579146
        ],
        [
            -0.9681488641349327,
            0.1526479702565986
        ],
        [
            0.4576233871205222,
            0.2403729514379247
        ],
        [
            0.9335963149902948,
            0.596242574870105
        ],
        [
            -0.3514081680321812,
            1.9287184587461654
        ]
    ],
    "eigs": [
        0.0,
        0.0,
        0.0,
        0.0,
        0.0,
        0.0,
        0.0,
        0.0,
        0.0,
        0.0
    ]
}