{
    "eigs_regret": [
        331.94229178402236,
        7161.911820663574,
        402.67014583537684,
        4953.19225671997,
        40199.24831494213,
        2788.9301819065745,
        2102.971054440025,
        439.1541716661439,
        10094.489973328371,
        555.2805813517057
    ],
    "eigs_max": [
        331.94229178402236,
        7161.911820663574,
        402.67014583537684,
        4953.19225671997,
        40199.24831494213,
        2788.9301819065745,
        2102.971054440025,
        439.1541716661439,
        10094.489973328371,
        555.2805813517057
    ],
    "inputs_max": [
        [
            -1.1842216316128198,
            -0.5024100455430536
        ],
        [
            1.3096895893973195,
            0.5598274725530112
        ],
        [
            1.1344081703121942,
            1.096516827352208
        ],
        [
            -0.4539097634499121,
            0.3441650653727675
        ],
        [
            0.933460904315536,
            -0.10199200124702612
        ],
        [
            0.6771689607620108,
            0.5045202805525313
        ],
        [
            1.7172432003788791,
            0.45857675808342835
        ],
        [
            -0.7663654091024195,
            1.997901884060414
        ],
        [
            -0.8034995945437884,
            0.0797120553421955
        ],
        [
            -0.800307877116115,
            1.024868871389633
        ]
    ],
    "eigs": [
        0.0,
        0.0,
        0.0,
        0.0,
        0.0,
        0.0,
        0.0,
        0.0,
        0.0,
        0.0
    ]
}