{
    "eigs_regret": [
        183001.32323928556,
        2240.1864311872405,
        12925.699102072738,
        1645.2361808948642,
        38823.05932766102,
        6143.005719754621,
        1136.929274309692,
        28897.31935694274,
        5452.102221758336,
        4080.246614229531
    ],
    "eigs_max": [
        183001.32323928556,
        2240.1864311872405,
        12925.699102072738,
        1645.2361808948642,
        38823.05932766102,
        6143.005719754621,
        1136.929274309692,
        28897.31935694274,
        5452.102221758336,
        4080.246614229531
    ],
    "inputs_max": [
        [
            -1.0655901392066913,
            -0.24830890987962473
        ],
        [
            0.1739818216661,
            -0.5013536652965351
        ],
        [
            0.10800567732038102,
            0.3399524768431963
        ],
        [
            -1.495470042573976,
            -0.7305046675895421
        ],
        [
            -0.21783472634855183,
            -0.14268846086056097
        ],
        [
            -1.9958347054336416,
            1.5957697677741662
        ],
        [
            -0.9681488641349327,
            0.1526479702565986
        ],
        [
            1.2037766419748093,
            -1.4986347523609687
        ],
        [
            0.9335963149902948,
            0.596242574870105
        ],
        [
            -0.3514081680321812,
            1.9287184587461654
        ]
    ],
    "eigs": [
        0.0,
        0.0,
        0.0,
        0.0,
        0.0,
        0.0,
        0.0,
        0.0,
        0.0,
        0.0
    ]
}