{
    "eigs_regret": [
        183001.32323928556,
        6733.453936538417,
        194081.04538509835,
        1810.4459757319753,
        27571.75517170972,
        202271.75670247796,
        498.1521217721839,
        961.8066733365623,
        2690.792771693682,
        1051.8712782948983
    ],
    "eigs_max": [
        183001.32323928556,
        6733.453936538417,
        194081.04538509835,
        1810.4459757319753,
        27571.75517170972,
        202271.75670247796,
        498.1521217721839,
        961.8066733365623,
        2690.792771693682,
        1051.8712782948983
    ],
    "inputs_max": [
        [
            -1.0655901392066913,
            -0.24830890987962473
        ],
        [
            -1.0515996435188204,
            -0.11029641950419489
        ],
        [
            0.24539430355482894,
            1.7765509973390134
        ],
        [
            -1.495470042573976,
            -0.7305046675895421
        ],
        [
            -0.21783472634855183,
            -0.14268846086056097
        ],
        [
            0.11061140909552236,
            0.2531033620579146
        ],
        [
            1.0819195296689896,
            0.9066284203818014
        ],
        [
            0.9149299641311877,
            -1.109171110775606
        ],
        [
            0.29304444049558587,
            0.35675374369223567
        ],
        [
            -0.3514081680321812,
            1.9287184587461654
        ]
    ],
    "eigs": [
        0.0,
        0.0,
        0.0,
        0.0,
        0.0,
        0.0,
        0.0,
        0.0,
        0.0,
        0.0
    ]
}