{
    "eigs_regret": [
        997.670369855665,
        13097.354559529267,
        3826.923315020294,
        396.7656920410619,
        477.59868635068614,
        121000.87960513038,
        689.6737806854507,
        48.099046872778594,
        590.0295572110689,
        31.461157709733843
    ],
    "eigs_max": [
        997.670369855665,
        13097.354559529267,
        3826.923315020294,
        396.7656920410619,
        477.59868635068614,
        121000.87960513038,
        689.6737806854507,
        48.099046872778594,
        590.0295572110689,
        31.461157709733843
    ],
    "inputs_max": [
        [
            -1.18140546384863,
            0.4770838654026548
        ],
        [
            -0.4912471325567136,
            1.5178771890282143
        ],
        [
            0.8917862612965313,
            0.6295401671524594
        ],
        [
            1.1749218673378188,
            -1.049971917460939
        ],
        [
            -0.6386323287881006,
            1.4464978012549903
        ],
        [
            0.4303492729913403,
            0.3445294714745666
        ],
        [
            -0.886696508341227,
            0.9656309103421714
        ],
        [
            -0.32350632125009104,
            0.1615877870694491
        ],
        [
            -0.022081928708221454,
            0.9373857694773378
        ],
        [
            0.6414099353001967,
            -1.048766655115109
        ]
    ],
    "eigs": [
        0.0,
        0.0,
        0.0,
        0.0,
        0.0,
        0.0,
        0.0,
        0.0,
        0.0,
        0.0
    ]
}