{
    "eigs_regret": [
        12272.544034261473,
        2253.452277830883,
        5014.351887674046,
        1192.284214324286,
        450.986455368239,
        19847.71984513962,
        1942.2418391285455,
        29384.460760573867,
        1205.3273204616341,
        834.8901112183826
    ],
    "eigs_max": [
        12272.544034261473,
        2253.452277830883,
        5014.351887674046,
        1192.284214324286,
        450.986455368239,
        19847.71984513962,
        1942.2418391285455,
        29384.460760573867,
        1205.3273204616341,
        834.8901112183826
    ],
    "inputs_max": [
        [
            0.4323152775609356,
            -0.14231810761615193
        ],
        [
            -1.387578047163684,
            1.6394383317090124
        ],
        [
            0.470483681608612,
            0.40108643780950537
        ],
        [
            -0.6368053189253811,
            1.8365454750343884
        ],
        [
            -0.9141357015624263,
            -0.712663078122528
        ],
        [
            -0.6153214541008794,
            -1.2573194498105558
        ],
        [
            -0.45985249384082394,
            0.9253665747549267
        ],
        [
            0.70437749169231,
            -0.5190262314153076
        ],
        [
            0.2985051483204386,
            0.43341419525197455
        ],
        [
            -0.008352867101300454,
            1.778180613383999
        ]
    ],
    "eigs": [
        0.0,
        0.0,
        0.0,
        0.0,
        0.0,
        0.0,
        0.0,
        0.0,
        0.0,
        0.0
    ]
}