{
    "eigs_regret": [
        183001.32323928556,
        1797.9905050549069,
        249403.14528928205,
        649.462717988236,
        2048.8612540808376,
        20115.755398378387,
        7325.800579216694,
        1972.4909372523605,
        1143.90336114415,
        1708.9969615134844
    ],
    "eigs_max": [
        183001.32323928556,
        1797.9905050549069,
        249403.14528928205,
        649.462717988236,
        2048.8612540808376,
        20115.755398378387,
        7325.800579216694,
        1972.4909372523605,
        1143.90336114415,
        1708.9969615134844
    ],
    "inputs_max": [
        [
            -1.0655901392066913,
            -0.24830890987962473
        ],
        [
            -1.0515996435188204,
            -0.11029641950419489
        ],
        [
            0.10800567732038102,
            0.3399524768431963
        ],
        [
            -0.04549597296072383,
            0.3853967838441892
        ],
        [
            -0.21783472634855183,
            -0.14268846086056097
        ],
        [
            0.11061140909552236,
            0.2531033620579146
        ],
        [
            0.779645926007484,
            -1.1954777747421588
        ],
        [
            -0.08635491926193195,
            0.3806767943910714
        ],
        [
            -0.25401295159596016,
            0.2929176774649602
        ],
        [
            -1.1711613119225484,
            1.634359081181516
        ]
    ],
    "eigs": [
        0.0,
        0.0,
        0.0,
        0.0,
        0.0,
        0.0,
        0.0,
        0.0,
        0.0,
        0.0
    ]
}