{
    "eigs_regret": [
        331.94229178402236,
        372.0342965970696,
        16698.10167912244,
        203.5716976108407,
        6829.618670833214,
        908.4167911616955,
        7982.713674974572,
        141.79879078753555,
        4695.217250732179,
        96.58483534253268
    ],
    "eigs_max": [
        331.94229178402236,
        372.0342965970696,
        16698.10167912244,
        203.5716976108407,
        6829.618670833214,
        908.4167911616955,
        7982.713674974572,
        141.79879078753555,
        4695.217250732179,
        96.58483534253268
    ],
    "inputs_max": [
        [
            -1.1842216316128198,
            -0.5024100455430536
        ],
        [
            1.3096895893973195,
            0.5598274725530112
        ],
        [
            -0.5351497045217197,
            -0.023026374484108825
        ],
        [
            -0.4539097634499121,
            0.3441650653727675
        ],
        [
            0.3244319551358723,
            0.5513601843975637
        ],
        [
            0.6771689607620108,
            0.5045202805525313
        ],
        [
            0.4683881451440097,
            -0.7011120689926518
        ],
        [
            -0.609289488322577,
            1.4693351930649925
        ],
        [
            -0.08405762035448827,
            0.6744347846522936
        ],
        [
            1.3869416697916321,
            0.0597569616838447
        ]
    ],
    "eigs": [
        0.0,
        0.0,
        0.0,
        0.0,
        0.0,
        0.0,
        0.0,
        0.0,
        0.0,
        0.0
    ]
}