{
    "eigs_regret": [
        997.670369855665,
        72897.69947853875,
        423119.1017332293,
        1029.896042527498,
        838.1406116913279,
        41075.24900922733,
        1025.4610681913266,
        325253.5433478376,
        2280.604359825202,
        36024.08435899083
    ],
    "eigs_max": [
        997.670369855665,
        72897.69947853875,
        423119.1017332293,
        1029.896042527498,
        838.1406116913279,
        41075.24900922733,
        1025.4610681913266,
        325253.5433478376,
        2280.604359825202,
        36024.08435899083
    ],
    "inputs_max": [
        [
            -1.18140546384863,
            0.4770838654026548
        ],
        [
            -0.18800210517935412,
            1.02698169962789
        ],
        [
            1.0605274240089284,
            0.05352774859017906
        ],
        [
            1.1749218673378188,
            -1.049971917460939
        ],
        [
            0.167238475350028,
            -0.5513966105111483
        ],
        [
            0.4303492729913403,
            0.3445294714745666
        ],
        [
            -0.43915879102520083,
            -0.2476775970032219
        ],
        [
            0.2796989953299738,
            -0.23586591505417953
        ],
        [
            -0.022081928708221454,
            0.9373857694773378
        ],
        [
            0.07825513046174004,
            0.16482610855280067
        ]
    ],
    "eigs": [
        0.0,
        0.0,
        0.0,
        0.0,
        0.0,
        0.0,
        0.0,
        0.0,
        0.0,
        0.0
    ]
}