{
    "eigs_regret": [
        12272.544034261473,
        7147.0395975637175,
        317065.15582247096,
        38.44729838938027,
        56.826938216638204,
        8443.910043216363,
        7355.318798745076,
        438.52861998745976,
        106625.72416547468,
        11065.115958680446
    ],
    "eigs_max": [
        12272.544034261473,
        7147.0395975637175,
        317065.15582247096,
        38.44729838938027,
        56.826938216638204,
        8443.910043216363,
        7355.318798745076,
        438.52861998745976,
        106625.72416547468,
        11065.115958680446
    ],
    "inputs_max": [
        [
            0.4323152775609356,
            -0.14231810761615193
        ],
        [
            -0.33529082014038414,
            0.7303931657701477
        ],
        [
            0.470483681608612,
            0.40108643780950537
        ],
        [
            -0.1779398527281768,
            0.8681570251445989
        ],
        [
            1.4765839093503672,
            0.3334358953834422
        ],
        [
            0.3836089169979817,
            -0.11233552806237013
        ],
        [
            -0.18843901060722867,
            -0.5233712524202963
        ],
        [
            1.5153932768234228,
            1.17072130432928
        ],
        [
            -1.4019508565674528,
            0.40358580977538505
        ],
        [
            -0.6653755805594712,
            -0.1232019000719986
        ]
    ],
    "eigs": [
        0.0,
        0.0,
        0.0,
        0.0,
        0.0,
        0.0,
        0.0,
        0.0,
        0.0,
        0.0
    ]
}