{
    "eigs_regret": [
        183001.32323928556,
        1728.2936025976387,
        703.5110684738613,
        251046.5274283436,
        17646.97169858861,
        12118.927868016912,
        50.29948074238198,
        80900.08273447318,
        90005.50569680058,
        130.09456419685753
    ],
    "eigs_max": [
        183001.32323928556,
        1728.2936025976387,
        703.5110684738613,
        251046.5274283436,
        17646.97169858861,
        12118.927868016912,
        50.29948074238198,
        80900.08273447318,
        90005.50569680058,
        130.09456419685753
    ],
    "inputs_max": [
        [
            -1.0655901392066913,
            -0.24830890987962473
        ],
        [
            0.16911852592691412,
            0.5213970127618177
        ],
        [
            0.4298723761903074,
            0.21838664275413056
        ],
        [
            -1.495470042573976,
            -0.7305046675895421
        ],
        [
            0.7570360917195571,
            0.2006986087507463
        ],
        [
            0.11061140909552236,
            0.2531033620579146
        ],
        [
            -0.2050019350614769,
            -1.690215198412278
        ],
        [
            -0.08635491926193195,
            0.3806767943910714
        ],
        [
            0.9335963149902948,
            0.596242574870105
        ],
        [
            -1.1711613119225484,
            1.634359081181516
        ]
    ],
    "eigs": [
        0.0,
        0.0,
        0.0,
        0.0,
        0.0,
        0.0,
        0.0,
        0.0,
        0.0,
        0.0
    ]
}