{
    "eigs_regret": [
        331.94229178402236,
        740.5468483734975,
        345.9746466632806,
        8172.614780856209,
        166047.4923717389,
        1036.7418863603434,
        1002.8390157787672,
        38.66306081681454,
        971.0897213571009,
        50.97312531434716
    ],
    "eigs_max": [
        331.94229178402236,
        740.5468483734975,
        345.9746466632806,
        8172.614780856209,
        166047.4923717389,
        1036.7418863603434,
        1002.8390157787672,
        38.66306081681454,
        971.0897213571009,
        50.97312531434716
    ],
    "inputs_max": [
        [
            -1.1842216316128198,
            -0.5024100455430536
        ],
        [
            1.3096895893973195,
            0.5598274725530112
        ],
        [
            1.1344081703121942,
            1.096516827352208
        ],
        [
            -0.4539097634499121,
            0.3441650653727675
        ],
        [
            0.3244319551358723,
            0.5513601843975637
        ],
        [
            0.675090054517606,
            -0.8099738651422919
        ],
        [
            0.5635669170890831,
            1.4182438455271367
        ],
        [
            0.05905505671145983,
            1.0682217561990694
        ],
        [
            -0.08405762035448827,
            0.6744347846522936
        ],
        [
            1.3437021144684205,
            -1.3112838379796874
        ]
    ],
    "eigs": [
        0.0,
        0.0,
        0.0,
        0.0,
        0.0,
        0.0,
        0.0,
        0.0,
        0.0,
        0.0
    ]
}