{
    "eigs_regret": [
        331.94229178402236,
        22835.98841607907,
        1616.9629532273598,
        47916.14789122719,
        37089.85550125849,
        3915.9690904806184,
        6862.4644362323115,
        1784.1479078532384,
        1992.9864514595838,
        620.5227735349846
    ],
    "eigs_max": [
        331.94229178402236,
        22835.98841607907,
        1616.9629532273598,
        47916.14789122719,
        37089.85550125849,
        3915.9690904806184,
        6862.4644362323115,
        1784.1479078532384,
        1992.9864514595838,
        620.5227735349846
    ],
    "inputs_max": [
        [
            -1.1842216316128198,
            -0.5024100455430536
        ],
        [
            -1.2887321432940695,
            1.2228830833275017
        ],
        [
            1.4350683957526607,
            1.246078382212438
        ],
        [
            -0.4539097634499121,
            0.3441650653727675
        ],
        [
            0.3244319551358723,
            0.5513601843975637
        ],
        [
            0.675090054517606,
            -0.8099738651422919
        ],
        [
            -0.9467074787267822,
            1.7909885097993872
        ],
        [
            -1.6648283241215456,
            0.34691987098503185
        ],
        [
            -0.4992488904522334,
            -0.33543074497468295
        ],
        [
            0.2828978775672746,
            -1.170747957564977
        ]
    ],
    "eigs": [
        0.0,
        0.0,
        0.0,
        0.0,
        0.0,
        0.0,
        0.0,
        0.0,
        0.0,
        0.0
    ]
}