{
    "eigs_regret": [
        6938.512713796957,
        72.27893689967185,
        3384.4787833228547,
        95650.943274346,
        88.75703225578543,
        847.9482443169305,
        7276.877681119829,
        209.77204836443633,
        571.4138397522664,
        2056.036303933162
    ],
    "eigs_max": [
        6938.512713796957,
        72.27893689967185,
        3384.4787833228547,
        95650.943274346,
        88.75703225578543,
        847.9482443169305,
        7276.877681119829,
        209.77204836443633,
        571.4138397522664,
        2056.036303933162
    ],
    "inputs_max": [
        [
            1.5317419148231761,
            -0.1934886394255586
        ],
        [
            0.924284098102127,
            -0.3151664685663058
        ],
        [
            0.8838724564537732,
            -0.6305331443350242
        ],
        [
            0.4560631038971894,
            0.4848326716383311
        ],
        [
            -0.5576306459156455,
            -0.8144599440067561
        ],
        [
            -0.09606974841154381,
            0.23092632461956875
        ],
        [
            0.3973723781893228,
            -0.0022287807637351165
        ],
        [
            1.2714929240803206,
            -0.5169334804501622
        ],
        [
            -1.5320971994926817,
            -1.9248963502947602
        ],
        [
            -0.09142050240812827,
            0.7223345362640394
        ]
    ],
    "eigs": [
        0.0,
        0.0,
        0.0,
        0.0,
        0.0,
        0.0,
        0.0,
        0.0,
        0.0,
        0.0
    ]
}