{
    "eigs_regret": [
        6938.512713796957,
        6408.281257268712,
        943.8769673224615,
        217272.21887194444,
        485.3514094396561,
        1706159.103923592,
        16032.973514950714,
        603.4376082537556,
        19608.56200048341,
        12654.132454733684
    ],
    "eigs_max": [
        6938.512713796957,
        6408.281257268712,
        943.8769673224615,
        217272.21887194444,
        485.3514094396561,
        1706159.103923592,
        16032.973514950714,
        603.4376082537556,
        19608.56200048341,
        12654.132454733684
    ],
    "inputs_max": [
        [
            1.5317419148231761,
            -0.1934886394255586
        ],
        [
            0.924284098102127,
            -0.3151664685663058
        ],
        [
            0.8838724564537732,
            -0.6305331443350242
        ],
        [
            0.3566043039328557,
            0.25002334534101145
        ],
        [
            -1.5593062480100168,
            -0.40400721323342204
        ],
        [
            -0.09606974841154381,
            0.23092632461956875
        ],
        [
            0.3973723781893228,
            -0.0022287807637351165
        ],
        [
            -1.7797769979562883,
            -0.178794508568906
        ],
        [
            0.8688772523454911,
            -0.4293604984110839
        ],
        [
            -0.09142050240812827,
            0.7223345362640394
        ]
    ],
    "eigs": [
        0.0,
        0.0,
        0.0,
        0.0,
        0.0,
        0.0,
        0.0,
        0.0,
        0.0,
        0.0
    ]
}