{
    "eigs_regret": [
        331.94229178402236,
        197.15993630806648,
        1686.4626840921858,
        542.4375214472618,
        40139.50774888434,
        338860.5897644414,
        88296.17923881838,
        30162.654685053534,
        3707.2021489643093,
        159.2775604751755
    ],
    "eigs_max": [
        331.94229178402236,
        197.15993630806648,
        1686.4626840921858,
        542.4375214472618,
        40139.50774888434,
        338860.5897644414,
        88296.17923881838,
        30162.654685053534,
        3707.2021489643093,
        159.2775604751755
    ],
    "inputs_max": [
        [
            -1.1842216316128198,
            -0.5024100455430536
        ],
        [
            1.3096895893973195,
            0.5598274725530112
        ],
        [
            1.1344081703121942,
            1.096516827352208
        ],
        [
            -0.49408078058025184,
            -0.9147201437446588
        ],
        [
            1.0511223851223828,
            -1.5562910832426589
        ],
        [
            0.675090054517606,
            -0.8099738651422919
        ],
        [
            0.5635669170890831,
            1.4182438455271367
        ],
        [
            0.8661247236488077,
            1.3164579367261173
        ],
        [
            -0.48689407169597043,
            1.1346874423518276
        ],
        [
            1.3869416697916321,
            0.0597569616838447
        ]
    ],
    "eigs": [
        0.0,
        0.0,
        0.0,
        0.0,
        0.0,
        0.0,
        0.0,
        0.0,
        0.0,
        0.0
    ]
}