{
    "eigs_regret": [
        6938.512713796957,
        740.5898470276009,
        413478.2762171518,
        553512.9192496665,
        2538.435798024768,
        2990.208460298288,
        6864.120785177412,
        8344.874762283973,
        8539.327819467488,
        4468.952650997204
    ],
    "eigs_max": [
        6938.512713796957,
        740.5898470276009,
        413478.2762171518,
        553512.9192496665,
        2538.435798024768,
        2990.208460298288,
        6864.120785177412,
        8344.874762283973,
        8539.327819467488,
        4468.952650997204
    ],
    "inputs_max": [
        [
            1.5317419148231761,
            -0.1934886394255586
        ],
        [
            0.924284098102127,
            -0.3151664685663058
        ],
        [
            -0.40161470868004656,
            0.3889553815456961
        ],
        [
            0.4560631038971894,
            0.4848326716383311
        ],
        [
            -0.5576306459156455,
            -0.8144599440067561
        ],
        [
            1.4587398598311032,
            0.24300691156499266
        ],
        [
            1.1858564621199705,
            0.762133305347704
        ],
        [
            -0.9623173799201163,
            -0.32913239391015603
        ],
        [
            -0.5236355302686038,
            -0.7689616087467406
        ],
        [
            -0.09142050240812827,
            0.7223345362640394
        ]
    ],
    "eigs": [
        0.0,
        0.0,
        0.0,
        0.0,
        0.0,
        0.0,
        0.0,
        0.0,
        0.0,
        0.0
    ]
}