{
    "eigs_regret": [
        331.94229178402236,
        291.4527298753437,
        450.1181615435319,
        181.42899773097878,
        123416.47737889133,
        926.8336896565708,
        3284.039684084604,
        43.31606457062784,
        246209.79980575273,
        30.837654637931987
    ],
    "eigs_max": [
        331.94229178402236,
        291.4527298753437,
        450.1181615435319,
        181.42899773097878,
        123416.47737889133,
        926.8336896565708,
        3284.039684084604,
        43.31606457062784,
        246209.79980575273,
        30.837654637931987
    ],
    "inputs_max": [
        [
            -1.1842216316128198,
            -0.5024100455430536
        ],
        [
            1.3096895893973195,
            0.5598274725530112
        ],
        [
            -0.5351497045217197,
            -0.023026374484108825
        ],
        [
            -0.49408078058025184,
            -0.9147201437446588
        ],
        [
            0.3244319551358723,
            0.5513601843975637
        ],
        [
            0.6771689607620108,
            0.5045202805525313
        ],
        [
            0.4683881451440097,
            -0.7011120689926518
        ],
        [
            -0.789644280664088,
            -1.4610288070073723
        ],
        [
            -0.08405762035448827,
            0.6744347846522936
        ],
        [
            1.3869416697916321,
            0.0597569616838447
        ]
    ],
    "eigs": [
        0.0,
        0.0,
        0.0,
        0.0,
        0.0,
        0.0,
        0.0,
        0.0,
        0.0,
        0.0
    ]
}