{
    "eigs_regret": [
        12272.544034261473,
        78160.49991697613,
        91476.40423697529,
        2408.816065379747,
        2466.0508014127213,
        814.3694877812513,
        3682.1615462028894,
        6768.910121241123,
        76921.97374561784,
        110.17250643665959
    ],
    "eigs_max": [
        12272.544034261473,
        78160.49991697613,
        91476.40423697529,
        2408.816065379747,
        2466.0508014127213,
        814.3694877812513,
        3682.1615462028894,
        6768.910121241123,
        76921.97374561784,
        110.17250643665959
    ],
    "inputs_max": [
        [
            0.4323152775609356,
            -0.14231810761615193
        ],
        [
            -0.33529082014038414,
            0.7303931657701477
        ],
        [
            0.470483681608612,
            0.40108643780950537
        ],
        [
            -1.6260505839325354,
            -0.5926961115318492
        ],
        [
            0.9212398560040578,
            1.5535435649364784
        ],
        [
            0.36152654637507986,
            -1.2887689379633258
        ],
        [
            1.1742572060502519,
            1.270622432868501
        ],
        [
            0.70437749169231,
            -0.5190262314153076
        ],
        [
            0.2985051483204386,
            0.43341419525197455
        ],
        [
            -0.0022828929138341003,
            -1.4326922884301823
        ]
    ],
    "eigs": [
        0.0,
        0.0,
        0.0,
        0.0,
        0.0,
        0.0,
        0.0,
        0.0,
        0.0,
        0.0
    ]
}