{
    "eigs_regret": [
        6938.512713796957,
        87.16593388929093,
        3645.893111478927,
        46172.786527087075,
        159.36483315772918,
        4406.872201825048,
        6883.220006588443,
        263.8701657692789,
        2822.8665056444356,
        10273.558806681516
    ],
    "eigs_max": [
        6938.512713796957,
        87.16593388929093,
        3645.893111478927,
        46172.786527087075,
        159.36483315772918,
        4406.872201825048,
        6883.220006588443,
        263.8701657692789,
        2822.8665056444356,
        10273.558806681516
    ],
    "inputs_max": [
        [
            1.5317419148231761,
            -0.1934886394255586
        ],
        [
            -0.5839036450249253,
            1.7632205912122698
        ],
        [
            1.2754556928916658,
            -0.3734167252485321
        ],
        [
            0.4560631038971894,
            0.4848326716383311
        ],
        [
            -1.5593062480100168,
            -0.40400721323342204
        ],
        [
            1.4587398598311032,
            0.24300691156499266
        ],
        [
            1.1858564621199705,
            0.762133305347704
        ],
        [
            -1.7797769979562883,
            -0.178794508568906
        ],
        [
            0.8688772523454911,
            -0.4293604984110839
        ],
        [
            -0.05011230223146246,
            -0.40049022747020313
        ]
    ],
    "eigs": [
        0.0,
        0.0,
        0.0,
        0.0,
        0.0,
        0.0,
        0.0,
        0.0,
        0.0,
        0.0
    ]
}