{
    "eigs_regret": [
        183001.32323928556,
        34527.08463625258,
        3687.7096877231197,
        4860.081571371855,
        114575.86501925194,
        2555.8162312361596,
        335962.42351000453,
        6465.309130558427,
        31221.82362747073,
        5313.833141856922
    ],
    "eigs_max": [
        183001.32323928556,
        34527.08463625258,
        3687.7096877231197,
        4860.081571371855,
        114575.86501925194,
        2555.8162312361596,
        335962.42351000453,
        6465.309130558427,
        31221.82362747073,
        5313.833141856922
    ],
    "inputs_max": [
        [
            -1.0655901392066913,
            -0.24830890987962473
        ],
        [
            -1.0515996435188204,
            -0.11029641950419489
        ],
        [
            0.4298723761903074,
            0.21838664275413056
        ],
        [
            -1.495470042573976,
            -0.7305046675895421
        ],
        [
            0.7570360917195571,
            0.2006986087507463
        ],
        [
            1.5213668767340298,
            0.9482223944072752
        ],
        [
            1.0819195296689896,
            0.9066284203818014
        ],
        [
            -0.08635491926193195,
            0.3806767943910714
        ],
        [
            0.9335963149902948,
            0.596242574870105
        ],
        [
            0.635867695384928,
            1.541156304690245
        ]
    ],
    "eigs": [
        0.0,
        0.0,
        0.0,
        0.0,
        0.0,
        0.0,
        0.0,
        0.0,
        0.0,
        0.0
    ]
}