{
    "eigs_regret": [
        997.670369855665,
        23548.499602582884,
        296.9062815373999,
        32.81495922513667,
        524.569775968845,
        821237.6107472625,
        46342.529856158835,
        6048.686909457132,
        5519.785419030853,
        32438.58978287304
    ],
    "eigs_max": [
        997.670369855665,
        23548.499602582884,
        296.9062815373999,
        32.81495922513667,
        524.569775968845,
        821237.6107472625,
        46342.529856158835,
        6048.686909457132,
        5519.785419030853,
        32438.58978287304
    ],
    "inputs_max": [
        [
            -1.18140546384863,
            0.4770838654026548
        ],
        [
            -0.18800210517935412,
            1.02698169962789
        ],
        [
            0.8917862612965313,
            0.6295401671524594
        ],
        [
            -1.1524706254523909,
            -0.046691067837453026
        ],
        [
            0.167238475350028,
            -0.5513966105111483
        ],
        [
            0.8860431498123553,
            1.338451466912285
        ],
        [
            -0.43915879102520083,
            -0.2476775970032219
        ],
        [
            0.2796989953299738,
            -0.23586591505417953
        ],
        [
            -0.6472363752137924,
            -0.4864649849336602
        ],
        [
            1.328889976235474,
            -0.15143256326209098
        ]
    ],
    "eigs": [
        0.0,
        0.0,
        0.0,
        0.0,
        0.0,
        0.0,
        0.0,
        0.0,
        0.0,
        0.0
    ]
}