{
    "eigs_regret": [
        183001.32323928556,
        1157.364094106114,
        106841.82310234608,
        7161.125795570141,
        2622.9265944041467,
        7993.014953674403,
        1153.9782714275227,
        6557.547617828092,
        3252.540708221166,
        262.0869775401513
    ],
    "eigs_max": [
        183001.32323928556,
        1157.364094106114,
        106841.82310234608,
        7161.125795570141,
        2622.9265944041467,
        7993.014953674403,
        1153.9782714275227,
        6557.547617828092,
        3252.540708221166,
        262.0869775401513
    ],
    "inputs_max": [
        [
            -1.0655901392066913,
            -0.24830890987962473
        ],
        [
            -1.0515996435188204,
            -0.11029641950419489
        ],
        [
            -1.3981936679817477,
            -1.4264786331165515
        ],
        [
            -0.04549597296072383,
            0.3853967838441892
        ],
        [
            -0.21783472634855183,
            -0.14268846086056097
        ],
        [
            0.7115789307984803,
            -0.20807368102682533
        ],
        [
            -0.9681488641349327,
            0.1526479702565986
        ],
        [
            -0.08635491926193195,
            0.3806767943910714
        ],
        [
            1.3472800437961507,
            0.7412002672515836
        ],
        [
            0.635867695384928,
            1.541156304690245
        ]
    ],
    "eigs": [
        0.0,
        0.0,
        0.0,
        0.0,
        0.0,
        0.0,
        0.0,
        0.0,
        0.0,
        0.0
    ]
}