{
    "eigs_regret": [
        997.670369855665,
        24293.796151814862,
        14391.934870650839,
        1167.9962766888086,
        137775.525913204,
        26779.21862998039,
        120.96493501096231,
        70995.11366947478,
        10939.981182608019,
        35507.78811488441
    ],
    "eigs_max": [
        997.670369855665,
        24293.796151814862,
        14391.934870650839,
        1167.9962766888086,
        137775.525913204,
        26779.21862998039,
        120.96493501096231,
        70995.11366947478,
        10939.981182608019,
        35507.78811488441
    ],
    "inputs_max": [
        [
            -1.18140546384863,
            0.4770838654026548
        ],
        [
            0.6425345017144677,
            -0.017792599631514694
        ],
        [
            0.8917862612965313,
            0.6295401671524594
        ],
        [
            -1.1524706254523909,
            -0.046691067837453026
        ],
        [
            -0.22036412302066832,
            0.2677304862713856
        ],
        [
            0.4303492729913403,
            0.3445294714745666
        ],
        [
            -0.43915879102520083,
            -0.2476775970032219
        ],
        [
            -0.32350632125009104,
            0.1615877870694491
        ],
        [
            -1.6209113609206236,
            1.2309166314271112
        ],
        [
            0.07825513046174004,
            0.16482610855280067
        ]
    ],
    "eigs": [
        0.0,
        0.0,
        0.0,
        0.0,
        0.0,
        0.0,
        0.0,
        0.0,
        0.0,
        0.0
    ]
}