{
    "eigs_regret": [
        183001.32323928556,
        20134.725334648152,
        289.82641449109593,
        1885.171980818383,
        247588.6047708674,
        68699.35864778953,
        868067.3013906247,
        75916.20935958037,
        3071.3525392849197,
        915.8497178348041
    ],
    "eigs_max": [
        183001.32323928556,
        20134.725334648152,
        289.82641449109593,
        1885.171980818383,
        247588.6047708674,
        68699.35864778953,
        868067.3013906247,
        75916.20935958037,
        3071.3525392849197,
        915.8497178348041
    ],
    "inputs_max": [
        [
            -1.0655901392066913,
            -0.24830890987962473
        ],
        [
            -1.0515996435188204,
            -0.11029641950419489
        ],
        [
            0.4298723761903074,
            0.21838664275413056
        ],
        [
            -1.5118565893399936,
            -0.14020192059438363
        ],
        [
            0.7570360917195571,
            0.2006986087507463
        ],
        [
            0.11061140909552236,
            0.2531033620579146
        ],
        [
            -0.9681488641349327,
            0.1526479702565986
        ],
        [
            0.4576233871205222,
            0.2403729514379247
        ],
        [
            1.3472800437961507,
            0.7412002672515836
        ],
        [
            0.635867695384928,
            1.541156304690245
        ]
    ],
    "eigs": [
        0.0,
        0.0,
        0.0,
        0.0,
        0.0,
        0.0,
        0.0,
        0.0,
        0.0,
        0.0
    ]
}