{
    "eigs_regret": [
        183001.32323928556,
        2100.2053619513476,
        572.6785978036961,
        811.3788407911369,
        533023.4522770586,
        221313.7860211029,
        226.45377945715893,
        18417.854450231887,
        7643.117841617245,
        120.96441051799012
    ],
    "eigs_max": [
        183001.32323928556,
        2100.2053619513476,
        572.6785978036961,
        811.3788407911369,
        533023.4522770586,
        221313.7860211029,
        226.45377945715893,
        18417.854450231887,
        7643.117841617245,
        120.96441051799012
    ],
    "inputs_max": [
        [
            -1.0655901392066913,
            -0.24830890987962473
        ],
        [
            0.7111465370414845,
            1.788115076384504
        ],
        [
            1.4024679883161166,
            -1.3912309232393554
        ],
        [
            -1.276336577871433,
            1.2350300685939164
        ],
        [
            -0.21783472634855183,
            -0.14268846086056097
        ],
        [
            0.7115789307984803,
            -0.20807368102682533
        ],
        [
            1.0819195296689896,
            0.9066284203818014
        ],
        [
            -0.08635491926193195,
            0.3806767943910714
        ],
        [
            0.29304444049558587,
            0.35675374369223567
        ],
        [
            -0.48163005023183025,
            1.2780193572776661
        ]
    ],
    "eigs": [
        0.0,
        0.0,
        0.0,
        0.0,
        0.0,
        0.0,
        0.0,
        0.0,
        0.0,
        0.0
    ]
}