{
    "eigs_regret": [
        997.670369855665,
        263868.12497744994,
        237.8378989631616,
        299.9275983643089,
        11125.749208571473,
        8899.381213160608,
        33566.833757599,
        16784.210179071346,
        8602322.700315082,
        518.8121711205096
    ],
    "eigs_max": [
        997.670369855665,
        263868.12497744994,
        237.8378989631616,
        299.9275983643089,
        11125.749208571473,
        8899.381213160608,
        33566.833757599,
        16784.210179071346,
        8602322.700315082,
        518.8121711205096
    ],
    "inputs_max": [
        [
            -1.18140546384863,
            0.4770838654026548
        ],
        [
            -0.18800210517935412,
            1.02698169962789
        ],
        [
            -0.9440152883410238,
            -1.535295432102386
        ],
        [
            -0.30262724306185174,
            1.4831559244951347
        ],
        [
            0.167238475350028,
            -0.5513966105111483
        ],
        [
            1.0259893967199623,
            -0.3816165362031736
        ],
        [
            -0.886696508341227,
            0.9656309103421714
        ],
        [
            -0.32350632125009104,
            0.1615877870694491
        ],
        [
            -0.5174218538486173,
            0.5821429565822145
        ],
        [
            0.07825513046174004,
            0.16482610855280067
        ]
    ],
    "eigs": [
        0.0,
        0.0,
        0.0,
        0.0,
        0.0,
        0.0,
        0.0,
        0.0,
        0.0,
        0.0
    ]
}