{
    "eigs_regret": [
        331.94229178402236,
        169.89525317728962,
        17323.241838447313,
        3782.4745083103985,
        3091.6677873465574,
        268.7233647839064,
        140.92871958949556,
        409.31682639091576,
        6324.751787764858,
        300.80037894878456
    ],
    "eigs_max": [
        331.94229178402236,
        169.89525317728962,
        17323.241838447313,
        3782.4745083103985,
        3091.6677873465574,
        268.7233647839064,
        140.92871958949556,
        409.31682639091576,
        6324.751787764858,
        300.80037894878456
    ],
    "inputs_max": [
        [
            -1.1842216316128198,
            -0.5024100455430536
        ],
        [
            -0.8823534005005107,
            0.15840651237150372
        ],
        [
            -0.5351497045217197,
            -0.023026374484108825
        ],
        [
            1.369872570562272,
            -0.885825585742186
        ],
        [
            0.3244319551358723,
            0.5513601843975637
        ],
        [
            0.675090054517606,
            -0.8099738651422919
        ],
        [
            0.4683881451440097,
            -0.7011120689926518
        ],
        [
            -0.8082019841070109,
            -1.2787474659039848
        ],
        [
            -0.08405762035448827,
            0.6744347846522936
        ],
        [
            0.2828978775672746,
            -1.170747957564977
        ]
    ],
    "eigs": [
        0.0,
        0.0,
        0.0,
        0.0,
        0.0,
        0.0,
        0.0,
        0.0,
        0.0,
        0.0
    ]
}