{
    "eigs_regret": [
        183001.32323928556,
        4100.297158565902,
        294723.13389763,
        325005.405550896,
        9667.572026391354,
        874.4716140375,
        55743.70899379825,
        50967.034624643755,
        49009.980592913555,
        1532.6287255604518
    ],
    "eigs_max": [
        183001.32323928556,
        4100.297158565902,
        294723.13389763,
        325005.405550896,
        9667.572026391354,
        874.4716140375,
        55743.70899379825,
        50967.034624643755,
        49009.980592913555,
        1532.6287255604518
    ],
    "inputs_max": [
        [
            -1.0655901392066913,
            -0.24830890987962473
        ],
        [
            0.16911852592691412,
            0.5213970127618177
        ],
        [
            0.4298723761903074,
            0.21838664275413056
        ],
        [
            -0.04549597296072383,
            0.3853967838441892
        ],
        [
            -0.21783472634855183,
            -0.14268846086056097
        ],
        [
            0.7115789307984803,
            -0.20807368102682533
        ],
        [
            -0.4812078698667759,
            1.2126021467243557
        ],
        [
            -0.08635491926193195,
            0.3806767943910714
        ],
        [
            1.3472800437961507,
            0.7412002672515836
        ],
        [
            -1.1711613119225484,
            1.634359081181516
        ]
    ],
    "eigs": [
        0.0,
        0.0,
        0.0,
        0.0,
        0.0,
        0.0,
        0.0,
        0.0,
        0.0,
        0.0
    ]
}