{
    "eigs_regret": [
        997.670369855665,
        16354.232675396837,
        359.0332033055753,
        133.45635796108343,
        63461.23283935677,
        632514.8451812452,
        13406.027907632702,
        187.42593934827275,
        8708.743597017381,
        3281.311079526917
    ],
    "eigs_max": [
        997.670369855665,
        16354.232675396837,
        359.0332033055753,
        133.45635796108343,
        63461.23283935677,
        632514.8451812452,
        13406.027907632702,
        187.42593934827275,
        8708.743597017381,
        3281.311079526917
    ],
    "inputs_max": [
        [
            -1.18140546384863,
            0.4770838654026548
        ],
        [
            -0.18800210517935412,
            1.02698169962789
        ],
        [
            1.0605274240089284,
            0.05352774859017906
        ],
        [
            -1.1095320932289834,
            -0.5532083422967746
        ],
        [
            0.167238475350028,
            -0.5513966105111483
        ],
        [
            1.0259893967199623,
            -0.3816165362031736
        ],
        [
            -1.7087820906969542,
            0.7284223788195177
        ],
        [
            -0.32350632125009104,
            0.1615877870694491
        ],
        [
            -0.6472363752137924,
            -0.4864649849336602
        ],
        [
            -1.705914416682758,
            0.3955334443322527
        ]
    ],
    "eigs": [
        0.0,
        0.0,
        0.0,
        0.0,
        0.0,
        0.0,
        0.0,
        0.0,
        0.0,
        0.0
    ]
}