{
    "eigs_regret": [
        997.670369855665,
        28731.89346948214,
        112.99844730762086,
        294.8031996027976,
        3351.889137715176,
        5899.067746153913,
        666.6729455765684,
        147113.91300628358,
        2754.8820520754334,
        1102.4107280137207
    ],
    "eigs_max": [
        997.670369855665,
        28731.89346948214,
        112.99844730762086,
        294.8031996027976,
        3351.889137715176,
        5899.067746153913,
        666.6729455765684,
        147113.91300628358,
        2754.8820520754334,
        1102.4107280137207
    ],
    "inputs_max": [
        [
            -1.18140546384863,
            0.4770838654026548
        ],
        [
            0.6425345017144677,
            -0.017792599631514694
        ],
        [
            0.8917862612965313,
            0.6295401671524594
        ],
        [
            -1.1524706254523909,
            -0.046691067837453026
        ],
        [
            -0.22036412302066832,
            0.2677304862713856
        ],
        [
            -0.27245492831755325,
            0.9189189418446437
        ],
        [
            -0.43915879102520083,
            -0.2476775970032219
        ],
        [
            -0.32350632125009104,
            0.1615877870694491
        ],
        [
            -0.5174218538486173,
            0.5821429565822145
        ],
        [
            -1.705914416682758,
            0.3955334443322527
        ]
    ],
    "eigs": [
        0.0,
        0.0,
        0.0,
        0.0,
        0.0,
        0.0,
        0.0,
        0.0,
        0.0,
        0.0
    ]
}