{
    "eigs_regret": [
        6938.512713796957,
        2591.708896077399,
        515.1741239909967,
        6203.379213613867,
        108.50265223551834,
        44.200358007505244,
        114003.8020695861,
        9900.353816600562,
        1744820.4800089393,
        12343.586587956424
    ],
    "eigs_max": [
        6938.512713796957,
        2591.708896077399,
        515.1741239909967,
        6203.379213613867,
        108.50265223551834,
        44.200358007505244,
        114003.8020695861,
        9900.353816600562,
        1744820.4800089393,
        12343.586587956424
    ],
    "inputs_max": [
        [
            1.5317419148231761,
            -0.1934886394255586
        ],
        [
            0.924284098102127,
            -0.3151664685663058
        ],
        [
            0.7684120336983944,
            0.9804922646601919
        ],
        [
            0.3566043039328557,
            0.25002334534101145
        ],
        [
            0.9052357360431342,
            1.5422943525843555
        ],
        [
            1.4587398598311032,
            0.24300691156499266
        ],
        [
            0.3973723781893228,
            -0.0022287807637351165
        ],
        [
            1.115303190833702,
            -1.037233670084424
        ],
        [
            1.3480045574626112,
            -0.14569851888237162
        ],
        [
            1.085780277133567,
            -0.11515083632299739
        ]
    ],
    "eigs": [
        0.0,
        0.0,
        0.0,
        0.0,
        0.0,
        0.0,
        0.0,
        0.0,
        0.0,
        0.0
    ]
}