{
    "eigs_regret": [
        6938.512713796957,
        6323.814806753901,
        7523.526038669968,
        11653.4705108852,
        1161.2368944871835,
        272.03414213438947,
        465303.60639166663,
        4922.541746699308,
        682.9943633162651,
        13642.63646560035
    ],
    "eigs_max": [
        6938.512713796957,
        6323.814806753901,
        7523.526038669968,
        11653.4705108852,
        1161.2368944871835,
        272.03414213438947,
        465303.60639166663,
        4922.541746699308,
        682.9943633162651,
        13642.63646560035
    ],
    "inputs_max": [
        [
            1.5317419148231761,
            -0.1934886394255586
        ],
        [
            -0.24397731650036825,
            1.5055333750127313
        ],
        [
            0.1442451187304452,
            -1.2910005278445928
        ],
        [
            0.4560631038971894,
            0.4848326716383311
        ],
        [
            0.9052357360431342,
            1.5422943525843555
        ],
        [
            0.8683606963759511,
            1.6673089363123998
        ],
        [
            0.950537754126763,
            1.0647764777988882
        ],
        [
            -1.7797769979562883,
            -0.178794508568906
        ],
        [
            -0.5236355302686038,
            -0.7689616087467406
        ],
        [
            1.9133439610367353,
            0.4853681265227392
        ]
    ],
    "eigs": [
        0.0,
        0.0,
        0.0,
        0.0,
        0.0,
        0.0,
        0.0,
        0.0,
        0.0,
        0.0
    ]
}