{
    "eigs_regret": [
        6938.512713796957,
        335.717819865898,
        77405.90585330683,
        100880.29654231975,
        72.88426258330897,
        776.9274581232024,
        3652095.08457193,
        1511.9108934160643,
        6292.4294740499245,
        55400.7740428466
    ],
    "eigs_max": [
        6938.512713796957,
        335.717819865898,
        77405.90585330683,
        100880.29654231975,
        72.88426258330897,
        776.9274581232024,
        3652095.08457193,
        1511.9108934160643,
        6292.4294740499245,
        55400.7740428466
    ],
    "inputs_max": [
        [
            1.5317419148231761,
            -0.1934886394255586
        ],
        [
            -0.24397731650036825,
            1.5055333750127313
        ],
        [
            1.2754556928916658,
            -0.3734167252485321
        ],
        [
            0.4560631038971894,
            0.4848326716383311
        ],
        [
            1.0608845837538396,
            0.45384400904035216
        ],
        [
            0.04858561018886398,
            -0.18531791892606142
        ],
        [
            0.3973723781893228,
            -0.0022287807637351165
        ],
        [
            -0.9623173799201163,
            -0.32913239391015603
        ],
        [
            1.3480045574626112,
            -0.14569851888237162
        ],
        [
            -0.5955238521839332,
            -0.8944815067097642
        ]
    ],
    "eigs": [
        0.0,
        0.0,
        0.0,
        0.0,
        0.0,
        0.0,
        0.0,
        0.0,
        0.0,
        0.0
    ]
}