{
    "eigs_regret": [
        6938.512713796957,
        118099.99263893295,
        4966.669945491656,
        221133.72202278074,
        1159.7851487632433,
        251.155470428941,
        299267.47290509904,
        347.35082250029643,
        417.3681680327128,
        1783.234331665534
    ],
    "eigs_max": [
        6938.512713796957,
        118099.99263893295,
        4966.669945491656,
        221133.72202278074,
        1159.7851487632433,
        251.155470428941,
        299267.47290509904,
        347.35082250029643,
        417.3681680327128,
        1783.234331665534
    ],
    "inputs_max": [
        [
            1.5317419148231761,
            -0.1934886394255586
        ],
        [
            0.924284098102127,
            -0.3151664685663058
        ],
        [
            1.2754556928916658,
            -0.3734167252485321
        ],
        [
            0.4560631038971894,
            0.4848326716383311
        ],
        [
            -0.5576306459156455,
            -0.8144599440067561
        ],
        [
            -0.09606974841154381,
            0.23092632461956875
        ],
        [
            0.3973723781893228,
            -0.0022287807637351165
        ],
        [
            -0.9623173799201163,
            -0.32913239391015603
        ],
        [
            1.3480045574626112,
            -0.14569851888237162
        ],
        [
            0.6915886661530908,
            0.6056944223626544
        ]
    ],
    "eigs": [
        0.0,
        0.0,
        0.0,
        0.0,
        0.0,
        0.0,
        0.0,
        0.0,
        0.0,
        0.0
    ]
}