{
    "eigs_regret": [
        331.94229178402236,
        18474.887681613014,
        3346.62630404472,
        2263.8495358773207,
        133909.0294066883,
        448.6540646641712,
        8284.517593062574,
        1092.8122107985462,
        47666.08814241544,
        6494.773320664677
    ],
    "eigs_max": [
        331.94229178402236,
        18474.887681613014,
        3346.62630404472,
        2263.8495358773207,
        133909.0294066883,
        448.6540646641712,
        8284.517593062574,
        1092.8122107985462,
        47666.08814241544,
        6494.773320664677
    ],
    "inputs_max": [
        [
            -1.1842216316128198,
            -0.5024100455430536
        ],
        [
            -0.8823534005005107,
            0.15840651237150372
        ],
        [
            -0.5351497045217197,
            -0.023026374484108825
        ],
        [
            -0.49408078058025184,
            -0.9147201437446588
        ],
        [
            0.045081529836081824,
            0.06730872580966318
        ],
        [
            -0.48001263477621015,
            1.0285383146652096
        ],
        [
            0.5635669170890831,
            1.4182438455271367
        ],
        [
            0.8661247236488077,
            1.3164579367261173
        ],
        [
            -0.08405762035448827,
            0.6744347846522936
        ],
        [
            0.2828978775672746,
            -1.170747957564977
        ]
    ],
    "eigs": [
        0.0,
        0.0,
        0.0,
        0.0,
        0.0,
        0.0,
        0.0,
        0.0,
        0.0,
        0.0
    ]
}