{
    "eigs_regret": [
        6938.512713796957,
        233362.70575103664,
        2824.4070698410046,
        40345.04918966846,
        31.625166340364007,
        75.53974436489888,
        2714.670656288721,
        79.28717700689131,
        745.3908257497617,
        42478.581418790964
    ],
    "eigs_max": [
        6938.512713796957,
        233362.70575103664,
        2824.4070698410046,
        40345.04918966846,
        31.625166340364007,
        75.53974436489888,
        2714.670656288721,
        79.28717700689131,
        745.3908257497617,
        42478.581418790964
    ],
    "inputs_max": [
        [
            1.5317419148231761,
            -0.1934886394255586
        ],
        [
            0.924284098102127,
            -0.3151664685663058
        ],
        [
            1.2754556928916658,
            -0.3734167252485321
        ],
        [
            0.4560631038971894,
            0.4848326716383311
        ],
        [
            0.0841200750365827,
            1.6220999941351706
        ],
        [
            -0.09606974841154381,
            0.23092632461956875
        ],
        [
            0.3973723781893228,
            -0.0022287807637351165
        ],
        [
            1.2714929240803206,
            -0.5169334804501622
        ],
        [
            1.3480045574626112,
            -0.14569851888237162
        ],
        [
            0.6915886661530908,
            0.6056944223626544
        ]
    ],
    "eigs": [
        0.0,
        0.0,
        0.0,
        0.0,
        0.0,
        0.0,
        0.0,
        0.0,
        0.0,
        0.0
    ]
}