{
    "eigs_regret": [
        12272.544034261473,
        101899.58126277797,
        1052.5669436059045,
        1377.2027852573049,
        21816.352785108604,
        2418.975731305806,
        34858.50884490654,
        159.0160474860648,
        25732.12285332778,
        7586.190364143497
    ],
    "eigs_max": [
        12272.544034261473,
        101899.58126277797,
        1052.5669436059045,
        1377.2027852573049,
        21816.352785108604,
        2418.975731305806,
        34858.50884490654,
        159.0160474860648,
        25732.12285332778,
        7586.190364143497
    ],
    "inputs_max": [
        [
            0.4323152775609356,
            -0.14231810761615193
        ],
        [
            -0.5750897300563502,
            -1.8097473604106735
        ],
        [
            1.5852280022202847,
            1.8774800062151007
        ],
        [
            -0.1779398527281768,
            0.8681570251445989
        ],
        [
            -1.766163411928773,
            -0.25182583377444523
        ],
        [
            0.23236420410922953,
            1.3406023901147979
        ],
        [
            -0.45985249384082394,
            0.9253665747549267
        ],
        [
            0.70437749169231,
            -0.5190262314153076
        ],
        [
            -0.9651022544403567,
            -1.6632407437824441
        ],
        [
            -0.5283719685374368,
            -1.400743616676965
        ]
    ],
    "eigs": [
        0.0,
        0.0,
        0.0,
        0.0,
        0.0,
        0.0,
        0.0,
        0.0,
        0.0,
        0.0
    ]
}