{
    "eigs_regret": [
        331.94229178402236,
        474.6377405975772,
        376.04868236502494,
        44439.50536110285,
        870.7293288361361,
        3245.1664520184613,
        2941.730687775073,
        9.447030954532828,
        4039.6423915092328,
        9227.740452466378
    ],
    "eigs_max": [
        331.94229178402236,
        474.6377405975772,
        376.04868236502494,
        44439.50536110285,
        870.7293288361361,
        3245.1664520184613,
        2941.730687775073,
        9.447030954532828,
        4039.6423915092328,
        9227.740452466378
    ],
    "inputs_max": [
        [
            -1.1842216316128198,
            -0.5024100455430536
        ],
        [
            -0.8823534005005107,
            0.15840651237150372
        ],
        [
            -0.5351497045217197,
            -0.023026374484108825
        ],
        [
            -0.9833918132559072,
            -0.7687889099883596
        ],
        [
            0.3244319551358723,
            0.5513601843975637
        ],
        [
            1.6962390263912335,
            0.44441756150356815
        ],
        [
            -0.9683399839561755,
            -0.020102340429335896
        ],
        [
            -0.789644280664088,
            -1.4610288070073723
        ],
        [
            -0.48689407169597043,
            1.1346874423518276
        ],
        [
            1.3869416697916321,
            0.0597569616838447
        ]
    ],
    "eigs": [
        0.0,
        0.0,
        0.0,
        0.0,
        0.0,
        0.0,
        0.0,
        0.0,
        0.0,
        0.0
    ]
}