{
    "eigs_regret": [
        331.94229178402236,
        3961.989711948403,
        134.36322652893264,
        1762.6994006193881,
        71462.89958463772,
        1355.169777391327,
        55234.32710760603,
        225.60327410050755,
        369669.9754308387,
        41.88537954465042
    ],
    "eigs_max": [
        331.94229178402236,
        3961.989711948403,
        134.36322652893264,
        1762.6994006193881,
        71462.89958463772,
        1355.169777391327,
        55234.32710760603,
        225.60327410050755,
        369669.9754308387,
        41.88537954465042
    ],
    "inputs_max": [
        [
            -1.1842216316128198,
            -0.5024100455430536
        ],
        [
            -0.8823534005005107,
            0.15840651237150372
        ],
        [
            -0.5351497045217197,
            -0.023026374484108825
        ],
        [
            -0.4539097634499121,
            0.3441650653727675
        ],
        [
            0.933460904315536,
            -0.10199200124702612
        ],
        [
            0.9377230366022724,
            -0.17593275747284576
        ],
        [
            -0.26672613496922315,
            0.663217857911039
        ],
        [
            -0.789644280664088,
            -1.4610288070073723
        ],
        [
            -0.08405762035448827,
            0.6744347846522936
        ],
        [
            0.9437206870733736,
            -0.5776767654652932
        ]
    ],
    "eigs": [
        0.0,
        0.0,
        0.0,
        0.0,
        0.0,
        0.0,
        0.0,
        0.0,
        0.0,
        0.0
    ]
}