{
    "eigs_regret": [
        6938.512713796957,
        901.9065560454158,
        350.92921374752456,
        442.4110882193283,
        3148.6418460758023,
        7434.588958417613,
        8010.881586251353,
        418.1176913505698,
        227.7415408160664,
        340.85094132635857
    ],
    "eigs_max": [
        6938.512713796957,
        901.9065560454158,
        350.92921374752456,
        442.4110882193283,
        3148.6418460758023,
        7434.588958417613,
        8010.881586251353,
        418.1176913505698,
        227.7415408160664,
        340.85094132635857
    ],
    "inputs_max": [
        [
            1.5317419148231761,
            -0.1934886394255586
        ],
        [
            0.924284098102127,
            -0.3151664685663058
        ],
        [
            1.2754556928916658,
            -0.3734167252485321
        ],
        [
            0.3566043039328557,
            0.25002334534101145
        ],
        [
            0.9052357360431342,
            1.5422943525843555
        ],
        [
            1.4587398598311032,
            0.24300691156499266
        ],
        [
            0.950537754126763,
            1.0647764777988882
        ],
        [
            0.5228313939336147,
            0.457166498468919
        ],
        [
            1.3480045574626112,
            -0.14569851888237162
        ],
        [
            1.085780277133567,
            -0.11515083632299739
        ]
    ],
    "eigs": [
        0.0,
        0.0,
        0.0,
        0.0,
        0.0,
        0.0,
        0.0,
        0.0,
        0.0,
        0.0
    ]
}