{
    "eigs_regret": [
        12272.544034261473,
        111636.25389458117,
        1351285.86229725,
        378.47374038450687,
        48.4582786595521,
        161.4643822437445,
        1170371.9047915093,
        281.87544663730233,
        1907.378896394194,
        197.35546600890893
    ],
    "eigs_max": [
        12272.544034261473,
        111636.25389458117,
        1351285.86229725,
        378.47374038450687,
        48.4582786595521,
        161.4643822437445,
        1170371.9047915093,
        281.87544663730233,
        1907.378896394194,
        197.35546600890893
    ],
    "inputs_max": [
        [
            0.4323152775609356,
            -0.14231810761615193
        ],
        [
            -0.33529082014038414,
            0.7303931657701477
        ],
        [
            0.470483681608612,
            0.40108643780950537
        ],
        [
            -0.1779398527281768,
            0.8681570251445989
        ],
        [
            -1.242837486360275,
            -1.235698227480749
        ],
        [
            0.36152654637507986,
            -1.2887689379633258
        ],
        [
            -0.18843901060722867,
            -0.5233712524202963
        ],
        [
            -0.3134934957555551,
            1.3809370601863113
        ],
        [
            0.2985051483204386,
            0.43341419525197455
        ],
        [
            -0.7535333006159433,
            -1.0614084286082917
        ]
    ],
    "eigs": [
        0.0,
        0.0,
        0.0,
        0.0,
        0.0,
        0.0,
        0.0,
        0.0,
        0.0,
        0.0
    ]
}