{
    "eigs_regret": [
        997.670369855665,
        5889.235181923337,
        17101.130980367077,
        24186.552864686342,
        40494.18308768686,
        830.4950054549623,
        581.5036818062699,
        7943.6232471694875,
        208866.31321662135,
        9708.704049035732
    ],
    "eigs_max": [
        997.670369855665,
        5889.235181923337,
        17101.130980367077,
        24186.552864686342,
        40494.18308768686,
        830.4950054549623,
        581.5036818062699,
        7943.6232471694875,
        208866.31321662135,
        9708.704049035732
    ],
    "inputs_max": [
        [
            -1.18140546384863,
            0.4770838654026548
        ],
        [
            -0.18800210517935412,
            1.02698169962789
        ],
        [
            0.9160401495628099,
            0.8193468418313579
        ],
        [
            1.166066991756423,
            0.805111445733206
        ],
        [
            -0.6386323287881006,
            1.4464978012549903
        ],
        [
            0.4303492729913403,
            0.3445294714745666
        ],
        [
            0.005895323993653445,
            -1.2716258773328488
        ],
        [
            -0.570819457755054,
            -0.711479619968769
        ],
        [
            -0.022081928708221454,
            0.9373857694773378
        ],
        [
            0.07825513046174004,
            0.16482610855280067
        ]
    ],
    "eigs": [
        0.0,
        0.0,
        0.0,
        0.0,
        0.0,
        0.0,
        0.0,
        0.0,
        0.0,
        0.0
    ]
}