{
    "eigs_regret": [
        6938.512713796957,
        389.7692962961061,
        1091.0188344006954,
        2229.1349607287366,
        1174409.5655587765,
        78080.72440153622,
        207192.9747425954,
        32.16004693671321,
        126.88508942458243,
        1424.3771415495992
    ],
    "eigs_max": [
        6938.512713796957,
        389.7692962961061,
        1091.0188344006954,
        2229.1349607287366,
        1174409.5655587765,
        78080.72440153622,
        207192.9747425954,
        32.16004693671321,
        126.88508942458243,
        1424.3771415495992
    ],
    "inputs_max": [
        [
            1.5317419148231761,
            -0.1934886394255586
        ],
        [
            0.924284098102127,
            -0.3151664685663058
        ],
        [
            0.8838724564537732,
            -0.6305331443350242
        ],
        [
            0.3566043039328557,
            0.25002334534101145
        ],
        [
            -0.5576306459156455,
            -0.8144599440067561
        ],
        [
            1.4587398598311032,
            0.24300691156499266
        ],
        [
            0.950537754126763,
            1.0647764777988882
        ],
        [
            1.2714929240803206,
            -0.5169334804501622
        ],
        [
            0.8688772523454911,
            -0.4293604984110839
        ],
        [
            1.9133439610367353,
            0.4853681265227392
        ]
    ],
    "eigs": [
        0.0,
        0.0,
        0.0,
        0.0,
        0.0,
        0.0,
        0.0,
        0.0,
        0.0,
        0.0
    ]
}