{
    "eigs_regret": [
        183001.32323928556,
        1982.8752179534308,
        309172.1022199603,
        4166.875324530726,
        4336.303168822121,
        8906.806826524027,
        22.28786643588896,
        55605.196843028214,
        61053.518469400646,
        143.63730539639099
    ],
    "eigs_max": [
        183001.32323928556,
        1982.8752179534308,
        309172.1022199603,
        4166.875324530726,
        4336.303168822121,
        8906.806826524027,
        22.28786643588896,
        55605.196843028214,
        61053.518469400646,
        143.63730539639099
    ],
    "inputs_max": [
        [
            -1.0655901392066913,
            -0.24830890987962473
        ],
        [
            -1.0515996435188204,
            -0.11029641950419489
        ],
        [
            0.10800567732038102,
            0.3399524768431963
        ],
        [
            1.0202961921346891,
            -0.008762635597682422
        ],
        [
            -0.21783472634855183,
            -0.14268846086056097
        ],
        [
            0.7115789307984803,
            -0.20807368102682533
        ],
        [
            1.7835837968199146,
            -0.8196734814956095
        ],
        [
            -0.08635491926193195,
            0.3806767943910714
        ],
        [
            1.3472800437961507,
            0.7412002672515836
        ],
        [
            0.23450570886704813,
            0.42519401611965346
        ]
    ],
    "eigs": [
        0.0,
        0.0,
        0.0,
        0.0,
        0.0,
        0.0,
        0.0,
        0.0,
        0.0,
        0.0
    ]
}