{
    "eigs_regret": [
        0.04843064384383666,
        0.5818232582366847,
        0.8613673597811757,
        0.8533246335033567,
        0.22932867136142354,
        0.3512508553786019,
        0.409171486341823,
        0.4138268896301293,
        0.36024503442336064,
        0.3689059450477075
    ],
    "eigs_max": [
        2.40102152113191,
        0.9405615247500816,
        0.8613673549333244,
        0.8570183433784009,
        0.8585226601719032,
        0.5931357069330928,
        0.6013854992713065,
        0.5511745107081317,
        0.5340210209350916,
        0.48476011795192836
    ],
    "inputs_max": [
        2.373602426361882,
        1.4492820297430065,
        1.3151530825857594,
        1.3390213683136487,
        1.2158330793810705,
        1.1584081479844248,
        1.1821754911599274,
        1.0632050294283912,
        1.0722625624684405,
        1.1079627291970706
    ],
    "eigs": [
        2.3525908772880735,
        0.35873826651339685,
        -4.847851330790005e-09,
        0.0036937098750441833,
        0.6291939888104796,
        0.2418848515544909,
        0.19221401292948348,
        0.1373476210780024,
        0.17377598651173098,
        0.11585417290422084
    ]
}