{
    "eigs_regret": [
        0.09233139844835314,
        0.39175201455344877,
        0.6296316537731828,
        0.5592092352673459,
        0.5855255709291394,
        0.4127401820292992,
        0.49607146992413303,
        0.5607246212602838,
        0.38703909489539556,
        0.4399076243128104
    ],
    "eigs_max": [
        2.4547769195030433,
        0.9683125768622833,
        0.6296311929955152,
        0.5592092354117743,
        0.601119422358948,
        0.6052592914649865,
        0.5741687529416102,
        0.586243346273415,
        0.5586067007108558,
        0.5886669327485728
    ],
    "inputs_max": [
        2.274008427706322,
        1.1576669756724085,
        1.6119959743666734,
        1.5443715848808959,
        1.3589374409968036,
        1.293691507471817,
        1.4626009152437858,
        1.4829357012871824,
        1.5151287236513804,
        1.7015724124339697
    ],
    "eigs": [
        2.36244552105469,
        0.5765605623088346,
        -4.607776676266677e-07,
        1.4442835820275387e-10,
        0.01559385142980867,
        0.1925191094356873,
        0.07809728301747716,
        0.0255187250131312,
        0.1715676058154603,
        0.14875930843576243
    ]
}