{
    "eigs_regret": [
        0.016888448916800414,
        0.3180306393377016,
        0.04625812304074273,
        0.026071824342756345,
        0.12604870503945384,
        0.1352839664778911,
        0.15151433619334415,
        0.18735374587672038,
        0.13124010896240515,
        0.22589081192126842
    ],
    "eigs_max": [
        2.4484327336922993,
        0.9839730011756688,
        0.6666055048952506,
        0.3388830646887762,
        0.29330844512920756,
        0.2977982564469329,
        0.27192584921726554,
        0.28027111132220206,
        0.2954818892263187,
        0.2432966320292461
    ],
    "inputs_max": [
        2.4896972437008413,
        1.4944797479697765,
        1.3556513828675727,
        1.1027924299507514,
        2.3137175949327657,
        2.367278575904531,
        2.397105754259949,
        2.411542059364468,
        2.6589316010617696,
        2.5621598728290573
    ],
    "eigs": [
        2.431544284775499,
        0.6659423618379672,
        0.6203473818545079,
        0.31281124034601987,
        0.16725974008975372,
        0.16251428996904183,
        0.1204115130239214,
        0.0929173654454817,
        0.16424178026391353,
        0.017405820107977664
    ]
}