{
    "eigs_regret": [
        2.082630606726857,
        2.3922596502245885,
        0.04137267137404921,
        0.17835348572857035,
        0.05735868868075017,
        0.15563936945341444,
        0.2664662540518402,
        0.16572080984172452,
        0.22408950469223993,
        0.08303975354778781
    ],
    "eigs_max": [
        2.4200765128864496,
        2.4267274507378445,
        2.4866787675444404,
        0.9290603443597285,
        0.4080144647403498,
        0.4199828613697821,
        0.3917498598779206,
        0.35232934047697834,
        0.3604046462056947,
        0.33828738522103324
    ],
    "inputs_max": [
        2.3674810419662307,
        2.231268798321422,
        2.2934628756751496,
        1.5176160425097103,
        2.6737610707146247,
        2.6288713794344583,
        2.786327601191903,
        2.7786434156377924,
        2.548567720949173,
        2.7203888639758933
    ],
    "eigs": [
        0.3374459061595923,
        0.03446780051325576,
        2.445306096170391,
        0.7507068586311582,
        0.35065577605959963,
        0.26434349191636763,
        0.1252836058260804,
        0.18660853063525382,
        0.13631514151345475,
        0.25524763167324543
    ]
}