{
    "eigs_regret": [
        0.0935817359193325,
        0.6859711609853023,
        0.9363350078079531,
        0.9891102982812183,
        0.6001244248122848,
        0.5360610790993865,
        0.601015130681208,
        0.5957859413603628,
        0.6794842949449694,
        0.6710228415540211
    ],
    "eigs_max": [
        2.41363903421216,
        1.0429579168106042,
        0.9363330443646333,
        0.9907532634512718,
        0.9661607890188961,
        0.7937703170629814,
        0.8215070156961919,
        0.7875343712699273,
        0.8087266053448589,
        0.7731006462937378
    ],
    "inputs_max": [
        2.3928577746143875,
        1.2871058630386556,
        1.3038572332823173,
        1.441360170259216,
        1.5230334135085961,
        1.5902654067052036,
        1.4354694375580723,
        1.3044669282812205,
        1.4947096507880364,
        1.3875213773546964
    ],
    "eigs": [
        2.3200572982928276,
        0.356986755825302,
        -1.96344331985466e-06,
        0.0016429651700534528,
        0.3660363642066113,
        0.25770923796359496,
        0.22049188501498385,
        0.19174842990956448,
        0.12924231039988945,
        0.10207780473971657
    ]
}