{
    "eigs_regret": [
        1.9897189095346584,
        0.07257951695052389,
        0.8413288810822397,
        0.010151055565463807,
        0.11186136297910315,
        0.06469569057733188,
        0.12669436474712617,
        0.17423957776761484,
        0.24293203173337924,
        0.23818325599632165
    ],
    "eigs_max": [
        2.3388915690853893,
        2.4294168445972164,
        0.8413288810705993,
        0.8114028997984261,
        0.46459216209787757,
        0.31503044611969994,
        0.28213097774640744,
        0.26223733315766673,
        0.24277611526293363,
        0.248428848834907
    ],
    "inputs_max": [
        2.3832016059255907,
        2.3388673555465345,
        1.2308143456682408,
        1.4552578732836645,
        2.119934941638891,
        2.151553789330147,
        1.0682390955995358,
        1.0090656933103697,
        0.997025150951048,
        1.054254799799332
    ],
    "eigs": [
        0.34917265955073096,
        2.3568373276466925,
        -1.1640337084514535e-11,
        0.8012518442329623,
        0.3527307991187744,
        0.25033475554236806,
        0.15543661299928127,
        0.0879977553900519,
        -0.00015591647044559915,
        0.010245592838585355
    ]
}