{
    "eigs_regret": [
        0.042637901308933746,
        0.7292316502323772,
        0.9140131921094806,
        0.019706972921536225,
        0.04001972939711834,
        0.14477695020870382,
        0.1549194319394128,
        0.30740303016083625,
        0.1232199614454253,
        0.02199189497564713
    ],
    "eigs_max": [
        2.5423090052131165,
        1.0788506738337673,
        0.9140132542191166,
        0.9126320489430438,
        0.3713859365771214,
        0.3513470261847325,
        0.31815862264727307,
        0.3257580430949042,
        0.34144179097936367,
        0.2760208796825913
    ],
    "inputs_max": [
        2.3530012088118433,
        1.3334253907158615,
        1.3994660878491783,
        1.5906837200392303,
        1.8356027638624661,
        2.6032019247839844,
        2.3985455077617313,
        2.6524806934274414,
        2.285386657190704,
        2.589252098240294
    ],
    "eigs": [
        2.499671103904183,
        0.3496190236013901,
        6.210963594741258e-08,
        0.8929250760215076,
        0.33136620718000304,
        0.2065700759760287,
        0.16323919070786028,
        0.018355012934067966,
        0.21822182953393837,
        0.2540289847069442
    ]
}