{
    "eigs_regret": [
        0.040117231449129154,
        0.028186526468111373,
        0.16611488179710127,
        0.23438072572390328,
        0.24790645610514145,
        0.17524011099313525,
        0.11840703228770769,
        0.13236334110479656,
        0.12797891182561516,
        0.1601176874561892
    ],
    "eigs_max": [
        2.4740165772869593,
        1.0128035466712888,
        0.47355983424195786,
        0.44560626491322786,
        0.44822708992641885,
        0.3672321200519026,
        0.2939413132340579,
        0.25622278096750334,
        0.20760799593441057,
        0.2519892873075819
    ],
    "inputs_max": [
        2.4369350423756817,
        1.477473369887018,
        2.8753641679260715,
        2.9033266297247877,
        2.8250955111134237,
        2.857665861177515,
        2.677027612999057,
        0.005835292917633628,
        0.3009641509915978,
        0.1448610298950065
    ],
    "eigs": [
        2.43389934583783,
        0.9846170202031774,
        0.3074449524448566,
        0.21122553918932457,
        0.2003206338212774,
        0.19199200905876734,
        0.17553428094635024,
        0.12385943986270678,
        0.0796290841087954,
        0.09187159985139272
    ]
}