{
    "eigs_regret": [
        0.10588323050086368,
        0.5775930901937691,
        0.9120521658192682,
        0.8539414862885408,
        0.6937303741431842,
        0.028009054237297715,
        0.14878034632972692,
        0.02970672012804404,
        0.1151592389750668,
        0.0647820905029739
    ],
    "eigs_max": [
        2.452082931232102,
        0.9380649892394769,
        0.9120521707546165,
        0.8664526765073092,
        0.9346478058228458,
        0.8202982685799941,
        0.35276243963577075,
        0.3359720844316927,
        0.25739351591842674,
        0.2512540065696952
    ],
    "inputs_max": [
        2.2697049611769433,
        1.3408173454397365,
        1.3178061602145097,
        1.3743714524904678,
        1.4119051243081056,
        1.427451695649797,
        1.5925524562217985,
        1.7468053018090213,
        2.508380943061094,
        2.5375516097672337
    ],
    "eigs": [
        2.3461997007312383,
        0.3604718990457077,
        4.9353483261179145e-09,
        0.01251119021876834,
        0.24091743167966156,
        0.7922892143426964,
        0.20398209330604383,
        0.30626536430364865,
        0.14223427694335994,
        0.1864719160667213
    ]
}