{
    "eigs_regret": [
        0.09218437507042987,
        0.5365473940973061,
        0.8244947959094551,
        0.8298978915616358,
        0.6958098311671659,
        0.8299114064275577,
        0.7682270668218178,
        0.7649790499861194,
        0.7653732835451649,
        0.7600993515940413
    ],
    "eigs_max": [
        2.4130797291904593,
        0.8901787780161263,
        0.8244947959104793,
        0.8298995533304209,
        0.7793324410760331,
        0.8394796669128757,
        0.792245634187964,
        0.7644693125577421,
        0.7667623672686428,
        0.760978541370878
    ],
    "inputs_max": [
        2.1932233816586058,
        1.1617887392308206,
        1.3402058932455012,
        1.5729755435230441,
        1.4429892600424499,
        1.363988328292196,
        1.2511401966089823,
        1.0802570684108685,
        1.662486361005438,
        1.4319293464066474
    ],
    "eigs": [
        2.3208953541200295,
        0.3536313839188202,
        1.0241493417217918e-12,
        1.6617687850575316e-06,
        0.0835226099088672,
        0.009568260485317993,
        0.02401856736614618,
        -0.000509737428377303,
        0.001389083723477927,
        0.0008791897768366928
    ]
}