{
    "eigs_regret": [
        2.0095753461231602,
        2.305550165149248,
        0.09773321681112801,
        0.1687614207680629,
        0.17652568104729555,
        0.033087666338744604,
        0.04575765556617806,
        0.2433702588633041,
        0.09228436144422111,
        0.04703674292518498
    ],
    "eigs_max": [
        2.3918920223291837,
        2.323118167986061,
        2.379250720725778,
        0.8950671172580467,
        0.430090620656513,
        0.43552087981477644,
        0.29345731057402064,
        0.2454331042953213,
        0.23608384428347412,
        0.2476106973932545
    ],
    "inputs_max": [
        2.4891517927683475,
        2.4814014354280136,
        2.4259835540762937,
        1.4395203402859058,
        1.6544820148571011,
        1.5419621178107872,
        2.4478328404500385,
        2.586353868881403,
        2.6670692107103315,
        2.6430647419852433
    ],
    "eigs": [
        0.3823166762060236,
        0.017568002836813246,
        2.28151750391465,
        0.7263056964899838,
        0.25356493960921744,
        0.40243321347603184,
        0.24769965500784258,
        0.0020628454320172195,
        0.143799482839253,
        0.20057395446806953
    ]
}