{
    "eigs_regret": [
        0.12564029722776837,
        0.2696457881607417,
        0.12193792995287689,
        0.05724928566025811,
        0.20436671128878697,
        0.26104389071574113,
        0.23998222255544788,
        0.2942790234060908,
        0.3138173394183525,
        0.32267559036242666
    ],
    "eigs_max": [
        2.3985692009355044,
        1.081202947045292,
        0.7739598556730101,
        0.39808217187742356,
        0.3776666154477168,
        0.3975945674260292,
        0.3509674645619732,
        0.3826737882183664,
        0.38223074766055687,
        0.3883137569481548
    ],
    "inputs_max": [
        2.2011866138494094,
        1.5328958030127144,
        3.270820113511242,
        1.4350068823361366,
        1.4126154039726502,
        1.4616533469607662,
        1.2099563807568692,
        1.0210903322853553,
        1.3231506874265668,
        1.2738370852823588
    ],
    "eigs": [
        2.272928903707736,
        0.8115571588845503,
        0.6520219257201332,
        0.34083288621716545,
        0.17329990415892982,
        0.1365506767102881,
        0.11098524200652533,
        0.0883947648122756,
        0.06841340824220438,
        0.06563816658572814
    ]
}