{
    "eigs_regret": [
        0.09105620817744686,
        0.7179024298206478,
        0.9287785534216267,
        0.7901925243569325,
        0.10074885044404647,
        0.12104210144739724,
        0.23481973882475013,
        0.18474263895088708,
        0.2037715997189025,
        0.2248668739545508
    ],
    "eigs_max": [
        2.463013362381409,
        1.0546908306203444,
        0.9287775660914827,
        0.952053260995431,
        0.8407110956279837,
        0.3986779932107177,
        0.4363236055412344,
        0.3610087823181782,
        0.34237765544851223,
        0.32329622162500277
    ],
    "inputs_max": [
        2.4167414893025816,
        1.36744844579192,
        1.412553435236309,
        1.480869395863118,
        1.5527437765296304,
        3.009116180286151,
        3.0159723019807205,
        2.8618460386007665,
        2.928866756859701,
        2.9609710098534814
    ],
    "eigs": [
        2.371957154203962,
        0.3367884007996967,
        -9.873301440734747e-07,
        0.16186073663849845,
        0.7399622451839373,
        0.27763589176332043,
        0.20150386671648426,
        0.1762661433672911,
        0.13860605572960974,
        0.09842934767045199
    ]
}