{
    "eigs_regret": [
        0.07344031697812925,
        0.6718949770538779,
        0.8335369222219422,
        0.1485599820453446,
        -0.02350132026782975,
        0.1925761945803854,
        0.18321072368161911,
        0.26277485032958803,
        0.04890748890562713,
        0.22853171977732248
    ],
    "eigs_max": [
        2.3986103019978073,
        0.9942624403328763,
        0.8335367599239105,
        0.8572784124973593,
        0.39827443889218855,
        0.43697464186122975,
        0.31040390249983113,
        0.3488836850928997,
        0.36233870900094645,
        0.23403435920729726
    ],
    "inputs_max": [
        2.2612219564114744,
        1.4370617173171851,
        1.3341960705680562,
        1.3805002813186702,
        2.693933173542356,
        2.846481412429328,
        2.953524788224259,
        2.5970725079228347,
        2.79621633258128,
        2.831402779262211
    ],
    "eigs": [
        2.325169985019678,
        0.32236746327899835,
        -1.6229803171845792e-07,
        0.7087184304520147,
        0.4217757591600183,
        0.24439844728084434,
        0.12719317881821202,
        0.08610883476331165,
        0.3134312200953193,
        0.005502639429974785
    ]
}