{
    "eigs_regret": [
        2.1029214518582453,
        2.4241264684321675,
        0.05025432720255152,
        0.23405799526360394,
        0.10147934914652756,
        0.005238686128507641,
        0.10034066636136749,
        0.14948839259159796,
        0.19178504693760928,
        0.18022935346696997
    ],
    "eigs_max": [
        2.429260482395333,
        2.4331693874521925,
        2.4782118289628516,
        1.049000242662335,
        0.8313003020686,
        0.40189477598963164,
        0.2946116564072732,
        0.288082583358552,
        0.2984783285131049,
        0.251959589000933
    ],
    "inputs_max": [
        2.375255908972205,
        2.245847531445241,
        2.4499349326357334,
        1.4670357831243401,
        3.1438876454616107,
        1.566798751752874,
        3.0521720554648675,
        3.2176624475039,
        3.0728086503433296,
        3.244572586940359
    ],
    "eigs": [
        0.32633903053708807,
        0.009042919020024787,
        2.4279575017603,
        0.8149422473987311,
        0.7298209529220724,
        0.396656089861124,
        0.19427099004590573,
        0.13859419076695406,
        0.10669328157549564,
        0.07173023553396304
    ]
}