{
    "eigs_regret": [
        0.09354245678869111,
        0.27265392635878793,
        0.0636520946477408,
        0.1734410350088247,
        0.22305150483276234,
        0.2088345434061165,
        0.2723060364850989,
        0.04249529159887977,
        0.029711818988470307,
        0.026492672165794984
    ],
    "eigs_max": [
        2.4401426104721957,
        0.9473010178490556,
        0.6668828768275862,
        0.4138627077445855,
        0.3545662294890977,
        0.38605203330572996,
        0.3373790188626317,
        0.33773258102676007,
        0.2759482088181345,
        0.22272681773019837
    ],
    "inputs_max": [
        2.460363468602134,
        1.1850438801124297,
        0.8333644566260534,
        1.088025933887643,
        0.8603984385369934,
        0.840490032624514,
        0.3400871096967939,
        0.5857956022467048,
        0.7671164615755249,
        1.2953811665255832
    ],
    "eigs": [
        2.3466001536835046,
        0.6746470914902677,
        0.6032307821798454,
        0.2404216727357608,
        0.13151472465633537,
        0.17721748989961345,
        0.06507298237753283,
        0.2952372894278803,
        0.24623638982966417,
        0.19623414556440338
    ]
}