{
    "eigs_regret": [
        -0.04146992772340141,
        0.5806337211921453,
        0.09885057633015049,
        0.036272537883576206,
        0.05736503787294847,
        0.208968348264558,
        0.0544926294696535,
        0.033018085901723754,
        0.19535600811560577,
        0.17958104693533883
    ],
    "eigs_max": [
        2.43850183413451,
        0.9283106442198168,
        0.8210480876324443,
        0.474004831334172,
        0.28762405760812587,
        0.2839921604895919,
        0.29590788411384106,
        0.20785014407721739,
        0.19535582613123198,
        0.18102954869601917
    ],
    "inputs_max": [
        2.3144588511824766,
        1.281602030071825,
        1.6616492167214514,
        2.1705967414266567,
        1.1345594175819484,
        1.1722125908742904,
        1.1454822718536672,
        2.332557275521951,
        2.1777430979516534,
        2.3951215321862067
    ],
    "eigs": [
        2.4799717618579113,
        0.34767692302767156,
        0.7221975113022938,
        0.4377322934505958,
        0.2302590197351774,
        0.0750238122250339,
        0.24141525464418756,
        0.17483205817549363,
        -1.8198437380353222e-07,
        0.0014485017606803501
    ]
}