{
    "eigs_regret": [
        0.030010010964518052,
        0.5416630945730349,
        0.8118173588711662,
        0.060545116013231204,
        0.4109761113679793,
        0.33309786587450657,
        0.2201274908369935,
        0.052389644029683435,
        0.09932855566822218,
        0.0865732531152453
    ],
    "eigs_max": [
        2.4760719946959333,
        0.9084618050960678,
        0.8118173588772664,
        0.8341675110204864,
        0.4119341288018304,
        0.40843261320848334,
        0.4244285643878068,
        0.40081536215913344,
        0.2980366357994893,
        0.2583358961423757
    ],
    "inputs_max": [
        2.3731103959269513,
        1.2145007029669168,
        1.35955099005712,
        1.4360714346796133,
        2.06999340049585,
        2.154718037226915,
        2.1614559377881584,
        2.1890910647786614,
        2.4066784880214924,
        2.4252601659304167
    ],
    "eigs": [
        2.4460619837314153,
        0.3667987105230329,
        6.100169783749328e-12,
        0.7736223950072552,
        0.0009580174338510731,
        0.07533474733397678,
        0.20430107355081328,
        0.34842571812945,
        0.19870808013126712,
        0.17176264302713037
    ]
}