{
    "eigs_regret": [
        2.07777789355206,
        2.4366567234743424,
        0.07715882148257602,
        0.15413918966487383,
        0.09751052162402174,
        0.2400444143935262,
        0.32725962213428095,
        0.34920948099001964,
        0.006406190103333098,
        0.22816866042069942
    ],
    "eigs_max": [
        2.423434828185775,
        2.4826726282230993,
        2.4753357744058477,
        0.9838851248369201,
        0.5076684406351619,
        0.4946253576306782,
        0.46320783448559455,
        0.4569073295278014,
        0.4459073678615322,
        0.25517588358464965
    ],
    "inputs_max": [
        2.4004163520240542,
        2.5175638890026915,
        2.2721710369676544,
        1.5246727217033613,
        2.971491142963746,
        2.853261739642366,
        3.0144094989094294,
        2.9187133183472858,
        3.028398884919204,
        3.0936798885403367
    ],
    "eigs": [
        0.34565693463371483,
        0.04601590474875677,
        2.3981769529232717,
        0.8297459351720463,
        0.4101579190111402,
        0.254580943237152,
        0.13594821235131363,
        0.10769784853778173,
        0.4395011777581991,
        0.027007223163950243
    ]
}