{
    "eigs_regret": [
        2.052610308414134,
        0.05334454540235445,
        0.8331818148946512,
        0.015537314505961963,
        0.24024031021425252,
        0.06863698632253179,
        0.18933450599491422,
        0.1955139795036924,
        0.24096927013653968,
        0.26572028240762985
    ],
    "eigs_max": [
        2.4120341035983337,
        2.497331122417126,
        0.833181816841917,
        0.8989376373925239,
        0.46073089898137515,
        0.40677611703072636,
        0.35536025229701174,
        0.34244554201133987,
        0.3471999187022924,
        0.36621368051639225
    ],
    "inputs_max": [
        2.405145864572675,
        2.394784095880387,
        1.22553262063536,
        1.497174579806078,
        2.3758260571662326,
        2.3672350126396142,
        2.4704757170066918,
        2.5007621913824787,
        2.4078397838001897,
        2.6079540649652335
    ],
    "eigs": [
        0.3594237951842001,
        2.4439865770147717,
        1.9472658247222062e-09,
        0.8834003228865619,
        0.22049058876712263,
        0.33813913070819457,
        0.16602574630209752,
        0.14693156250764747,
        0.10623064856575269,
        0.10049339810876239
    ]
}