{
    "eigs_regret": [
        0.07597065913719936,
        0.3203920158194622,
        0.3631218323099785,
        0.344994837344999,
        0.3176393333410634,
        0.2628648733092216,
        0.264632996854546,
        0.24612925381534181,
        0.2481039107104069,
        0.2926227740024172
    ],
    "eigs_max": [
        2.4651847183136075,
        1.0074901120417759,
        0.6493226253741784,
        0.5654323354021834,
        0.5446953596480142,
        0.44457506071177944,
        0.3937693430101483,
        0.34900766869504046,
        0.3396047581427062,
        0.3520814556970418
    ],
    "inputs_max": [
        2.461538402671164,
        1.2975105874224728,
        1.1295651379312504,
        1.3600086833465153,
        1.4313150600997777,
        1.3704632245892845,
        1.39072603487429,
        2.963972859255959,
        1.6091145213125135,
        2.7301434056860985
    ],
    "eigs": [
        2.389214059176408,
        0.6870980962223137,
        0.2862007930641999,
        0.22043749805718443,
        0.2270560263069508,
        0.18171018740255782,
        0.12913634615560232,
        0.10287841487969865,
        0.09150084743229928,
        0.059458681694624614
    ]
}