{
    "eigs_regret": [
        0.08311728195690549,
        0.6723435741641857,
        0.9576421929701954,
        0.06402587651172376,
        0.23709305133213102,
        0.20454656659534498,
        0.2340668498163896,
        0.24896862708557974,
        0.2273989368207816,
        0.2908452080194711
    ],
    "eigs_max": [
        2.4336993744707796,
        1.0427871469742427,
        0.9576421946314561,
        0.9510128283765104,
        0.40494431382707374,
        0.40654921359386037,
        0.40458996954423093,
        0.40982707122230305,
        0.3838947867658219,
        0.40661130147610336
    ],
    "inputs_max": [
        2.431334720452093,
        1.2162863515908462,
        1.276370509114793,
        1.4373018348596571,
        2.696222665330121,
        2.4753090065516203,
        2.3848237052792296,
        2.734544584936068,
        2.663484596091525,
        2.6984273938098733
    ],
    "eigs": [
        2.350582092513874,
        0.37044357281005696,
        1.661260709101683e-09,
        0.8869869518647866,
        0.16785126249494273,
        0.2020026469985154,
        0.17052311972784134,
        0.16085844413672332,
        0.1564958499450403,
        0.11576609345663223
    ]
}