{
    "eigs_regret": [
        0.06187215270161728,
        0.6581373842753896,
        0.9134556565011316,
        0.8230608526680953,
        0.6241514150908809,
        0.09879566288092301,
        0.21583743573395037,
        0.022627942545057178,
        0.03021142806192828,
        0.053719051559101116
    ],
    "eigs_max": [
        2.3957798324870887,
        1.0201427713523452,
        0.9134558136224624,
        0.8964026906465585,
        0.9171979993768755,
        0.8489987213421382,
        0.36531549194446034,
        0.30752427993158277,
        0.23118650638491922,
        0.22112773015472403
    ],
    "inputs_max": [
        2.273586931903772,
        1.399949795430755,
        1.2657950156759257,
        1.2583834721883569,
        1.268173998816392,
        1.4359662795442418,
        1.7351126960367547,
        1.4836752984239465,
        2.7639647565917453,
        2.6751195462742543
    ],
    "eigs": [
        2.3339076797854714,
        0.3620053870769556,
        1.5712133086546918e-07,
        0.07334183797846325,
        0.2930465842859946,
        0.7502030584612152,
        0.14947805621050997,
        0.2848963373865256,
        0.20097507832299094,
        0.16740867859562292
    ]
}