{
    "eigs_regret": [
        0.00579200698643989,
        0.6828916047738924,
        0.924411755704018,
        -0.005635270927708325,
        0.35579002123566494,
        0.1432906745791332,
        0.17679614204519503,
        0.20129484046323695,
        0.2600276531035664,
        0.27419913115484595
    ],
    "eigs_max": [
        2.4691152441581226,
        1.0450938674085724,
        0.9244127597331149,
        0.8999899094609037,
        0.42574033498303326,
        0.4466311177782945,
        0.3902003046959364,
        0.3705664743685189,
        0.3831199922503587,
        0.36859696838607614
    ],
    "inputs_max": [
        2.4931744220486047,
        1.3102322071901917,
        1.4302473167062002,
        1.5098534205733967,
        2.9414077189422287,
        2.5854929131433444,
        2.739489092940368,
        2.898582057286862,
        2.8452066684668638,
        2.837818441321414
    ],
    "eigs": [
        2.4633232371716827,
        0.36220226263468,
        1.004029096903559e-06,
        0.9056251803886121,
        0.0699503137473683,
        0.3033404431991613,
        0.21340416265074139,
        0.16927163390528197,
        0.12309233914679231,
        0.09439783723123016
    ]
}