{
    "eigs_regret": [
        0.04034277143998999,
        0.6914451189547561,
        0.9467823818808986,
        0.17103337897797766,
        0.03077669422669621,
        0.1730441311133039,
        0.05710470146112562,
        0.25791850776164865,
        -0.009361977877146654,
        0.02751733733494882
    ],
    "eigs_max": [
        2.4858629085100143,
        1.0532036148999957,
        0.9467750402197708,
        0.9506824451296413,
        0.4983508229134122,
        0.4441343234634125,
        0.42373216607900926,
        0.2636996304356904,
        0.2331113966670909,
        0.18299704149052207
    ],
    "inputs_max": [
        2.3029962070900867,
        1.2972383437583508,
        1.4760174070886816,
        1.648952063415225,
        1.6585701786220803,
        2.7400335070700086,
        2.872942889565089,
        2.8689068826799,
        2.717380737780073,
        2.7209254378342402
    ],
    "eigs": [
        2.4455201370700244,
        0.36175849594523957,
        -7.3416611277781205e-06,
        0.7796490661516636,
        0.467574128686716,
        0.27109019235010856,
        0.36662746461788365,
        0.005781122674041715,
        0.24247337454423756,
        0.15547970415557325
    ]
}