{
    "eigs_regret": [
        0.06375730679128067,
        0.36410819339266076,
        0.6220712121104068,
        0.6046704589927261,
        0.4973154561163877,
        0.014213748637181167,
        0.07827361993733406,
        0.0488952188243576,
        0.0669375458200093,
        0.19580965346795667
    ],
    "eigs_max": [
        2.481024712098936,
        0.9336307053110877,
        0.6220712134536777,
        0.6152186692752182,
        0.6029046872914197,
        0.6364040982033976,
        0.33271819936936786,
        0.3309690277091463,
        0.22150287132772575,
        0.19579965242709965
    ],
    "inputs_max": [
        2.2860413969182196,
        1.3897460644170438,
        1.4816441091132289,
        1.4677362559910068,
        1.537341505907282,
        1.6937630474407155,
        1.9054412941062466,
        2.3459466424537685,
        2.2825238723537247,
        2.5248083756428903
    ],
    "eigs": [
        2.4172674053076553,
        0.569522511918427,
        1.3432708782135538e-09,
        0.01054821028249213,
        0.10558923117503191,
        0.6221903495662164,
        0.2544445794320338,
        0.2820738088847887,
        0.15456532550771646,
        -1.0001040857028074e-05
    ]
}