{
    "eigs_regret": [
        0.06200424521280512,
        0.6920516722668035,
        0.8596923428379792,
        0.036458692404625404,
        0.3949587717532606,
        0.0575891498153836,
        0.06249768334689007,
        0.16808420194145102,
        0.18038729596869732,
        0.2148433380103216
    ],
    "eigs_max": [
        2.4354747933745546,
        0.9943470857131715,
        0.8596923362062787,
        0.7916782350889716,
        0.4025602159884488,
        0.3725173413889615,
        0.30681884588447184,
        0.33658263103113417,
        0.33671282271989467,
        0.3338233874883994
    ],
    "inputs_max": [
        2.292770725138528,
        1.4461381087220264,
        1.3912068462563587,
        1.2634858939240683,
        1.9561137534094697,
        1.9355308546888839,
        2.6462375866776107,
        2.490246362723359,
        2.5000509613989736,
        2.4785880657318833
    ],
    "eigs": [
        2.3734705481617495,
        0.30229541344636807,
        -6.631700556035557e-09,
        0.7552195426843462,
        0.0076014442351882,
        0.3149281915735779,
        0.24432116253758177,
        0.16849842908968315,
        0.15632552675119735,
        0.1189800494780778
    ]
}