{
    "eigs_regret": [
        2.0377272915905817,
        2.4026709232374057,
        0.05789221101801134,
        0.5717626589985086,
        0.8869454368529407,
        0.7909150277622303,
        0.6924296831309666,
        0.7361260244281658,
        0.83015063674172,
        0.8154055392429781
    ],
    "eigs_max": [
        2.38517688391282,
        2.4372476974003137,
        2.448828845127257,
        0.9240962328480953,
        0.9016767399117341,
        0.8566798639357224,
        0.8828136910781834,
        0.8194873444845842,
        0.8491199175633556,
        0.8250255735473793
    ],
    "inputs_max": [
        2.2068334082771774,
        2.248447349824259,
        2.325639049929702,
        1.4750386060715326,
        1.4460588542338777,
        1.3689172820698003,
        1.5861020545776305,
        1.4592182880764404,
        1.4847651770430759,
        1.6879435178803397
    ],
    "eigs": [
        0.347449592322238,
        0.03457677416290808,
        2.3909366341092455,
        0.35233357384958663,
        0.014731303058793454,
        0.0657648361734921,
        0.1903840079472168,
        0.0833613200564184,
        0.01896928082163558,
        0.009620034304401209
    ]
}