{
    "eigs_regret": [
        0.002675892426529103,
        0.0874928006493545,
        0.10217850341559143,
        0.15571430290905441,
        0.223273498538946,
        0.3173031526078709,
        0.2743722717856081,
        0.29248681388915443,
        0.28016284591717283,
        0.33483521991090076
    ],
    "eigs_max": [
        2.396619958596822,
        1.0117041657442751,
        0.41877634474224473,
        0.41018105206459815,
        0.4071195430672799,
        0.4272045968144079,
        0.38331742170362465,
        0.3960176839756493,
        0.3511031761544104,
        0.3927857603975192
    ],
    "inputs_max": [
        2.3575815421238264,
        1.2098418561770496,
        1.360718212785682,
        1.5914500550840294,
        1.712154702449309,
        1.4617585167918912,
        1.3491699968856619,
        1.576060515746296,
        1.6231874386160328,
        1.4455644383630335
    ],
    "eigs": [
        2.393944066170293,
        0.9242113650949206,
        0.3165978413266533,
        0.25446674915554374,
        0.18384604452833386,
        0.10990144420653704,
        0.10894514991801657,
        0.10353087008649484,
        0.07094033023723756,
        0.05795054048661846
    ]
}