{
    "eigs_regret": [
        2.118607390937764,
        2.3838824724054053,
        0.04048331811440731,
        0.20622153001648025,
        0.031865130349741255,
        0.2713087693671513,
        0.1960503495246833,
        -0.007075267834499466,
        0.2568753207462502,
        0.12333682917246058
    ],
    "eigs_max": [
        2.4314442397091725,
        2.4067020764402645,
        2.4064406510329452,
        0.990386453634454,
        0.4495291386796461,
        0.43642328910817707,
        0.4498544411516559,
        0.385515529525599,
        0.26744834730821015,
        0.2252808119777831
    ],
    "inputs_max": [
        2.3629811540794092,
        2.3501380895127664,
        2.357443355474877,
        1.5585528775283386,
        1.5948435384548298,
        2.692240920090418,
        2.7335877848168915,
        2.997544402508851,
        2.7339185316353842,
        3.0616183897047855
    ],
    "eigs": [
        0.31283684877140866,
        0.0228196040348591,
        2.365957332918538,
        0.7841649236179737,
        0.41766400832990486,
        0.16511451974102578,
        0.2538040916269726,
        0.39259079736009844,
        0.01057302656195999,
        0.10194398280532252
    ]
}