{
    "eigs_regret": [
        0.054012966826273434,
        0.08927100395257004,
        0.03818821053528387,
        0.12058881017213255,
        0.03764146128791529,
        0.056367191151436236,
        0.11362749778908557,
        0.13385930242179883,
        0.14381100020959892,
        0.1690071498244709
    ],
    "eigs_max": [
        2.4773799919927635,
        0.9327405678098598,
        0.4164326960409839,
        0.3635997068513701,
        0.28058714641949095,
        0.2205655705604015,
        0.2516925438934113,
        0.23077537762706202,
        0.2260950562226363,
        0.2425044457048008
    ],
    "inputs_max": [
        2.2349977982666753,
        1.3003855796608494,
        1.6520440363554922,
        2.590011823569256,
        2.466525818623813,
        1.274619581462653,
        0.9837813389352418,
        0.027799659718115155,
        0.26003903492587854,
        0.2917181857961948
    ],
    "eigs": [
        2.42336702516649,
        0.8434695638572898,
        0.3782444855057,
        0.24301089667923756,
        0.24294568513157566,
        0.16419837940896526,
        0.1380650461043257,
        0.0969160752052632,
        0.08228405601303737,
        0.07349729588032988
    ]
}