{
    "eigs_regret": [
        2.049419951935301,
        2.4809480297680193,
        0.06606066609441319,
        0.022400488820376263,
        0.38189956645427736,
        0.0535672702919508,
        0.0959783721313591,
        0.15999487329384346,
        0.21563125474014994,
        0.20360129721434617
    ],
    "eigs_max": [
        2.4165908999597634,
        2.515241170314117,
        2.4863961511714505,
        0.8549595504745372,
        0.3981411178985141,
        0.40393959462201956,
        0.32031137903730067,
        0.32520221746291844,
        0.339144766546966,
        0.3213541265930857
    ],
    "inputs_max": [
        2.409611359196355,
        2.515666378317672,
        2.247333656954548,
        1.4590092421452923,
        2.432807493963331,
        2.1934677244034195,
        2.5595858399910614,
        2.4381268328552586,
        2.5373557513405434,
        2.500451109416569
    ],
    "eigs": [
        0.36717094802446215,
        0.03429314054609782,
        2.4203354850770373,
        0.8325590616541609,
        0.01624155144423671,
        0.35037232433006876,
        0.22433300690594157,
        0.16520734416907498,
        0.12351351180681606,
        0.11775282937873954
    ]
}