{
    "eigs_regret": [
        0.046601232203220544,
        0.07849702008399251,
        0.15325701550531612,
        0.4169931778048011,
        0.4195247475941563,
        0.20542210876567088,
        0.2566003057515228,
        0.25368081836440204,
        0.2983488604706179,
        0.2780369462809451
    ],
    "eigs_max": [
        2.4021758352563767,
        0.9706545299329857,
        0.43591014748278795,
        0.42421584220493463,
        0.41952470886831816,
        0.4184404232341464,
        0.4129414095127313,
        0.3737886374113276,
        0.4033658575703729,
        0.36247016968146645
    ],
    "inputs_max": [
        2.5145906587629363,
        1.4986748581542693,
        1.4324530735403318,
        1.7791760160433223,
        1.572707409877635,
        1.597784738189623,
        1.7290487714109197,
        1.6920929533199502,
        1.5812325730595393,
        1.6267361455315077
    ],
    "eigs": [
        2.355574603053156,
        0.8921575098489932,
        0.2826531319774718,
        0.007222664400133507,
        -3.872583816324974e-08,
        0.2130183144684755,
        0.15634110376120847,
        0.12010781904692557,
        0.105016997099755,
        0.08443322340052131
    ]
}