{
    "eigs_regret": [
        0.0428921555265549,
        0.6342500085367757,
        0.8642705673435822,
        -0.004215875232380206,
        0.41344023786445594,
        0.10973923462815927,
        0.19635762872853338,
        0.1883211026746594,
        0.19673152183368728,
        0.26300706822117437
    ],
    "eigs_max": [
        2.4767054623288987,
        0.9751198336211537,
        0.8642705699080843,
        0.8717708595396723,
        0.42109928361970217,
        0.40138256925085275,
        0.4320566232272447,
        0.3969392550088358,
        0.35547087010767314,
        0.28387023381654647
    ],
    "inputs_max": [
        2.318981044272002,
        1.354450047111226,
        1.4014585110818467,
        1.5002817620013942,
        2.322221367303687,
        2.2860295922301646,
        2.3443905560982166,
        2.5521632243615606,
        2.4753416331145948,
        2.551156895193639
    ],
    "eigs": [
        2.4338133068023438,
        0.340869825084378,
        2.5645020805327053e-09,
        0.8759867347720525,
        0.0076590457552462516,
        0.2916433346226935,
        0.23569899449871132,
        0.2086181523341764,
        0.15873934827398586,
        0.020863165595372074
    ]
}