{
    "eigs_regret": [
        0.006856347585062039,
        0.6421040482516955,
        0.9170770365136344,
        0.07103860656797245,
        0.13255476939481609,
        0.194998823503463,
        0.18675869381647386,
        0.2649977057257519,
        0.31471563264120805,
        0.2798558220592716
    ],
    "eigs_max": [
        2.4147237386392373,
        1.038382366010607,
        0.9170769863960252,
        0.9340481622512917,
        0.4564226681992351,
        0.41956804665393205,
        0.38082780769159286,
        0.4058351866868079,
        0.4236834051509643,
        0.3915125569214241
    ],
    "inputs_max": [
        2.5418101532148136,
        1.5075340401191166,
        1.5437995568699414,
        1.387219652313335,
        2.621818474631449,
        2.853361247634557,
        2.892624607792657,
        2.597176837882811,
        2.789973073753677,
        2.731968979342913
    ],
    "eigs": [
        2.4078673910541752,
        0.3962783177589116,
        -5.011760913390691e-08,
        0.8630095556833193,
        0.323867898804419,
        0.22456922315046904,
        0.194069113875119,
        0.14083748096105606,
        0.10896777250975628,
        0.11165673486215248
    ]
}