{
    "eigs_regret": [
        0.015924513172005383,
        0.32225442569654505,
        0.329372894807802,
        0.3464544569143585,
        0.07573314159510086,
        0.29926893527985365,
        0.27888962743315693,
        0.31218353175272934,
        0.2764367900832886,
        0.31254417676401314
    ],
    "eigs_max": [
        2.466156575000366,
        0.9692217178365023,
        0.6478863432674529,
        0.5367318845037058,
        0.5254281719362632,
        0.3008511492955309,
        0.27888962729001693,
        0.31218450504153583,
        0.27643667419964807,
        0.3125137678938765
    ],
    "inputs_max": [
        2.2802184895468325,
        1.1570764677336158,
        1.1637444885375765,
        1.3498681407246633,
        1.2780861909134518,
        1.5118732060768343,
        1.311883112750027,
        1.5860859944829586,
        1.1521465631093453,
        1.3286629001515164
    ],
    "eigs": [
        2.4502320618283604,
        0.6469672921399573,
        0.31851344845965085,
        0.19027742758934726,
        0.44969503034116237,
        0.0015822140156772546,
        -1.4313999414301598e-10,
        9.73288806499751e-07,
        -1.1588364053973866e-07,
        -3.0408870136631128e-05
    ]
}