{
    "eigs_regret": [
        0.06166492616972219,
        0.3242535578350172,
        0.429476983611976,
        0.4282535553361817,
        0.47194037392904453,
        0.3626234119723527,
        0.44353076632703425,
        0.457917413128388,
        0.5003868435765403,
        0.47210024677543566
    ],
    "eigs_max": [
        2.468611834344466,
        0.9625874731277198,
        0.7334799247754448,
        0.5987653472080899,
        0.6061604061740108,
        0.6357450974265324,
        0.5950974904985776,
        0.4702373414967061,
        0.5012507970655171,
        0.4721002117089434
    ],
    "inputs_max": [
        2.392686118723259,
        1.3996154929900817,
        1.1958523299198054,
        1.0036938904847896,
        1.290788811927126,
        1.1086450038547317,
        1.1277835227913284,
        1.0154690958540713,
        1.3313565790964348,
        1.1502261737104869
    ],
    "eigs": [
        2.406946908174744,
        0.6383339152927026,
        0.30400294116346877,
        0.17051179187190826,
        0.13422003224496626,
        0.2731216854541797,
        0.15156672417154338,
        0.012319928368318054,
        0.0008639534889768467,
        -3.506649229205946e-08
    ]
}