{
    "eigs_regret": [
        0.09684985040599914,
        0.02719238805328794,
        0.03450837574514931,
        0.10806862762316413,
        0.13929351548754404,
        0.18729751244768805,
        0.17435514518944153,
        0.20383918505671317,
        0.24177716840698607,
        0.2096947777473927
    ],
    "eigs_max": [
        2.4468667525848544,
        0.9816406138493771,
        0.4006144779564029,
        0.33315875540319434,
        0.2914273643339169,
        0.29582672471566906,
        0.27293780072817525,
        0.28242285688897784,
        0.31001854889419145,
        0.2719201457775846
    ],
    "inputs_max": [
        2.4821757843379393,
        1.5718736997631395,
        2.6030583920861137,
        2.5242629093628404,
        0.8637714330210872,
        1.0257241336652672,
        0.8944225539445305,
        0.6405865890619983,
        0.14014419494232655,
        0.5897082220591787
    ],
    "eigs": [
        2.3500169021788553,
        0.9544482257960891,
        0.3661061022112536,
        0.2250901277800302,
        0.15213384884637288,
        0.10852921226798103,
        0.09858265553873372,
        0.07858367183226465,
        0.06824138048720538,
        0.0622253680301919
    ]
}