{
    "eigs_regret": [
        0.06035685866181861,
        0.689137906243761,
        1.029659864043385,
        0.2818678688938355,
        0.5870744828268716,
        0.18108297207912638,
        0.11714196985908443,
        0.11946121401826237,
        0.08264088326916261,
        0.152582868689042
    ],
    "eigs_max": [
        2.447640978621694,
        1.0250870104934189,
        1.0296589982149909,
        0.9396310843016409,
        0.6087966673622212,
        0.5838455378022293,
        0.5480181267945341,
        0.298406330012945,
        0.3035185147589791,
        0.3056764509092905
    ],
    "inputs_max": [
        2.388851165440276,
        1.436732746660851,
        1.584049882133693,
        1.5102266962938486,
        1.396746992551316,
        1.2249094359694994,
        1.2182176241624303,
        1.4639219606407567,
        1.36435617095638,
        1.463804290416673
    ],
    "eigs": [
        2.3872841199598756,
        0.3359491042496578,
        -8.658283941593856e-07,
        0.6577632154078054,
        0.021722184535349534,
        0.40276256572310287,
        0.4308761569354497,
        0.1789451159946826,
        0.2208776314898165,
        0.15309358222024852
    ]
}