{
    "eigs_regret": [
        2.0350296174421256,
        2.4125449191513497,
        0.12808780606456782,
        0.16578675075624183,
        0.06348153419816277,
        0.0002848212944574491,
        0.11473364321248244,
        0.09645791627171987,
        0.2484793953072282,
        0.0829535081064533
    ],
    "eigs_max": [
        2.405705697148911,
        2.422017940373271,
        2.357503234795572,
        0.9502542486119471,
        0.4405486831310971,
        0.40335815741471404,
        0.29788915531528887,
        0.22254203737053752,
        0.2535997259931567,
        0.2362567012984876
    ],
    "inputs_max": [
        2.252704594007006,
        2.3680387280577193,
        2.313693819579747,
        1.5171278735788218,
        1.6837856747298412,
        1.6113410289383707,
        2.638140445257579,
        2.9317595489410775,
        2.7718960779887003,
        2.7516560311980442
    ],
    "eigs": [
        0.37067607970678534,
        0.009473021221921485,
        2.229415428731004,
        0.7844674978557052,
        0.3770671489329343,
        0.4030733361202566,
        0.18315551210280642,
        0.12608412109881764,
        0.005120330685928504,
        0.1533031931920343
    ]
}