{
    "eigs_regret": [
        2.078865227339157,
        2.441088029334816,
        0.048860193211252234,
        0.1270706026733036,
        0.21041916733577817,
        0.06694527036644443,
        0.13061720989841405,
        0.06883465839803954,
        0.07713562682492334,
        0.10440287854480437
    ],
    "eigs_max": [
        2.4444273243761407,
        2.459919137656175,
        2.4174957280380402,
        0.9071682315705408,
        0.44089887160338287,
        0.4791261381465048,
        0.2830352578568236,
        0.30891316217592657,
        0.2424896018833544,
        0.24510883617159981
    ],
    "inputs_max": [
        2.4267488856700625,
        2.379139741215808,
        2.4156029053939982,
        1.4462480379907716,
        2.4766923292749854,
        1.5831100247619678,
        1.7091875409101158,
        2.450868295986096,
        2.5906586728181553,
        2.6124655824784115
    ],
    "eigs": [
        0.36556209703698417,
        0.018831108321359254,
        2.368635534826788,
        0.7800976288972372,
        0.2304797042676047,
        0.41218086778006036,
        0.15241804795840955,
        0.24007850377788703,
        0.16535397505843105,
        0.14070595762679544
    ]
}