{
    "eigs_regret": [
        0.11099070020540003,
        0.09992839635136064,
        0.4071692909307876,
        0.32840464117589474,
        0.08136694695534208,
        0.09048848410059446,
        0.15264112016190634,
        0.10547064919612287,
        0.2034855388655561,
        0.18527868378443557
    ],
    "eigs_max": [
        2.474621321263248,
        1.0075323234396931,
        0.40940778114630266,
        0.4565896726862341,
        0.45201041570943495,
        0.3425744973493025,
        0.31742398881834494,
        0.2682390224317357,
        0.3005660896971132,
        0.2881348675512419
    ],
    "inputs_max": [
        2.348015032425981,
        1.4427516218969605,
        1.7691824500950193,
        2.211267439306978,
        1.6408690549204712,
        1.4291739411596343,
        1.493719903545655,
        1.0523641358339098,
        1.2700773151334195,
        1.2702959578176625
    ],
    "eigs": [
        2.363630621057848,
        0.9076039270883325,
        0.00223849021551507,
        0.1281850315103394,
        0.3706434687540929,
        0.25208601324870805,
        0.1647828686564386,
        0.16276837323561283,
        0.0970805508315571,
        0.10285618376680634
    ]
}