{
    "eigs_regret": [
        2.064557452053844,
        2.379911220589946,
        0.044958561738530634,
        0.017242697037293975,
        0.41436119426787116,
        0.07344743611185939,
        0.138650679085617,
        0.14284468975622827,
        0.05614226677050793,
        0.21234579227255154
    ],
    "eigs_max": [
        2.430715553703141,
        2.4026868489557804,
        2.33745132900909,
        0.8724472569681284,
        0.4214413275300836,
        0.4095608574160585,
        0.3284036171662712,
        0.37616925635987447,
        0.28792188376220507,
        0.21234646991036854
    ],
    "inputs_max": [
        2.2460710096808922,
        2.2844687294480486,
        2.526837574943133,
        1.3786686239879202,
        2.190879190737514,
        2.4228189959323947,
        2.3667866525955494,
        2.528742651424098,
        2.5283937664879694,
        2.6566355295248374
    ],
    "eigs": [
        0.36615810164929713,
        0.022775628365834053,
        2.2924927672705593,
        0.8552045599308344,
        0.007080133262212477,
        0.33611342130419913,
        0.1897529380806542,
        0.2333245666036462,
        0.23177961699169713,
        6.776378169981232e-07
    ]
}