{
    "eigs_regret": [
        0.023707138479950984,
        0.5340281457357808,
        0.8313292886056216,
        0.03580234193550913,
        0.4370064924979972,
        0.033684925912674746,
        0.014944491768716373,
        0.11990026555252364,
        0.08036667359181635,
        0.06895282122888666
    ],
    "eigs_max": [
        2.462047668747606,
        0.892245574528646,
        0.8313292886061805,
        0.8377702635096809,
        0.43755286604477667,
        0.4657274769592652,
        0.285183017760242,
        0.28856142414937186,
        0.265221168510918,
        0.21851757729411692
    ],
    "inputs_max": [
        2.287327052039847,
        1.4155369571378817,
        1.3203542076656527,
        1.2653180843974772,
        2.3125445493087673,
        1.927706638497892,
        1.12682538124388,
        1.3851043777250256,
        1.009020977014894,
        2.3773550117614795
    ],
    "eigs": [
        2.438340530267655,
        0.3582174287928651,
        5.589347504931586e-13,
        0.8019679215741717,
        0.0005463735467794269,
        0.43204255104659045,
        0.27023852599152565,
        0.16866115859684822,
        0.18485449491910164,
        0.14956475606523026
    ]
}