{
    "eigs_regret": [
        0.017782538693365435,
        0.32532230364315173,
        0.3750218969653738,
        0.42671195176072163,
        0.19620416109220823,
        0.2759149966087454,
        0.266913014369855,
        0.3111744771656524,
        0.33118373233984716,
        0.393899076439401
    ],
    "eigs_max": [
        2.4098533343549544,
        1.0216112373806492,
        0.6313973358476284,
        0.6063100611952085,
        0.6137011878894313,
        0.44731323528288314,
        0.40673751659939444,
        0.4365350332952755,
        0.4157298259639307,
        0.4075290411500969
    ],
    "inputs_max": [
        2.3053664771450095,
        1.2818711516238435,
        1.342823264187345,
        1.3624494062374515,
        1.4119828027660064,
        1.1834349711521548,
        1.2303103575574326,
        1.261741572638016,
        1.5416286053866695,
        1.2532350842858526
    ],
    "eigs": [
        2.392070795661589,
        0.6962889337374975,
        0.25637543888225456,
        0.17959810943448684,
        0.41749702679722306,
        0.1713982386741377,
        0.13982450222953946,
        0.12536055612962313,
        0.08454609362408354,
        0.013629964710695962
    ]
}