{
    "eigs_regret": [
        2.0128305261139237,
        2.460630076955263,
        0.023940537806666384,
        0.23120896323284468,
        0.09071964377569797,
        0.02028418882556865,
        0.08817747689632832,
        0.21506017317989432,
        0.20092185332367715,
        0.24170719663502666
    ],
    "eigs_max": [
        2.3822810415410394,
        2.4740718205520036,
        2.4578300735851197,
        1.0049758456969415,
        0.6285454605053742,
        0.40881500475287214,
        0.3291263600989279,
        0.3578116039888499,
        0.34744650657481146,
        0.3411451223072519
    ],
    "inputs_max": [
        2.4020500252750256,
        2.435998821351305,
        2.328660596760253,
        1.4100903041421247,
        3.0685265218900684,
        1.8255349308376538,
        3.2429573680396686,
        3.1898225206873274,
        3.196184934063599,
        3.0262094263654045
    ],
    "eigs": [
        0.3694505154271158,
        0.013441743596740604,
        2.4338895357784534,
        0.7737668824640969,
        0.5378258167296762,
        0.3885308159273035,
        0.24094888320259955,
        0.1427514308089556,
        0.1465246532511343,
        0.09943792567222524
    ]
}