{
    "eigs_regret": [
        2.0375128085118104,
        2.450737044872907,
        0.10464454772534149,
        0.03337526064024088,
        0.40231728922875654,
        0.18437623942974757,
        0.1893093724017934,
        0.2780776296739781,
        0.22572175215822013,
        0.2470756589298317
    ],
    "eigs_max": [
        2.422490517924379,
        2.4750516797814206,
        2.4378894110971454,
        0.891707620592378,
        0.42398184859335925,
        0.40142131762635014,
        0.39339402889774383,
        0.4137868047484656,
        0.3670480093297416,
        0.3843169262635024
    ],
    "inputs_max": [
        2.26151095522215,
        2.2436267386154247,
        2.394328681981164,
        1.3522804117977465,
        2.4090751853314973,
        2.261008851945946,
        2.6367995839821647,
        2.375598423825217,
        2.23617295167897,
        2.217694611497443
    ],
    "eigs": [
        0.3849777094125689,
        0.0243146349085139,
        2.333244863371804,
        0.8583323599521371,
        0.021664559364602733,
        0.21704507819660257,
        0.20408465649595042,
        0.13570917507448751,
        0.14132625717152145,
        0.1372412673336707
    ]
}