{
    "eigs_regret": [
        0.09136227640400252,
        0.3705720782527867,
        0.12751152002101795,
        0.03945466725123031,
        0.09350032030429808,
        0.12401980552071432,
        0.2846046184956511,
        0.08876796207014376,
        0.250843032678157,
        0.19920350879402116
    ],
    "eigs_max": [
        2.4315619998901727,
        0.9979040906413886,
        0.7197756421546815,
        0.37272360996483933,
        0.2848740652185006,
        0.2988238056720577,
        0.2846046180658578,
        0.2583450328536613,
        0.25171467274141907,
        0.21965920651805712
    ],
    "inputs_max": [
        2.321207913888697,
        1.4814109614857114,
        1.313375525423233,
        1.019698051458377,
        2.5226059920666706,
        2.697973825398226,
        2.5431874994690635,
        2.6133027703951033,
        2.4204223475017086,
        2.745299418072285
    ],
    "eigs": [
        2.3401997234861702,
        0.6273320123886019,
        0.5922641221336635,
        0.333268942713609,
        0.19137374491420253,
        0.17480400015134337,
        -4.297932896041236e-10,
        0.16957707078351753,
        0.0008716400632620831,
        0.02045569772403598
    ]
}