{
    "eigs_regret": [
        0.007044939720394883,
        0.7100006681262325,
        0.9637292994235528,
        0.7982680356665729,
        0.5209537305584551,
        0.5973674040158141,
        0.06347523944643652,
        0.1837669120033676,
        0.022117930696282206,
        0.07000696253490907
    ],
    "eigs_max": [
        2.404884367996453,
        1.0601960366262877,
        0.96373022049867,
        0.9471179131250944,
        0.9210630321042262,
        0.8513673120426113,
        0.8367110859000993,
        0.34495366019379653,
        0.3109271051484691,
        0.21820097057742516
    ],
    "inputs_max": [
        2.2996064021771057,
        1.3939125548099414,
        1.3559732134766078,
        1.6090221166429064,
        1.5901939485533685,
        1.3917984172739222,
        1.3378186256333007,
        1.6161136928962834,
        1.505919653319408,
        1.5922049293040996
    ],
    "eigs": [
        2.397839428276058,
        0.3501953685000551,
        9.210751171746011e-07,
        0.14884987745852152,
        0.40010930154577123,
        0.2539999080267972,
        0.7732358464536628,
        0.16118674819042894,
        0.2888091744521869,
        0.1481940080425161
    ]
}