{
    "eigs_regret": [
        2.0340336870635154,
        0.09305992523192641,
        0.9360318142688917,
        0.1680408086115761,
        0.18916646252429103,
        0.35241213648128356,
        0.21822134557834721,
        0.281364542426912,
        0.3054413131095809,
        0.016903824645531584
    ],
    "eigs_max": [
        2.3976619051740182,
        2.2807845037447128,
        0.9360404363013181,
        0.8945874634747818,
        0.5617941973831461,
        0.508993432969416,
        0.4900544192635255,
        0.45248939286090956,
        0.43667169418298024,
        0.4352394534291162
    ],
    "inputs_max": [
        2.4648674592070274,
        2.495505559796039,
        1.4221266964056478,
        1.4675463890905198,
        3.156125693371652,
        3.052610438995127,
        3.0289500904662776,
        2.7813464071633853,
        3.2047147614275135,
        2.8922155951909563
    ],
    "eigs": [
        0.3636282181105028,
        2.1877245785127863,
        8.622032426402438e-06,
        0.7265466548632057,
        0.37262773485885503,
        0.15658129648813246,
        0.2718330736851783,
        0.17112485043399756,
        0.13123038107339932,
        0.4183356287835846
    ]
}