{
    "eigs_regret": [
        0.0303585345750772,
        0.08121597058680052,
        0.15523396268164374,
        0.4147565745976789,
        0.45364081711432164,
        0.4434153499413172,
        0.19995839118013417,
        0.23038173741020213,
        0.27711220787703633,
        0.3876014140894573
    ],
    "eigs_max": [
        2.384981560279662,
        1.0374691962745415,
        0.46866426227364766,
        0.41990172911674745,
        0.45364083018893125,
        0.4433242007835312,
        0.432233758725671,
        0.40380187828665653,
        0.4071326867756734,
        0.43531823233678385
    ],
    "inputs_max": [
        2.347799349000053,
        1.3893244766957513,
        1.520542478430702,
        1.5394487625971476,
        1.847779895842564,
        1.6067753111255934,
        1.6569611686036723,
        1.6275665668999943,
        1.5392676904991898,
        1.7845976440368987
    ],
    "eigs": [
        2.354623025704585,
        0.956253225687741,
        0.3134302995920039,
        0.005145154519068533,
        1.3074609641255518e-08,
        -9.114915778600738e-05,
        0.23227536754553682,
        0.1734201408764544,
        0.13002047889863705,
        0.04771681824732654
    ]
}