{
    "eigs_regret": [
        0.04980548005888075,
        0.5971494907729251,
        0.8899474522515659,
        0.06919881989264187,
        0.18819940988720174,
        0.07539358584763745,
        0.10072005189474029,
        0.12111671516984862,
        0.19611608811079972,
        0.30995531481074573
    ],
    "eigs_max": [
        2.4533727305328057,
        0.9078802162571794,
        0.8899474520341951,
        0.8852540434017128,
        0.40454455344628776,
        0.39986614676017324,
        0.30544653480294187,
        0.26573229537673465,
        0.31476155313194626,
        0.31938890735228814
    ],
    "inputs_max": [
        2.3829588013683085,
        1.4999591639660048,
        1.435972199850406,
        1.3838723665022656,
        2.267665521490663,
        2.540269285759223,
        2.524176051755177,
        2.430490754873196,
        2.409976166527288,
        2.4281580845895
    ],
    "eigs": [
        2.403567250473925,
        0.31073072548425434,
        -2.173707806421934e-10,
        0.8160552235090709,
        0.21634514355908602,
        0.3244725609125358,
        0.20472648290820158,
        0.14461558020688603,
        0.11864546502114655,
        0.009433592541542411
    ]
}