{
    "eigs_regret": [
        2.0849556375437706,
        0.03768701429669319,
        0.2612268388505977,
        0.40890814990090874,
        0.5306599559673906,
        0.32669355856506466,
        -0.0019080750446064387,
        0.13403630981077155,
        0.1285982767028837,
        0.06081818814820278
    ],
    "eigs_max": [
        2.4436267462228263,
        2.4702111116169587,
        0.8597016431220077,
        0.5575411530857446,
        0.5300112607201202,
        0.559706290434791,
        0.5335772642268244,
        0.3087339267847833,
        0.2461046138857692,
        0.21481847749503402
    ],
    "inputs_max": [
        2.4623954366634426,
        2.2656912563735103,
        1.2757942682775947,
        1.2777946353918828,
        1.2689844377981563,
        1.108343240983175,
        1.4246486320771445,
        1.296792755057437,
        1.3509555629136112,
        1.6039872536275683
    ],
    "eigs": [
        0.3586711086790555,
        2.4325240973202655,
        0.59847480427141,
        0.14863300318483585,
        -0.0006486952472703656,
        0.2330127318697264,
        0.5354853392714308,
        0.17469761697401173,
        0.11750633718288549,
        0.15400028934683124
    ]
}