{
    "eigs_regret": [
        0.019152491512048453,
        0.5880535181869884,
        0.839844007143629,
        0.01596788721200537,
        0.06907135287789307,
        0.05962691196337194,
        0.09876682672034082,
        0.20208168064726983,
        0.21084496453937288,
        0.2276882299976177
    ],
    "eigs_max": [
        2.4982557192871946,
        0.9574339298955999,
        0.8398440079595851,
        0.8532402056964131,
        0.41781384616131206,
        0.31727805648056007,
        0.31278497663826244,
        0.31763431238241074,
        0.29995559998760707,
        0.3287902652126836
    ],
    "inputs_max": [
        2.362522123768434,
        1.3679754956069468,
        1.3195119830106083,
        1.4369016121347293,
        2.210723005537887,
        2.5212644227803316,
        2.4529650058305004,
        2.457308966920116,
        2.496809266758971,
        2.5003091955568895
    ],
    "eigs": [
        2.479103227775146,
        0.36938041170861163,
        8.159562447178879e-10,
        0.8372723184844078,
        0.348742493283419,
        0.2576511445171881,
        0.21401814991792162,
        0.11555263173514092,
        0.0891106354482342,
        0.10110203521506592
    ]
}