{
    "eigs_regret": [
        -0.016575863257458856,
        0.05114842265246744,
        0.379672782951831,
        0.19051919119086316,
        0.2967905596907266,
        0.2579773521043245,
        0.23171636392789396,
        0.2850358595099661,
        0.27546227707219473,
        0.25878403894146357
    ],
    "eigs_max": [
        2.4649005065307072,
        0.9744965498747877,
        0.3862948985639783,
        0.3908456809822203,
        0.35085151583173757,
        0.3801071280034346,
        0.3595120317594345,
        0.39053672894896385,
        0.3470709057554582,
        0.32267281844812307
    ],
    "inputs_max": [
        2.4070534317941448,
        1.496074321118348,
        2.4461177360185626,
        1.667713660050687,
        1.8717442850027433,
        1.612466943625916,
        1.8110742209734643,
        1.764960055146299,
        1.7086134416596783,
        1.3360928350820016
    ],
    "eigs": [
        2.481476369788166,
        0.9233481272223203,
        0.00662211561214733,
        0.20032648979135712,
        0.05406095614101096,
        0.12212977589911014,
        0.12779566783154056,
        0.10550086943899774,
        0.07160862868326343,
        0.06388877950665948
    ]
}