{
    "eigs_regret": [
        0.05330857405364808,
        0.6468772584188832,
        0.8407992082381625,
        0.14992279548538479,
        0.41811762535184355,
        0.2805906571354828,
        0.038733007966060995,
        0.056440937134047714,
        0.04704455411417732,
        0.023741874950837377
    ],
    "eigs_max": [
        2.433786191123919,
        0.9612679444133274,
        0.8407992089021723,
        0.8451201144466963,
        0.4200845701375753,
        0.42966653821105005,
        0.4224644414929146,
        0.3007903512991037,
        0.21421345066936526,
        0.2172905390563515
    ],
    "inputs_max": [
        2.3221472925101465,
        1.3253672273214079,
        1.3683923516379664,
        1.275671028590208,
        1.6949078548383563,
        1.8300659810613555,
        1.437855698213348,
        2.1824927977875577,
        2.427715352031114,
        2.355172515587049
    ],
    "eigs": [
        2.380477617070271,
        0.3143906859944442,
        6.640098401897176e-10,
        0.6951973189613115,
        0.0019669447857317453,
        0.1490758810755672,
        0.3837314335268536,
        0.24434941416505598,
        0.16716889655518793,
        0.19354866410551413
    ]
}