{
    "eigs_regret": [
        0.10920762778938009,
        0.5867383360440934,
        0.8651649686192353,
        0.16328151559660353,
        0.16774367844020427,
        0.06879281493340972,
        0.29589893358014957,
        0.03706784221088805,
        0.05727684156726351,
        0.07459013068729056
    ],
    "eigs_max": [
        2.4460555381404308,
        0.9946851412060284,
        0.8651649464424621,
        0.8944020201344374,
        0.4436000231530065,
        0.42232057913169324,
        0.3033923937594632,
        0.31730575533246536,
        0.23368252289042632,
        0.20921795069871274
    ],
    "inputs_max": [
        2.4454823229203844,
        1.22538466924841,
        1.3254005842976468,
        1.3308267969132725,
        1.383776173614732,
        1.6999872309571278,
        1.4000812356053154,
        1.2064930541251306,
        2.4060211624789036,
        1.2990978658690007
    ],
    "eigs": [
        2.3368479103510507,
        0.407946805161935,
        -2.2176773190264578e-08,
        0.7311205045378338,
        0.27585634471280224,
        0.3535277641982835,
        0.007493460179313601,
        0.2802379131215773,
        0.1764056813231628,
        0.13462782001142218
    ]
}