{
    "eigs_regret": [
        0.05476131982983645,
        0.5105963313162876,
        0.6982767160557128,
        0.7366983880898176,
        0.6852484604118032,
        0.7605359102987129,
        0.72820252301269,
        0.6685190867992548,
        0.6625905864176829,
        0.6959250494516083
    ],
    "eigs_max": [
        2.5282549856244105,
        0.9568978198178183,
        0.9324671369875551,
        0.948771285788729,
        0.8335309075723343,
        0.9035233714955269,
        0.8711498788141545,
        0.7752707680868949,
        0.7420373829714415,
        0.768966907470433
    ],
    "inputs_max": [
        2.4085848981414753,
        1.3277357418940383,
        1.2499229891528678,
        1.3477329589255627,
        1.445137683507613,
        1.4896305755976473,
        1.4395714878690042,
        1.4931498149268507,
        1.445950540312727,
        1.2061646565926947
    ],
    "eigs": [
        2.473493665794574,
        0.4463014885015308,
        0.23419042093184222,
        0.2120728976989115,
        0.1482824471605311,
        0.14298746119681396,
        0.1429473558014646,
        0.10675168128764007,
        0.07944679655375868,
        0.07304185801882462
    ]
}