{
    "eigs_regret": [
        0.06854247939309088,
        0.4252553659753683,
        0.6933385888741183,
        0.5917766408604552,
        0.34377479555307133,
        0.5262451671360667,
        0.5091730432098625,
        0.5377736000446495,
        0.42437081969092255,
        0.45576024536553295
    ],
    "eigs_max": [
        2.4639674235418103,
        0.9895234018509057,
        0.6945726381676416,
        0.7238722632145883,
        0.6541387664486171,
        0.6621616284394534,
        0.6685905459035819,
        0.627480413356161,
        0.6143696618397516,
        0.6083439811528092
    ],
    "inputs_max": [
        2.4034838702553585,
        1.210841082655536,
        1.55827642504213,
        1.5495362104732902,
        1.5267196519835764,
        1.7245358195794798,
        1.4796664802447363,
        1.468094816323463,
        1.6796189460340942,
        1.488027984732162
    ],
    "eigs": [
        2.3954249441487194,
        0.5642680358755374,
        0.0012340492935233782,
        0.1320956223541331,
        0.3103639708955458,
        0.13591646130338664,
        0.1594175026937195,
        0.08970681331151158,
        0.18999884214882906,
        0.15258373578727621
    ]
}