{
    "eigs_regret": [
        1.9912103529500038,
        0.03521323582976876,
        0.8322784645116107,
        0.014316431973525945,
        0.19460399651611157,
        0.2779487273977266,
        0.26198021907053826,
        0.2712429029515098,
        0.3092062467934344,
        0.33037250340603197
    ],
    "eigs_max": [
        2.3258933893573626,
        2.415827815125718,
        0.8322784645380914,
        0.8175850957149084,
        0.417465583304437,
        0.46403288819952615,
        0.41193395737778815,
        0.4080911365281751,
        0.41896469297494887,
        0.397454268312363
    ],
    "inputs_max": [
        2.4507224257051012,
        2.227442208073944,
        1.39379677933738,
        1.2953963922406553,
        2.108959022102038,
        2.2452323322404615,
        2.279275944163116,
        2.1828916266848406,
        2.1836342738041123,
        2.3125647733505916
    ],
    "eigs": [
        0.3346830364073588,
        2.3806145792959494,
        2.648067858195577e-11,
        0.8032686637413825,
        0.22286158678832543,
        0.18608416080179954,
        0.14995373830724992,
        0.13684823357666526,
        0.10975844618151447,
        0.06708176490633108
    ]
}