{
    "eigs_regret": [
        0.07043939893083584,
        0.09238317079571412,
        0.27925947015001396,
        0.033014458969185534,
        0.03815968389044855,
        0.031801390277609615,
        0.1170997706039189,
        0.12672990959320735,
        0.11401015049745272,
        0.11357175277927917
    ],
    "eigs_max": [
        2.419191300199849,
        1.0103928056184688,
        0.4492546172708256,
        0.41739356530082067,
        0.30928003043296365,
        0.2429404131145961,
        0.24214246441561127,
        0.24247161917841356,
        0.2565671148930713,
        0.25873675070820445
    ],
    "inputs_max": [
        2.2799675223400637,
        1.165790332828431,
        1.9099273725753,
        1.2927165430658816,
        1.1254463721323205,
        2.4486646479303484,
        0.0479311595344295,
        0.088154649712201,
        0.22497747201216667,
        0.0006247580651752571
    ],
    "eigs": [
        2.3487519012690132,
        0.9180096348227547,
        0.16999514712081165,
        0.38437910633163513,
        0.2711203465425151,
        0.2111390228369865,
        0.12504269381169236,
        0.11574170958520623,
        0.1425569643956186,
        0.1451649979289253
    ]
}