{
    "eigs_regret": [
        1.9821076514236675,
        2.3385702769305357,
        0.07763721892841069,
        0.08000887049710304,
        0.36244222023760986,
        0.15235726078248862,
        0.09203707844008074,
        0.1372081402164111,
        0.06382857247981069,
        0.058240718207112185
    ],
    "eigs_max": [
        2.3444723628802375,
        2.386174831090648,
        2.339640842216679,
        0.8122023991267283,
        0.37487089679903707,
        0.3993821581141899,
        0.39419356613490775,
        0.3222183427318421,
        0.27217833495477284,
        0.20660677847227532
    ],
    "inputs_max": [
        2.5153508117631973,
        2.37188713979608,
        2.3727266718851068,
        1.358396041426448,
        2.241615945628036,
        2.5567358908343385,
        2.347104483344156,
        2.5558615669533093,
        2.5657378835735036,
        2.711641557591431
    ],
    "eigs": [
        0.3623647114565701,
        0.047604554160112174,
        2.262003623288268,
        0.7321935286296253,
        0.012428676561427208,
        0.2470248973317013,
        0.302156487694827,
        0.185010202515431,
        0.20834976247496215,
        0.14836606026516314
    ]
}