{
    "eigs_regret": [
        2.0136667260428585,
        2.5014493757557825,
        0.01909334126937523,
        0.879133720977378,
        0.8613425795095123,
        0.573542495721878,
        0.7441653012083983,
        0.8264948743961014,
        0.6510847066156578,
        0.680355487784051
    ],
    "eigs_max": [
        2.406306255036782,
        2.520261478729064,
        2.443002404844599,
        0.8951582235184399,
        0.9551307716404572,
        0.8895547431704766,
        0.882875364758923,
        0.9162566471221879,
        0.7555156128785206,
        0.8408613268627889
    ],
    "inputs_max": [
        2.3010376978729323,
        2.3947730169308197,
        2.3012785145360883,
        1.4094014646184978,
        1.4798104219853063,
        1.342037232607186,
        1.486569591863427,
        1.4037475166188484,
        1.3708337536683817,
        1.5209843659658728
    ],
    "eigs": [
        0.39263952899392374,
        0.0188121029732816,
        2.423909063575224,
        0.016024502541061872,
        0.09378819213094494,
        0.31601224744859857,
        0.1387100635505247,
        0.08976177272608649,
        0.1044309062628629,
        0.16050583907873794
    ]
}