{
    "eigs_regret": [
        0.05431457670124651,
        0.5975522727906348,
        0.8968571411076001,
        0.14241430452032589,
        0.06319224074314111,
        0.0923627611531242,
        0.12966523618811307,
        0.24248249027065144,
        0.0762810423875093,
        0.12009509823525616
    ],
    "eigs_max": [
        2.4296043709220485,
        0.9850058160824192,
        0.8968571383651845,
        0.9476936417600494,
        0.4636586318837802,
        0.388921300557075,
        0.28155735403859644,
        0.24237368339760512,
        0.24493563277496921,
        0.25106684787409433
    ],
    "inputs_max": [
        2.400245308760425,
        1.2390378795009287,
        1.529977719677222,
        1.3546420803254478,
        1.6013280648967871,
        2.5775425232712057,
        2.4542998228257815,
        2.2527876642132094,
        0.9585224913988244,
        2.4435647299125347
    ],
    "eigs": [
        2.375289794220802,
        0.3874535432917844,
        -2.7424155518783034e-09,
        0.8052793372397236,
        0.4004663911406391,
        0.2965585394039508,
        0.15189211785048337,
        -0.00010880687304631123,
        0.16865459038745992,
        0.13097174963883818
    ]
}