{
    "eigs_regret": [
        0.15264940063454713,
        0.12948526893698997,
        0.45303129472698617,
        0.17455163711902066,
        0.4535036870820117,
        0.035896473611232715,
        0.19579348206871375,
        0.015347136416317186,
        0.10196091751274944,
        0.028472288265708745
    ],
    "eigs_max": [
        2.518707457406959,
        0.9731166885634569,
        0.4559699935615431,
        0.40903812934897305,
        0.4535036739070595,
        0.42565585913689025,
        0.356762961757261,
        0.30300972421859956,
        0.2989171897229097,
        0.24739617262613675
    ],
    "inputs_max": [
        2.3448272071523792,
        1.4015644655937343,
        1.510442321357418,
        1.771001584004327,
        1.7063408904718909,
        1.782032545619658,
        1.319143288331165,
        2.503384352262974,
        2.8199846160001703,
        2.4906805122081717
    ],
    "eigs": [
        2.366058056772412,
        0.8436314196264669,
        0.002938698834556938,
        0.23448649222995238,
        -1.3174952238462784e-08,
        0.38975938552565753,
        0.16096947968854727,
        0.2876625878022824,
        0.19695627221016027,
        0.218923884360428
    ]
}