{
    "eigs_regret": [
        0.08216288757236168,
        0.3638101454704493,
        0.4835033278314751,
        0.42690859626111566,
        0.5229802016659775,
        0.5320095273184915,
        0.5854077643623489,
        0.5307111269542072,
        0.5565422059065158,
        0.6085411204864005
    ],
    "eigs_max": [
        2.454942002456375,
        1.0075041080523988,
        0.7104913386593846,
        0.619777845341854,
        0.6612269205885184,
        0.651713439693089,
        0.6964866260338415,
        0.6260945375291826,
        0.6504340087174358,
        0.6685373501736713
    ],
    "inputs_max": [
        2.3413770055877863,
        1.3449904744320778,
        1.0832632109747542,
        1.0834738766154262,
        0.9302797072735164,
        0.982907056654671,
        1.3183775064542724,
        1.1354723203548711,
        1.2257562215109674,
        1.2129942729106409
    ],
    "eigs": [
        2.3727791148840134,
        0.6436939625819494,
        0.22698801082790956,
        0.19286924908073835,
        0.13824671892254087,
        0.1197039123745976,
        0.11107886167149261,
        0.09538341057497547,
        0.09389180281092006,
        0.05999622968727085
    ]
}