{
    "eigs_regret": [
        0.07982201941457268,
        0.1459999091889601,
        0.41645493693048125,
        0.23537925401257548,
        -0.01690513004107519,
        0.11235918745656254,
        0.04398549629937404,
        0.05083971384895852,
        0.05656618154340806,
        0.04044166687672826
    ],
    "eigs_max": [
        2.380313091704266,
        1.044083209344231,
        0.4212870255053552,
        0.4412353475796276,
        0.41901039684501595,
        0.3966277007753406,
        0.33402533423021474,
        0.20901484131784293,
        0.22983411536015927,
        0.17975384331538785
    ],
    "inputs_max": [
        2.251722218316444,
        1.3095014012183874,
        2.2830784677269578,
        1.5094610043261465,
        1.6500368713093916,
        2.7899019702227856,
        2.7722220015240806,
        2.7781766807178583,
        2.7614526217312436,
        2.6493273960322377
    ],
    "eigs": [
        2.3004910722896934,
        0.8980833001552708,
        0.004832088574873962,
        0.20585609356705215,
        0.43591552688609114,
        0.28426851331877806,
        0.2900398379308407,
        0.1581751274688844,
        0.1732679338167512,
        0.1393121764386596
    ]
}