{
    "eigs_regret": [
        0.04666238371596876,
        0.07651105992365037,
        0.4351153595096292,
        0.03265955690654271,
        0.17992258265057748,
        0.0550310513435176,
        0.01972008318159932,
        0.05651439410993192,
        0.13367531543259709,
        0.19421421499264
    ],
    "eigs_max": [
        2.48079150606241,
        0.9536295988515961,
        0.4366715753878385,
        0.4481617936611163,
        0.37855990341670703,
        0.33008513210992363,
        0.25321018730954203,
        0.24239870465963465,
        0.25464727251775077,
        0.27825160948912164
    ],
    "inputs_max": [
        2.3887578091374073,
        1.164861411528244,
        2.01780060498137,
        1.7822692572255594,
        2.4678829513916387,
        2.287122854080566,
        1.228383485146728,
        0.1644515550604836,
        0.008490505774081947,
        0.09481028881445308
    ],
    "eigs": [
        2.4341291223464414,
        0.8771185389279458,
        0.001556215878209285,
        0.4155022367545736,
        0.19863732076612955,
        0.27505408076640603,
        0.23349010412794272,
        0.18588431054970272,
        0.12097195708515367,
        0.08403739449648165
    ]
}