{
    "eigs_regret": [
        2.0730066171524277,
        2.408301928597766,
        0.07001552168690539,
        0.763493256450508,
        0.6939778518760319,
        0.6177702334831441,
        0.6663007976149096,
        0.8174810175311082,
        0.7966542127081777,
        0.8145901837116647
    ],
    "eigs_max": [
        2.4291017766348313,
        2.441631863823669,
        2.4459447257313687,
        0.7698761897536051,
        0.8126445846003385,
        0.8202550432555713,
        0.7819200204428182,
        0.8527103187168897,
        0.8161626746723042,
        0.8198774477426622
    ],
    "inputs_max": [
        2.318972337195345,
        2.3856528831956276,
        2.316241325898816,
        1.23257012828556,
        1.4830385481184076,
        1.4192616340582398,
        1.2596021238333999,
        1.3294304372427161,
        1.4066804924565295,
        1.323947359170428
    ],
    "eigs": [
        0.3560951594824036,
        0.033329935225903086,
        2.3759292040444633,
        0.006382933303097063,
        0.1186667327243066,
        0.20248480977242725,
        0.1156192228279086,
        0.03522930118578151,
        0.019508461964126426,
        0.005287264030997597
    ]
}