{
    "eigs_regret": [
        0.044374477769799636,
        0.7007622094166424,
        0.8768703489642905,
        0.2267901843507073,
        0.12388401528244891,
        0.41382298606383855,
        0.0467413926960934,
        0.04136277172435965,
        0.058355583784536286,
        0.10906491457913062
    ],
    "eigs_max": [
        2.495591869676836,
        1.0279343379727872,
        0.8768707949298453,
        0.9049302488019826,
        0.44403777216706797,
        0.41508862653436773,
        0.44084219703861666,
        0.3317017264631052,
        0.23027741699048182,
        0.22377723920217737
    ],
    "inputs_max": [
        2.3866520876145403,
        1.4080345481368934,
        1.4497465280454964,
        1.4796923884414548,
        1.7278125271296818,
        1.7082014590361527,
        1.8171825975547367,
        1.3850047072735356,
        2.491753263311301,
        2.56568213375839
    ],
    "eigs": [
        2.4512173919070364,
        0.3271721285561448,
        4.459655548554805e-07,
        0.6781400644512753,
        0.32015375688461906,
        0.0012656404705291724,
        0.39410080434252326,
        0.29033895473874555,
        0.17192183320594553,
        0.11471232462304676
    ]
}