{
    "eigs_regret": [
        0.03263331403983205,
        0.5400264856895745,
        0.8261919548531933,
        0.006524339266328338,
        0.2377067740340994,
        -0.01334507218317088,
        0.07381552000475114,
        0.26416917931844314,
        0.2031989159027214,
        0.22281263340223847
    ],
    "eigs_max": [
        2.4570239094640356,
        0.8669833246370673,
        0.8261919548533713,
        0.8339335989883045,
        0.47869188614652347,
        0.49402956916659985,
        0.26596385523916305,
        0.26537253173543285,
        0.23860162975508534,
        0.2296077823845124
    ],
    "inputs_max": [
        2.5333959763829936,
        1.4616591329033801,
        1.2276468283018183,
        1.6122584235649247,
        2.0029077316951227,
        2.021905628144307,
        2.243704837453768,
        2.297826561712522,
        2.3705670346840018,
        2.1687967228346845
    ],
    "eigs": [
        2.4243905954242035,
        0.32695683894749283,
        1.7791896572021993e-13,
        0.8274092597219762,
        0.24098511211242407,
        0.5073746413497707,
        0.1921483352344119,
        0.0012033524169897203,
        0.03540271385236393,
        0.006795148982273929
    ]
}