{
    "eigs_regret": [
        0.03462773314796992,
        0.0446681551794678,
        0.039465962522382006,
        0.06939704712782088,
        0.05497946593909583,
        0.0719231955668804,
        0.03434340266552246,
        0.05303214595075553,
        0.04605519389092799,
        0.06175772356375684
    ],
    "eigs_max": [
        0.07163457655905395,
        0.0757628613675863,
        0.06865373694923127,
        0.053493036420242925,
        0.059630005885477025,
        0.058727040145252894,
        0.046053797425424536,
        0.061247646902643844,
        0.04443061060441959,
        0.06348478011690518
    ],
    "inputs_max": [
        [
            [
                "male_athlete",
                "stroller",
                "male_athlete"
            ],
            [
                "female_doctor",
                "old_man",
                "girl",
                "boy"
            ],
            "swerve"
        ],
        [
            [
                "old_woman",
                "pregnant_woman",
                "large_man",
                "large_woman"
            ],
            [
                "pregnant_woman",
                "homeless",
                "male_athlete"
            ],
            "swerve"
        ],
        [
            [
                "criminal",
                "large_woman"
            ],
            [
                "stroller",
                "female_athlete"
            ],
            "swerve"
        ],
        [
            [
                "male_executive",
                "old_man"
            ],
            [
                "male_doctor",
                "homeless"
            ],
            "swerve"
        ],
        [
            [
                "male_athlete",
                "dog",
                "homeless",
                "boy"
            ],
            [
                "homeless",
                "female_doctor"
            ],
            "swerve"
        ],
        [
            [
                "old_woman",
                "old_woman"
            ],
            [
                "large_woman",
                "female_doctor",
                "boy"
            ],
            "stay"
        ],
        [
            [
                "large_man",
                "girl",
                "girl",
                "homeless"
            ],
            [
                "female_athlete",
                "male_executive",
                "male_athlete"
            ],
            "stay"
        ],
        [
            [
                "female_athlete",
                "old_woman"
            ],
            [
                "large_woman",
                "large_woman",
                "female_doctor"
            ],
            "swerve"
        ],
        [
            [
                "male_athlete",
                "criminal"
            ],
            [
                "male_athlete",
                "old_woman",
                "male_doctor"
            ],
            "stay"
        ],
        [
            [
                "old_woman"
            ],
            [
                "male_executive",
                "male_athlete"
            ],
            "stay"
        ]
    ],
    "eigs": [
        0.037006843411084026,
        0.031094706188118493,
        0.029187774426849267,
        -0.015904010707577954,
        0.004650539946381199,
        -0.013196155421627505,
        0.011710394759902076,
        0.008215500951888312,
        -0.0016245832865084003,
        0.0017270565531483423
    ]
}