{
    "eigs_regret": [
        0.04137069998240636,
        0.09402165653396637,
        0.07597648248858249,
        0.08819641604034585,
        0.0688667769898901,
        0.04187253493137526,
        0.06547520654529333,
        0.045226834211678314,
        0.020995782718673476,
        0.05360371459628496
    ],
    "eigs_max": [
        0.060635600121606445,
        0.08749965597891082,
        0.08370095392499916,
        0.10185011773772348,
        0.061587298322482636,
        0.059428151227681296,
        0.0628121940805184,
        0.05584150566749651,
        0.037457524285252515,
        0.04959654174770166
    ],
    "inputs_max": [
        [
            [
                "female_athlete",
                "female_doctor",
                "large_woman",
                "cat"
            ],
            [
                "large_man",
                "female_executive",
                "boy",
                "female_executive"
            ],
            "swerve"
        ],
        [
            [
                "male_doctor",
                "old_woman",
                "female_executive"
            ],
            [
                "large_man",
                "male_athlete",
                "large_woman",
                "old_woman"
            ],
            "swerve"
        ],
        [
            [
                "old_man",
                "dog"
            ],
            [
                "old_woman"
            ],
            "swerve"
        ],
        [
            [
                "criminal",
                "boy",
                "homeless",
                "large_man"
            ],
            [
                "pregnant_woman",
                "female_executive",
                "large_woman",
                "large_woman"
            ],
            "stay"
        ],
        [
            [
                "criminal",
                "pregnant_woman"
            ],
            [
                "large_man",
                "male_executive"
            ],
            "swerve"
        ],
        [
            [
                "dog",
                "criminal",
                "criminal"
            ],
            [
                "female_executive",
                "male_executive",
                "large_man",
                "large_woman"
            ],
            "stay"
        ],
        [
            [
                "pregnant_woman",
                "old_woman",
                "male_executive",
                "large_woman"
            ],
            [
                "boy",
                "boy",
                "girl",
                "stroller"
            ],
            "swerve"
        ],
        [
            [
                "boy"
            ],
            [
                "female_athlete",
                "cat",
                "female_doctor"
            ],
            "swerve"
        ],
        [
            [
                "criminal",
                "cat",
                "female_athlete",
                "dog"
            ],
            [
                "stroller",
                "boy",
                "old_woman"
            ],
            "swerve"
        ],
        [
            [
                "large_man"
            ],
            [
                "female_athlete",
                "homeless"
            ],
            "stay"
        ]
    ],
    "eigs": [
        0.01926490013920008,
        -0.006522000555055544,
        0.007724471436416658,
        0.013653701697377627,
        -0.007279478667407464,
        0.017555616296306042,
        -0.0026630124647749292,
        0.010614671455818197,
        0.01646174156657904,
        -0.004007172848583305
    ]
}