{
    "eigs_regret": [
        0.019173359131258044,
        0.038702943425110714,
        0.06203476052143349,
        0.036605247669340715,
        0.0652491430525138,
        0.06593609380427486,
        0.05280321426547248,
        0.05311731539211644,
        0.08331009221574039,
        0.07030644058117165
    ],
    "eigs_max": [
        0.04540832297510954,
        0.061995268131864095,
        0.06343176247696986,
        0.05403974274419711,
        0.06226038262374026,
        0.0663999624909875,
        0.058854868635337655,
        0.06553388503544846,
        0.06956334904154997,
        0.06254287547638393
    ],
    "inputs_max": [
        [
            [
                "female_executive"
            ],
            [
                "male_executive",
                "large_man"
            ],
            "stay"
        ],
        [
            [
                "old_man",
                "girl",
                "female_athlete"
            ],
            [
                "large_woman",
                "male_doctor",
                "female_executive",
                "stroller"
            ],
            "swerve"
        ],
        [
            [
                "female_executive"
            ],
            [
                "criminal",
                "large_man",
                "large_man"
            ],
            "swerve"
        ],
        [
            [
                "pregnant_woman",
                "cat",
                "large_woman"
            ],
            [
                "boy",
                "large_man"
            ],
            "swerve"
        ],
        [
            [
                "criminal",
                "cat",
                "male_athlete"
            ],
            [
                "old_man",
                "large_woman",
                "pregnant_woman"
            ],
            "stay"
        ],
        [
            [
                "female_doctor",
                "male_doctor",
                "large_woman",
                "large_woman"
            ],
            [
                "male_doctor",
                "male_athlete",
                "female_executive"
            ],
            "swerve"
        ],
        [
            [
                "boy",
                "old_woman",
                "dog",
                "old_man"
            ],
            [
                "girl",
                "female_executive",
                "pregnant_woman"
            ],
            "stay"
        ],
        [
            [
                "old_woman",
                "dog",
                "old_woman"
            ],
            [
                "dog",
                "male_executive",
                "pregnant_woman",
                "male_doctor"
            ],
            "stay"
        ],
        [
            [
                "dog",
                "female_executive",
                "female_executive",
                "criminal"
            ],
            [
                "large_man",
                "male_executive",
                "stroller",
                "large_woman"
            ],
            "stay"
        ],
        [
            [
                "male_executive",
                "stroller"
            ],
            [
                "pregnant_woman",
                "dog",
                "female_executive"
            ],
            "swerve"
        ]
    ],
    "eigs": [
        0.0262349638438515,
        0.02329232470675338,
        0.00139700195553637,
        0.017434495074856397,
        -0.0029887604287735393,
        0.0004638686867126368,
        0.006051654369865173,
        0.01241656964333202,
        -0.013746743174190414,
        -0.007763565104787726
    ]
}