{
    "eigs_regret": [
        0.03712294816926713,
        0.015788148279932253,
        0.07670603344067964,
        0.05244027446595565,
        0.03320541414322626,
        0.026156312022623234,
        0.0302834553241971,
        0.06405276722111614,
        0.03264560256686799,
        0.05654701322680572
    ],
    "eigs_max": [
        0.07316395367178326,
        0.054408666415611096,
        0.05997684874306837,
        0.059313189109371514,
        0.051644593058543665,
        0.04758320119372564,
        0.04847056544698151,
        0.06790686228646667,
        0.04875502798784663,
        0.053650081005847915
    ],
    "inputs_max": [
        [
            [
                "female_athlete"
            ],
            [
                "male_executive",
                "dog",
                "large_woman"
            ],
            "stay"
        ],
        [
            [
                "dog",
                "male_executive"
            ],
            [
                "old_man",
                "boy"
            ],
            "stay"
        ],
        [
            [
                "homeless",
                "boy"
            ],
            [
                "stroller",
                "girl",
                "cat",
                "girl"
            ],
            "stay"
        ],
        [
            [
                "boy"
            ],
            [
                "old_man"
            ],
            "swerve"
        ],
        [
            [
                "pregnant_woman",
                "male_doctor"
            ],
            [
                "old_man",
                "boy",
                "stroller"
            ],
            "stay"
        ],
        [
            [
                "criminal",
                "large_man",
                "male_doctor"
            ],
            [
                "large_woman",
                "large_man",
                "cat",
                "large_woman"
            ],
            "swerve"
        ],
        [
            [
                "large_man",
                "girl",
                "girl",
                "homeless"
            ],
            [
                "female_athlete",
                "male_executive",
                "male_athlete"
            ],
            "stay"
        ],
        [
            [
                "female_athlete",
                "male_doctor"
            ],
            [
                "large_man",
                "large_woman",
                "large_woman"
            ],
            "swerve"
        ],
        [
            [
                "female_doctor",
                "old_man"
            ],
            [
                "old_woman",
                "pregnant_woman"
            ],
            "swerve"
        ],
        [
            [
                "female_executive",
                "female_doctor",
                "large_man"
            ],
            [
                "homeless",
                "homeless",
                "large_man",
                "female_executive"
            ],
            "stay"
        ]
    ],
    "eigs": [
        0.03604100550251613,
        0.03862051813567884,
        -0.016729184697611265,
        0.0068729146434158605,
        0.018439178915317406,
        0.021426889171102404,
        0.018187110122784407,
        0.0038540950653505263,
        0.016109425420978637,
        -0.002896932220957803
    ]
}