{
    "eigs_regret": [
        0.038983906773856825,
        0.06100387645642014,
        0.0576662763441945,
        0.03307322980119329,
        0.04695529380980456,
        0.051638562866176005,
        0.04174984602863374,
        0.06479178943187425,
        0.05292189965723515,
        0.04447177435805659
    ],
    "eigs_max": [
        0.05197317808496624,
        0.07003588632145942,
        0.06607267205584315,
        0.05074756394756754,
        0.049415452470678974,
        0.05267964515983928,
        0.04701835719398085,
        0.060328648876832175,
        0.05297228386864549,
        0.0581596955060521
    ],
    "inputs_max": [
        [
            [
                "boy"
            ],
            [
                "stroller",
                "girl",
                "large_man"
            ],
            "stay"
        ],
        [
            [
                "female_athlete"
            ],
            [
                "large_man",
                "large_woman",
                "boy",
                "boy"
            ],
            "stay"
        ],
        [
            [
                "criminal"
            ],
            [
                "homeless",
                "cat",
                "old_man",
                "homeless"
            ],
            "stay"
        ],
        [
            [
                "old_woman",
                "female_doctor",
                "old_woman",
                "large_woman"
            ],
            [
                "male_athlete",
                "large_man",
                "female_doctor",
                "male_doctor"
            ],
            "stay"
        ],
        [
            [
                "old_man",
                "cat",
                "boy",
                "old_man"
            ],
            [
                "male_doctor",
                "male_executive",
                "large_man",
                "criminal"
            ],
            "swerve"
        ],
        [
            [
                "female_athlete",
                "female_doctor",
                "criminal",
                "female_executive"
            ],
            [
                "girl",
                "boy",
                "stroller",
                "large_woman"
            ],
            "swerve"
        ],
        [
            [
                "dog"
            ],
            [
                "large_man"
            ],
            "stay"
        ],
        [
            [
                "old_man",
                "old_woman",
                "male_doctor",
                "large_man"
            ],
            [
                "girl",
                "female_athlete"
            ],
            "swerve"
        ],
        [
            [
                "male_athlete",
                "large_man"
            ],
            [
                "homeless",
                "old_man",
                "female_executive"
            ],
            "stay"
        ],
        [
            [
                "female_athlete",
                "boy",
                "male_doctor"
            ],
            [
                "homeless",
                "male_athlete",
                "female_doctor",
                "old_man"
            ],
            "stay"
        ]
    ],
    "eigs": [
        0.012989271311109411,
        0.009032009865039275,
        0.008406395711648647,
        0.017674334146374256,
        0.0024601586608744147,
        0.0010410822936632697,
        0.005268511165347109,
        -0.004463140555042075,
        5.038421141033866e-05,
        0.013687921147995507
    ]
}