{
    "eigs_regret": [
        0.08399674544651975,
        0.04696726546801097,
        0.06557780223850945,
        0.1011672629252228,
        0.044553729115540286,
        0.05778911728327701,
        0.06526999398987603,
        0.07249510943600669,
        0.03801604350022549,
        0.05469319502357162
    ],
    "eigs_max": [
        0.06998352108041261,
        0.0625146581480397,
        0.0779066559283053,
        0.10539968732979733,
        0.04380123613851868,
        0.05666809141048814,
        0.058077625571184205,
        0.06704969262112337,
        0.062471125321412295,
        0.07753974836461572
    ],
    "inputs_max": [
        [
            [
                "boy",
                "homeless",
                "large_man"
            ],
            [
                "male_athlete",
                "male_athlete",
                "dog",
                "male_athlete"
            ],
            "swerve"
        ],
        [
            [
                "female_executive"
            ],
            [
                "large_man",
                "old_man"
            ],
            "swerve"
        ],
        [
            [
                "dog",
                "girl",
                "old_woman"
            ],
            [
                "stroller",
                "old_man",
                "criminal"
            ],
            "stay"
        ],
        [
            [
                "girl",
                "female_executive",
                "large_woman",
                "pregnant_woman"
            ],
            [
                "criminal",
                "pregnant_woman",
                "male_athlete",
                "criminal"
            ],
            "swerve"
        ],
        [
            [
                "boy",
                "homeless",
                "large_man",
                "large_man"
            ],
            [
                "pregnant_woman",
                "male_doctor",
                "old_woman"
            ],
            "stay"
        ],
        [
            [
                "dog",
                "pregnant_woman"
            ],
            [
                "criminal",
                "large_man",
                "large_woman",
                "dog"
            ],
            "stay"
        ],
        [
            [
                "criminal",
                "female_athlete",
                "criminal"
            ],
            [
                "male_executive",
                "male_executive",
                "homeless",
                "boy"
            ],
            "stay"
        ],
        [
            [
                "boy",
                "stroller",
                "female_athlete",
                "male_athlete"
            ],
            [
                "female_executive",
                "pregnant_woman",
                "girl",
                "male_executive"
            ],
            "swerve"
        ],
        [
            [
                "girl",
                "old_woman",
                "large_woman"
            ],
            [
                "male_athlete",
                "old_man",
                "criminal"
            ],
            "stay"
        ],
        [
            [
                "girl",
                "old_woman",
                "female_athlete"
            ],
            [
                "stroller",
                "stroller",
                "pregnant_woman",
                "female_doctor"
            ],
            "stay"
        ]
    ],
    "eigs": [
        -0.014013224366107128,
        0.015547392680028738,
        0.012328853689795843,
        0.00423242440457454,
        -0.0007524929770215996,
        -0.0011210258727888645,
        -0.007192368418691821,
        -0.005445416814883321,
        0.024455081821186803,
        0.022846553341044098
    ]
}