{
    "eigs_regret": [
        0.06258173179695724,
        0.05085136277380954,
        0.0966587000984615,
        0.05674709144749667,
        0.07460368577434724,
        0.052242673357630616,
        0.04763221628963233,
        0.04880269758423667,
        0.04426202801747782,
        0.035551725569780424
    ],
    "eigs_max": [
        0.08348050886750773,
        0.05996324641608315,
        0.05752215208570152,
        0.07274613188538995,
        0.07768531769271575,
        0.06489776331701722,
        0.0516912793955661,
        0.05972047282387571,
        0.05170059447500621,
        0.04904888848402191
    ],
    "inputs_max": [
        [
            [
                "female_doctor",
                "male_doctor",
                "male_executive"
            ],
            [
                "homeless",
                "stroller",
                "old_man",
                "large_woman"
            ],
            "swerve"
        ],
        [
            [
                "homeless",
                "homeless"
            ],
            [
                "dog",
                "old_man",
                "female_executive"
            ],
            "stay"
        ],
        [
            [
                "criminal",
                "female_athlete"
            ],
            [
                "pregnant_woman"
            ],
            "swerve"
        ],
        [
            [
                "homeless"
            ],
            [
                "large_woman",
                "female_doctor"
            ],
            "stay"
        ],
        [
            [
                "dog",
                "female_executive",
                "pregnant_woman",
                "dog"
            ],
            [
                "old_man",
                "large_man",
                "criminal",
                "stroller"
            ],
            "stay"
        ],
        [
            [
                "female_executive",
                "female_athlete",
                "dog",
                "girl"
            ],
            [
                "large_woman",
                "homeless",
                "pregnant_woman",
                "large_woman"
            ],
            "swerve"
        ],
        [
            [
                "dog"
            ],
            [
                "old_man"
            ],
            "swerve"
        ],
        [
            [
                "female_executive",
                "old_woman",
                "cat"
            ],
            [
                "large_man",
                "large_woman",
                "large_man",
                "male_doctor"
            ],
            "stay"
        ],
        [
            [
                "homeless"
            ],
            [
                "large_woman"
            ],
            "swerve"
        ],
        [
            [
                "large_woman",
                "female_executive",
                "female_athlete"
            ],
            [
                "male_doctor",
                "stroller",
                "boy",
                "pregnant_woman"
            ],
            "stay"
        ]
    ],
    "eigs": [
        0.020898777070550486,
        0.009111883642273612,
        -0.03913654801275999,
        0.015999040437893276,
        0.003081631918368508,
        0.012655089959386601,
        0.00405906310593377,
        0.010917775239639034,
        0.007438566457528389,
        0.013497162914241485
    ]
}