{
    "eigs_regret": [
        0.034515710481394006,
        0.037264436282434206,
        0.08301952987104515,
        0.0467524031906987,
        0.059090670418880005,
        0.03672680910284222,
        0.047234021658513016,
        0.05298159552608638,
        0.05681468520393883,
        0.025612100291646525
    ],
    "eigs_max": [
        0.06138347895361818,
        0.07294105744895638,
        0.04570121680443692,
        0.056810637084572374,
        0.05458463793395832,
        0.049307160154340064,
        0.04800388147846144,
        0.06734844853822759,
        0.06810975738503432,
        0.05284567900500026
    ],
    "inputs_max": [
        [
            [
                "criminal",
                "old_man",
                "criminal"
            ],
            [
                "female_athlete",
                "stroller",
                "female_doctor"
            ],
            "stay"
        ],
        [
            [
                "pregnant_woman",
                "female_doctor"
            ],
            [
                "pregnant_woman",
                "large_man",
                "cat",
                "homeless"
            ],
            "swerve"
        ],
        [
            [
                "old_man",
                "criminal",
                "female_executive",
                "homeless"
            ],
            [
                "female_doctor",
                "female_doctor",
                "pregnant_woman"
            ],
            "swerve"
        ],
        [
            [
                "pregnant_woman",
                "old_man",
                "male_doctor"
            ],
            [
                "large_man",
                "boy",
                "pregnant_woman",
                "female_executive"
            ],
            "stay"
        ],
        [
            [
                "criminal",
                "homeless"
            ],
            [
                "cat",
                "female_doctor",
                "large_woman",
                "male_executive"
            ],
            "stay"
        ],
        [
            [
                "male_doctor",
                "large_woman",
                "old_woman"
            ],
            [
                "old_man",
                "boy",
                "homeless",
                "male_executive"
            ],
            "swerve"
        ],
        [
            [
                "large_woman",
                "homeless"
            ],
            [
                "female_athlete",
                "male_doctor",
                "pregnant_woman"
            ],
            "stay"
        ],
        [
            [
                "female_athlete",
                "female_athlete",
                "homeless"
            ],
            [
                "male_doctor",
                "female_athlete",
                "large_woman",
                "pregnant_woman"
            ],
            "stay"
        ],
        [
            [
                "pregnant_woman",
                "large_man",
                "male_doctor"
            ],
            [
                "female_executive",
                "female_executive",
                "dog",
                "stroller"
            ],
            "swerve"
        ],
        [
            [
                "dog",
                "female_executive",
                "old_man",
                "dog"
            ],
            [
                "stroller",
                "female_athlete",
                "criminal"
            ],
            "stay"
        ]
    ],
    "eigs": [
        0.026867768472224177,
        0.03567662116652217,
        -0.037318313066608225,
        0.010058233893873676,
        -0.004506032484921688,
        0.012580351051497846,
        0.0007698598199484263,
        0.014366853012141212,
        0.011295072181095489,
        0.02723357871335373
    ]
}