{
    "eigs_regret": [
        0.04648153485058691,
        0.05944106849052235,
        0.07570376734150693,
        0.04831277559745479,
        0.021465820626328447,
        0.06571000705233217,
        0.051541863602353806,
        0.05031675528049948,
        0.061895122525701673,
        0.04308967789827314
    ],
    "eigs_max": [
        0.05533112803413175,
        0.06883513335141758,
        0.07537883208781479,
        0.05057816057725259,
        0.04240243751959558,
        0.05823470466482741,
        0.06196925488082667,
        0.06067517668467515,
        0.052850127240591974,
        0.06256530929580763
    ],
    "inputs_max": [
        [
            [
                "dog",
                "female_athlete",
                "stroller"
            ],
            [
                "male_athlete",
                "homeless",
                "pregnant_woman"
            ],
            "stay"
        ],
        [
            [
                "female_athlete",
                "criminal",
                "dog"
            ],
            [
                "girl",
                "girl"
            ],
            "stay"
        ],
        [
            [
                "female_doctor",
                "male_executive",
                "old_woman",
                "dog"
            ],
            [
                "criminal",
                "criminal",
                "large_man",
                "large_woman"
            ],
            "swerve"
        ],
        [
            [
                "criminal",
                "boy",
                "homeless",
                "large_man"
            ],
            [
                "pregnant_woman",
                "female_executive",
                "large_woman",
                "large_woman"
            ],
            "stay"
        ],
        [
            [
                "large_woman",
                "male_doctor",
                "cat"
            ],
            [
                "homeless",
                "boy"
            ],
            "stay"
        ],
        [
            [
                "female_doctor"
            ],
            [
                "large_woman",
                "female_doctor"
            ],
            "stay"
        ],
        [
            [
                "pregnant_woman",
                "old_woman",
                "male_executive",
                "large_woman"
            ],
            [
                "boy",
                "boy",
                "girl",
                "stroller"
            ],
            "swerve"
        ],
        [
            [
                "stroller"
            ],
            [
                "pregnant_woman",
                "dog"
            ],
            "stay"
        ],
        [
            [
                "male_doctor",
                "old_man",
                "large_woman",
                "girl"
            ],
            [
                "old_woman",
                "male_athlete",
                "girl"
            ],
            "swerve"
        ],
        [
            [
                "girl",
                "pregnant_woman",
                "dog",
                "large_woman"
            ],
            [
                "stroller",
                "stroller",
                "large_woman",
                "stroller"
            ],
            "stay"
        ]
    ],
    "eigs": [
        0.008849593183544838,
        0.009394064860895229,
        -0.0003249352536921341,
        0.0022653849797977976,
        0.020936616893267136,
        -0.007475302387504759,
        0.010427391278472862,
        0.010358421404175666,
        -0.009044995285109696,
        0.01947563139753448
    ]
}