{
    "eigs_regret": [
        0.011297013579048616,
        0.053262319357671006,
        0.0728545627770122,
        0.08937755287402989,
        0.037375218377527455,
        0.040058033993101705,
        0.06465161646513634,
        0.03353462132629188,
        0.0216426572590409,
        0.04074843846710831
    ],
    "eigs_max": [
        0.055185641079703134,
        0.058171854713410694,
        0.06604848118155097,
        0.08883761588141732,
        0.05747241409288307,
        0.05627504883468057,
        0.05837086469769001,
        0.05854840300252337,
        0.044540972104798196,
        0.06768623933926056
    ],
    "inputs_max": [
        [
            [
                "male_athlete"
            ],
            [
                "large_man",
                "male_doctor",
                "dog"
            ],
            "swerve"
        ],
        [
            [
                "homeless",
                "homeless"
            ],
            [
                "dog",
                "old_man",
                "female_executive"
            ],
            "stay"
        ],
        [
            [
                "girl",
                "criminal",
                "large_man",
                "large_woman"
            ],
            [
                "female_executive",
                "male_athlete",
                "male_doctor",
                "male_executive"
            ],
            "swerve"
        ],
        [
            [
                "large_man",
                "homeless"
            ],
            [
                "female_doctor",
                "girl"
            ],
            "stay"
        ],
        [
            [
                "cat",
                "girl",
                "stroller"
            ],
            [
                "old_man",
                "stroller",
                "cat",
                "male_executive"
            ],
            "swerve"
        ],
        [
            [
                "large_man",
                "male_doctor",
                "large_woman",
                "male_athlete"
            ],
            [
                "male_doctor",
                "female_executive",
                "homeless"
            ],
            "stay"
        ],
        [
            [
                "male_doctor",
                "old_man"
            ],
            [
                "old_woman",
                "girl"
            ],
            "swerve"
        ],
        [
            [
                "dog",
                "male_doctor"
            ],
            [
                "homeless"
            ],
            "swerve"
        ],
        [
            [
                "homeless"
            ],
            [
                "large_woman"
            ],
            "swerve"
        ],
        [
            [
                "pregnant_woman",
                "large_woman",
                "male_executive"
            ],
            [
                "male_athlete",
                "pregnant_woman"
            ],
            "swerve"
        ]
    ],
    "eigs": [
        0.04388862750065452,
        0.00490953535573969,
        -0.006806081595461227,
        -0.0005399369926125647,
        0.020097195715355617,
        0.016217014841578864,
        -0.006280751767446331,
        0.02501378167623149,
        0.022898314845757297,
        0.026937800872152255
    ]
}