{
    "eigs_regret": [
        0.03460279027441823,
        0.04159450245192345,
        0.05335771280083302,
        0.05284859759651065,
        0.033976822346968284,
        0.059956464715536076,
        0.03518043019159655,
        0.03614358310679165,
        0.04208975978300933,
        0.048645761077225715
    ],
    "eigs_max": [
        0.04211600629618765,
        0.06809649174353095,
        0.0593180278125406,
        0.07582588031833422,
        0.047921937026435796,
        0.06164407217028398,
        0.05258041155406496,
        0.04389425955371278,
        0.06180288742402119,
        0.06629952174445358
    ],
    "inputs_max": [
        [
            [
                "large_man",
                "girl"
            ],
            [
                "male_executive",
                "female_athlete",
                "pregnant_woman"
            ],
            "stay"
        ],
        [
            [
                "female_athlete",
                "criminal",
                "dog"
            ],
            [
                "girl",
                "girl"
            ],
            "stay"
        ],
        [
            [
                "male_executive",
                "homeless",
                "stroller"
            ],
            [
                "cat",
                "male_executive",
                "pregnant_woman",
                "pregnant_woman"
            ],
            "stay"
        ],
        [
            [
                "large_man",
                "cat"
            ],
            [
                "female_doctor"
            ],
            "stay"
        ],
        [
            [
                "large_woman"
            ],
            [
                "large_man",
                "male_athlete"
            ],
            "stay"
        ],
        [
            [
                "female_athlete",
                "female_doctor",
                "criminal",
                "female_executive"
            ],
            [
                "girl",
                "boy",
                "stroller",
                "large_woman"
            ],
            "swerve"
        ],
        [
            [
                "male_athlete",
                "male_doctor"
            ],
            [
                "large_woman",
                "pregnant_woman",
                "female_athlete"
            ],
            "stay"
        ],
        [
            [
                "old_man",
                "large_woman",
                "female_doctor"
            ],
            [
                "girl",
                "male_executive",
                "boy",
                "male_doctor"
            ],
            "stay"
        ],
        [
            [
                "criminal",
                "old_man",
                "female_athlete"
            ],
            [
                "criminal",
                "male_executive",
                "female_doctor"
            ],
            "stay"
        ],
        [
            [
                "girl",
                "pregnant_woman",
                "dog",
                "large_woman"
            ],
            [
                "stroller",
                "stroller",
                "large_woman",
                "stroller"
            ],
            "stay"
        ]
    ],
    "eigs": [
        0.0075132160217694175,
        0.026501989291607502,
        0.00596031501170758,
        0.022977282721823568,
        0.013945114679467512,
        0.001687607454747904,
        0.01739998136246841,
        0.007750676446921128,
        0.019713127641011862,
        0.017653760667227868
    ]
}