{
    "eigs_regret": [
        0.048661548308760294,
        0.05833539359362951,
        0.05207789044833705,
        0.07197175120700276,
        0.033866404424060616,
        0.054946585710225385,
        0.05398296455952366,
        0.03830992966582961,
        0.037368317867283896,
        0.0578582039525078
    ],
    "eigs_max": [
        0.06545888276108185,
        0.06330551491703922,
        0.07587960030401847,
        0.0638687682016087,
        0.07311079764257694,
        0.05254406045568022,
        0.06280277557339961,
        0.05631191179559696,
        0.039200948225139635,
        0.0661773301939468
    ],
    "inputs_max": [
        [
            [
                "stroller",
                "pregnant_woman"
            ],
            [
                "stroller",
                "stroller"
            ],
            "swerve"
        ],
        [
            [
                "stroller",
                "old_man"
            ],
            [
                "female_executive",
                "old_woman"
            ],
            "swerve"
        ],
        [
            [
                "male_executive",
                "boy",
                "large_man",
                "male_athlete"
            ],
            [
                "criminal",
                "female_athlete",
                "female_executive",
                "female_executive"
            ],
            "swerve"
        ],
        [
            [
                "female_doctor",
                "pregnant_woman",
                "old_woman"
            ],
            [
                "criminal",
                "pregnant_woman",
                "female_executive",
                "pregnant_woman"
            ],
            "swerve"
        ],
        [
            [
                "dog",
                "large_man",
                "cat",
                "female_doctor"
            ],
            [
                "stroller",
                "old_man"
            ],
            "stay"
        ],
        [
            [
                "male_athlete",
                "male_doctor",
                "cat"
            ],
            [
                "old_woman",
                "old_woman",
                "large_woman"
            ],
            "swerve"
        ],
        [
            [
                "female_athlete",
                "female_athlete"
            ],
            [
                "female_doctor",
                "female_executive",
                "female_executive"
            ],
            "stay"
        ],
        [
            [
                "female_athlete",
                "criminal",
                "large_woman",
                "boy"
            ],
            [
                "female_doctor",
                "female_doctor",
                "criminal",
                "criminal"
            ],
            "stay"
        ],
        [
            [
                "male_executive",
                "pregnant_woman",
                "stroller",
                "dog"
            ],
            [
                "stroller",
                "boy",
                "dog",
                "boy"
            ],
            "swerve"
        ],
        [
            [
                "male_doctor",
                "old_man",
                "criminal",
                "boy"
            ],
            [
                "cat",
                "old_man",
                "female_doctor",
                "female_doctor"
            ],
            "swerve"
        ]
    ],
    "eigs": [
        0.016797334452321552,
        0.0049701213234097,
        0.023801709855681415,
        -0.00810298300539407,
        0.039244393218516326,
        -0.002402525254545168,
        0.008819811013875953,
        0.01800198212976735,
        0.0018326303578557373,
        0.008319126241438995
    ]
}