{
    "eigs_regret": [
        0.029608556269990684,
        0.060238017652656205,
        0.0349069439393543,
        0.06082245814238993,
        0.0707378431208134,
        0.042238889909293496,
        0.045336794661367974,
        0.12217745184270323,
        0.06160157422429108,
        0.03214372205362376
    ],
    "eigs_max": [
        0.05034866068199257,
        0.07737619609985172,
        0.06918728745178858,
        0.04952738135707098,
        0.05400740469353372,
        0.06456476402863824,
        0.06740822148013281,
        0.10298813600862934,
        0.05853827623619983,
        0.057771371175924215
    ],
    "inputs_max": [
        [
            [
                "dog",
                "male_executive"
            ],
            [
                "male_doctor"
            ],
            "swerve"
        ],
        [
            [
                "old_man",
                "criminal",
                "large_man"
            ],
            [
                "male_executive",
                "pregnant_woman",
                "old_man"
            ],
            "stay"
        ],
        [
            [
                "boy",
                "female_athlete",
                "old_man"
            ],
            [
                "large_woman",
                "large_woman",
                "pregnant_woman"
            ],
            "stay"
        ],
        [
            [
                "stroller",
                "dog",
                "stroller"
            ],
            [
                "male_doctor",
                "cat",
                "female_athlete"
            ],
            "swerve"
        ],
        [
            [
                "girl",
                "cat",
                "female_athlete"
            ],
            [
                "large_man",
                "female_doctor",
                "female_doctor"
            ],
            "swerve"
        ],
        [
            [
                "pregnant_woman",
                "stroller",
                "pregnant_woman",
                "female_executive"
            ],
            [
                "male_athlete",
                "boy",
                "female_executive",
                "stroller"
            ],
            "swerve"
        ],
        [
            [
                "stroller",
                "large_man",
                "criminal"
            ],
            [
                "girl",
                "female_doctor",
                "pregnant_woman"
            ],
            "swerve"
        ],
        [
            [
                "female_athlete"
            ],
            [
                "large_man",
                "large_woman",
                "criminal",
                "dog"
            ],
            "stay"
        ],
        [
            [
                "large_woman",
                "female_doctor",
                "female_athlete",
                "cat"
            ],
            [
                "large_man",
                "homeless",
                "male_doctor",
                "large_man"
            ],
            "swerve"
        ],
        [
            [
                "female_executive",
                "male_doctor",
                "cat"
            ],
            [
                "large_woman",
                "old_woman",
                "old_man"
            ],
            "swerve"
        ]
    ],
    "eigs": [
        0.020740104412001886,
        0.017138178447195514,
        0.03428034351243428,
        -0.011295076785318952,
        -0.016730438427279674,
        0.022325874119344745,
        0.02207142681876484,
        -0.019189315834073892,
        -0.0030632979880912442,
        0.025627649122300453
    ]
}