{
    "eigs_regret": [
        0.02048850764074491,
        0.017220824752416833,
        0.03933419872637556,
        0.028306390096347847,
        0.036798039483214695,
        0.0604107049986741,
        0.05350312713747355,
        0.03421526881720536,
        0.06707159763059702,
        0.054078934617765306
    ],
    "eigs_max": [
        0.05589263803446668,
        0.07026819394779231,
        0.04020137215327876,
        0.054953185481462816,
        0.04246881479772956,
        0.04126262244410125,
        0.05638390569012488,
        0.04415564079994867,
        0.06790045577729875,
        0.046914385573230175
    ],
    "inputs_max": [
        [
            [
                "dog"
            ],
            [
                "female_executive",
                "large_woman"
            ],
            "stay"
        ],
        [
            [
                "female_doctor",
                "cat",
                "large_man"
            ],
            [
                "homeless",
                "large_woman",
                "homeless",
                "large_man"
            ],
            "stay"
        ],
        [
            [
                "boy"
            ],
            [
                "dog",
                "cat",
                "criminal"
            ],
            "swerve"
        ],
        [
            [
                "old_woman",
                "old_man",
                "cat"
            ],
            [
                "dog",
                "large_woman",
                "large_man",
                "large_man"
            ],
            "swerve"
        ],
        [
            [
                "pregnant_woman",
                "male_doctor"
            ],
            [
                "large_woman",
                "old_man",
                "large_woman",
                "old_man"
            ],
            "stay"
        ],
        [
            [
                "stroller"
            ],
            [
                "large_woman",
                "large_woman"
            ],
            "swerve"
        ],
        [
            [
                "male_athlete",
                "cat",
                "girl"
            ],
            [
                "male_doctor",
                "female_executive"
            ],
            "swerve"
        ],
        [
            [
                "female_athlete",
                "cat",
                "female_athlete"
            ],
            [
                "old_woman",
                "large_man"
            ],
            "stay"
        ],
        [
            [
                "homeless",
                "male_executive"
            ],
            [
                "old_man",
                "dog",
                "stroller"
            ],
            "swerve"
        ],
        [
            [
                "large_man"
            ],
            [
                "old_man"
            ],
            "swerve"
        ]
    ],
    "eigs": [
        0.03540413039372177,
        0.05304736919537548,
        0.0008671734269031995,
        0.02664679538511497,
        0.005670775314514864,
        -0.019148082554572846,
        0.0028807785526513276,
        0.009940371982743312,
        0.0008288581467017359,
        -0.007164549044535135
    ]
}