{
    "eigs_regret": [
        0.044676858963829946,
        0.04693486946636768,
        0.047963777975082424,
        0.053289825157712675,
        0.04560213729399762,
        0.0616071651372071,
        0.0316409093144978,
        0.05895354057304747,
        0.027253584589040033,
        0.06650477563664678
    ],
    "eigs_max": [
        0.05306526609887244,
        0.052743375977675776,
        0.051665016649300864,
        0.04746043354522404,
        0.05992309245041724,
        0.07821861639249585,
        0.051345415571115514,
        0.058724129030077066,
        0.05420565530050691,
        0.06459845362609025
    ],
    "inputs_max": [
        [
            [
                "dog",
                "female_athlete",
                "male_athlete",
                "boy"
            ],
            [
                "homeless",
                "male_executive",
                "large_man",
                "male_executive"
            ],
            "swerve"
        ],
        [
            [
                "large_woman"
            ],
            [
                "pregnant_woman"
            ],
            "swerve"
        ],
        [
            [
                "large_woman",
                "pregnant_woman",
                "large_woman"
            ],
            [
                "old_woman",
                "dog",
                "male_doctor",
                "female_athlete"
            ],
            "swerve"
        ],
        [
            [
                "boy",
                "pregnant_woman"
            ],
            [
                "male_executive",
                "criminal"
            ],
            "swerve"
        ],
        [
            [
                "large_man",
                "cat",
                "female_executive",
                "female_doctor"
            ],
            [
                "boy",
                "stroller",
                "male_doctor"
            ],
            "stay"
        ],
        [
            [
                "large_man",
                "stroller",
                "female_athlete",
                "stroller"
            ],
            [
                "male_athlete",
                "female_athlete",
                "male_athlete"
            ],
            "swerve"
        ],
        [
            [
                "large_man",
                "girl",
                "girl",
                "homeless"
            ],
            [
                "female_athlete",
                "male_executive",
                "male_athlete"
            ],
            "stay"
        ],
        [
            [
                "pregnant_woman"
            ],
            [
                "cat",
                "dog",
                "criminal",
                "large_woman"
            ],
            "swerve"
        ],
        [
            [
                "criminal",
                "criminal"
            ],
            [
                "large_woman",
                "large_woman"
            ],
            "stay"
        ],
        [
            [
                "female_athlete",
                "male_executive"
            ],
            [
                "cat",
                "girl",
                "pregnant_woman",
                "female_executive"
            ],
            "stay"
        ]
    ],
    "eigs": [
        0.008388407135042493,
        0.005808506511308095,
        0.003701238674218443,
        -0.0058293916124886325,
        0.014320955156419622,
        0.016611451255288744,
        0.019704506256617713,
        -0.0002294115429704069,
        0.026952070711466877,
        -0.0019063220105565238
    ]
}