{
    "eigs_regret": [
        0.0460551988155103,
        0.054328538257414856,
        0.07257338148114742,
        0.06550662624290035,
        0.07781910755719051,
        0.08347768609175087,
        0.04339370276363867,
        0.08539144077431954,
        0.06119908907850693,
        0.041141760888835636
    ],
    "eigs_max": [
        0.06816343901907138,
        0.05955125716359474,
        0.05866243126372638,
        0.061449250040132505,
        0.07847497989091841,
        0.07250005893535363,
        0.059270979869006826,
        0.06416963996438899,
        0.0631637623293518,
        0.04979474974224511
    ],
    "inputs_max": [
        [
            [
                "old_man",
                "dog",
                "pregnant_woman",
                "male_executive"
            ],
            [
                "female_doctor",
                "boy",
                "criminal",
                "stroller"
            ],
            "swerve"
        ],
        [
            [
                "criminal"
            ],
            [
                "criminal"
            ],
            "stay"
        ],
        [
            [
                "large_woman",
                "male_executive",
                "girl",
                "large_man"
            ],
            [
                "female_athlete",
                "female_executive",
                "boy"
            ],
            "stay"
        ],
        [
            [
                "large_man",
                "pregnant_woman",
                "stroller"
            ],
            [
                "boy",
                "dog",
                "pregnant_woman",
                "pregnant_woman"
            ],
            "stay"
        ],
        [
            [
                "dog",
                "boy",
                "cat",
                "girl"
            ],
            [
                "dog",
                "large_man",
                "pregnant_woman"
            ],
            "stay"
        ],
        [
            [
                "pregnant_woman",
                "stroller",
                "pregnant_woman",
                "female_executive"
            ],
            [
                "male_athlete",
                "boy",
                "female_executive",
                "stroller"
            ],
            "swerve"
        ],
        [
            [
                "large_man",
                "boy"
            ],
            [
                "female_athlete"
            ],
            "stay"
        ],
        [
            [
                "female_athlete"
            ],
            [
                "large_man",
                "large_woman",
                "criminal",
                "dog"
            ],
            "stay"
        ],
        [
            [
                "female_athlete",
                "female_doctor"
            ],
            [
                "female_doctor",
                "girl",
                "boy"
            ],
            "stay"
        ],
        [
            [
                "stroller",
                "male_athlete",
                "female_athlete"
            ],
            [
                "female_executive",
                "homeless",
                "stroller",
                "pregnant_woman"
            ],
            "stay"
        ]
    ],
    "eigs": [
        0.02210824020356108,
        0.005222718906179884,
        -0.013910950217421045,
        -0.0040573762027678395,
        0.0006558723337278943,
        -0.010977627156397229,
        0.015877277105368157,
        -0.021221800809930556,
        0.0019646732508448667,
        0.008652988853409477
    ]
}