{
    "eigs_regret": [
        0.04841715125260895,
        0.03737548154125475,
        0.043911446847651345,
        0.07590522457035559,
        0.08736288781802441,
        0.06482637411588349,
        0.021749081758912027,
        0.05349260756387292,
        0.041609362988700896,
        0.0523071602321033
    ],
    "eigs_max": [
        0.06785226781178402,
        0.06375762326186465,
        0.07285222557980865,
        0.06152491500390729,
        0.07506636966889178,
        0.06869042967951221,
        0.05864039929820214,
        0.0593449504054115,
        0.061712445982968794,
        0.05464949153681999
    ],
    "inputs_max": [
        [
            [
                "large_woman",
                "homeless",
                "large_man",
                "criminal"
            ],
            [
                "male_athlete",
                "male_executive",
                "pregnant_woman"
            ],
            "stay"
        ],
        [
            [
                "large_man",
                "female_athlete",
                "large_woman",
                "criminal"
            ],
            [
                "stroller",
                "female_doctor",
                "boy",
                "male_doctor"
            ],
            "stay"
        ],
        [
            [
                "girl",
                "criminal",
                "large_man",
                "large_woman"
            ],
            [
                "female_executive",
                "male_athlete",
                "male_doctor",
                "male_executive"
            ],
            "swerve"
        ],
        [
            [
                "girl",
                "cat",
                "old_man",
                "old_man"
            ],
            [
                "female_athlete",
                "female_athlete",
                "old_man"
            ],
            "swerve"
        ],
        [
            [
                "male_athlete"
            ],
            [
                "pregnant_woman",
                "female_executive",
                "large_man"
            ],
            "stay"
        ],
        [
            [
                "male_doctor",
                "large_woman",
                "old_woman"
            ],
            [
                "old_man",
                "boy",
                "homeless",
                "male_executive"
            ],
            "swerve"
        ],
        [
            [
                "male_executive",
                "male_doctor",
                "boy"
            ],
            [
                "male_executive",
                "cat",
                "boy",
                "female_executive"
            ],
            "stay"
        ],
        [
            [
                "female_executive",
                "old_woman",
                "cat"
            ],
            [
                "large_man",
                "large_woman",
                "large_man",
                "male_doctor"
            ],
            "stay"
        ],
        [
            [
                "homeless"
            ],
            [
                "large_woman"
            ],
            "swerve"
        ],
        [
            [
                "old_woman",
                "large_man"
            ],
            [
                "pregnant_woman",
                "female_executive",
                "male_executive",
                "large_woman"
            ],
            "stay"
        ]
    ],
    "eigs": [
        0.019435116559175066,
        0.0263821417206099,
        0.028940778732157307,
        -0.014380309566448306,
        -0.012296518149132627,
        0.0038640555636287243,
        0.03689131753929011,
        0.005852342841538583,
        0.020103082994267902,
        0.002342331304716693
    ]
}