{
    "eigs_regret": [
        0.024997132352410772,
        0.04426839063936481,
        0.06747089756074556,
        0.040500162956409465,
        0.05833582179024475,
        0.062202110690261735,
        0.06899171249244145,
        0.06961965935053922,
        0.03192511053597859,
        0.075600513432115
    ],
    "eigs_max": [
        0.060674247753051906,
        0.054717109104221624,
        0.05748840483685836,
        0.07339177151026333,
        0.04623126701295556,
        0.055978324100683104,
        0.07024595290166641,
        0.07032428363211478,
        0.05041618944635459,
        0.062169415617084806
    ],
    "inputs_max": [
        [
            [
                "large_man",
                "stroller",
                "large_man",
                "boy"
            ],
            [
                "male_doctor",
                "dog",
                "female_executive",
                "girl"
            ],
            "stay"
        ],
        [
            [
                "criminal"
            ],
            [
                "pregnant_woman",
                "male_doctor"
            ],
            "stay"
        ],
        [
            [
                "large_man",
                "male_executive",
                "male_doctor"
            ],
            [
                "large_woman",
                "large_man",
                "boy"
            ],
            "swerve"
        ],
        [
            [
                "homeless"
            ],
            [
                "large_woman",
                "female_doctor"
            ],
            "stay"
        ],
        [
            [
                "old_man",
                "pregnant_woman"
            ],
            [
                "old_man",
                "pregnant_woman",
                "old_woman"
            ],
            "stay"
        ],
        [
            [
                "female_athlete",
                "large_man",
                "criminal"
            ],
            [
                "girl",
                "dog",
                "girl",
                "male_executive"
            ],
            "swerve"
        ],
        [
            [
                "male_doctor"
            ],
            [
                "large_woman",
                "female_executive"
            ],
            "stay"
        ],
        [
            [
                "female_athlete",
                "female_athlete",
                "homeless"
            ],
            [
                "male_doctor",
                "female_athlete",
                "large_woman",
                "pregnant_woman"
            ],
            "stay"
        ],
        [
            [
                "male_athlete",
                "dog",
                "girl",
                "male_executive"
            ],
            [
                "girl",
                "boy",
                "dog",
                "female_executive"
            ],
            "swerve"
        ],
        [
            [
                "cat",
                "stroller",
                "old_man",
                "criminal"
            ],
            [
                "large_woman",
                "old_man"
            ],
            "swerve"
        ]
    ],
    "eigs": [
        0.035677115400641134,
        0.010448718464856814,
        -0.009982492723887206,
        0.03289160855385386,
        -0.012104554777289188,
        -0.006223786589578633,
        0.0012542404092249688,
        0.0007046242815755583,
        0.01849107891037601,
        -0.013431097815030197
    ]
}