{
    "eigs_regret": [
        0.025718339676368707,
        0.04344775458459808,
        0.06071202413313861,
        0.0341346231217208,
        0.030776434786829832,
        0.059595754090948874,
        0.027997961709886734,
        0.017444838700486305,
        0.061635782079685286,
        0.04116163349336759
    ],
    "eigs_max": [
        0.05279636531764189,
        0.057592297646844155,
        0.06111434078198791,
        0.06002549725026835,
        0.05772931347136472,
        0.057094298656895276,
        0.0490037799395789,
        0.05370201981182204,
        0.082258707882637,
        0.0516961204138836
    ],
    "inputs_max": [
        [
            [
                "boy",
                "female_doctor"
            ],
            [
                "male_doctor",
                "homeless",
                "homeless"
            ],
            "swerve"
        ],
        [
            [
                "male_doctor",
                "cat",
                "male_athlete"
            ],
            [
                "old_woman",
                "female_executive",
                "large_man"
            ],
            "stay"
        ],
        [
            [
                "cat",
                "cat",
                "large_woman",
                "female_athlete"
            ],
            [
                "male_executive",
                "criminal",
                "pregnant_woman"
            ],
            "stay"
        ],
        [
            [
                "old_woman",
                "old_man",
                "cat"
            ],
            [
                "dog",
                "large_woman",
                "large_man",
                "large_man"
            ],
            "swerve"
        ],
        [
            [
                "cat"
            ],
            [
                "large_man"
            ],
            "stay"
        ],
        [
            [
                "old_man",
                "male_executive"
            ],
            [
                "large_man",
                "boy",
                "large_man"
            ],
            "stay"
        ],
        [
            [
                "female_doctor",
                "pregnant_woman"
            ],
            [
                "stroller",
                "girl",
                "homeless"
            ],
            "stay"
        ],
        [
            [
                "stroller"
            ],
            [
                "large_woman"
            ],
            "stay"
        ],
        [
            [
                "homeless",
                "male_executive",
                "old_man",
                "old_woman"
            ],
            [
                "old_woman",
                "large_woman",
                "boy",
                "large_woman"
            ],
            "swerve"
        ],
        [
            [
                "old_woman",
                "large_man",
                "male_doctor",
                "male_doctor"
            ],
            [
                "homeless",
                "old_woman",
                "girl",
                "girl"
            ],
            "swerve"
        ]
    ],
    "eigs": [
        0.027078025641273182,
        0.014144543062246068,
        0.00040231664884930073,
        0.02589087412854755,
        0.02695287868453489,
        -0.0025014554340536004,
        0.021005818229692164,
        0.03625718111133573,
        0.020622925802951723,
        0.010534486920516005
    ]
}