{
    "eigs_regret": [
        0.04419304368059493,
        0.02197035064106371,
        0.03437204157072717,
        0.0617781070234785,
        0.04388632603468115,
        0.016808368703921845,
        0.055202464336686685,
        0.03350033823937311,
        0.03564995614980967,
        0.048795568296052715
    ],
    "eigs_max": [
        0.047409598914902276,
        0.06343093596243386,
        0.046751298160073305,
        0.059826715829738183,
        0.05575552046958098,
        0.0461823835992335,
        0.060269598319138806,
        0.05742420091895916,
        0.07701358935481356,
        0.0658771386460458
    ],
    "inputs_max": [
        [
            [
                "female_executive"
            ],
            [
                "old_man",
                "old_woman",
                "stroller"
            ],
            "swerve"
        ],
        [
            [
                "cat",
                "female_athlete",
                "male_athlete",
                "female_doctor"
            ],
            [
                "female_doctor",
                "stroller",
                "girl",
                "male_athlete"
            ],
            "stay"
        ],
        [
            [
                "female_athlete",
                "large_woman"
            ],
            [
                "old_man",
                "boy"
            ],
            "stay"
        ],
        [
            [
                "pregnant_woman",
                "cat",
                "large_woman"
            ],
            [
                "boy",
                "large_man"
            ],
            "swerve"
        ],
        [
            [
                "homeless"
            ],
            [
                "male_executive"
            ],
            "swerve"
        ],
        [
            [
                "large_man",
                "female_athlete",
                "male_doctor"
            ],
            [
                "male_athlete",
                "male_executive",
                "male_executive"
            ],
            "stay"
        ],
        [
            [
                "male_athlete",
                "cat",
                "girl"
            ],
            [
                "male_doctor",
                "female_executive"
            ],
            "swerve"
        ],
        [
            [
                "male_executive",
                "male_athlete",
                "dog"
            ],
            [
                "large_man",
                "pregnant_woman"
            ],
            "swerve"
        ],
        [
            [
                "cat",
                "stroller",
                "girl",
                "homeless"
            ],
            [
                "male_athlete",
                "female_athlete"
            ],
            "swerve"
        ],
        [
            [
                "female_doctor",
                "large_man"
            ],
            [
                "male_doctor",
                "male_athlete",
                "dog"
            ],
            "swerve"
        ]
    ],
    "eigs": [
        0.00321655523430735,
        0.041460585321370154,
        0.012379256589346133,
        -0.001951391193740319,
        0.011869194434899831,
        0.02937401489531165,
        0.005067133982452121,
        0.02392386267958605,
        0.04136363320500389,
        0.017081570349993087
    ]
}