{
    "eigs_regret": [
        0.049177197423376964,
        0.02940832672217864,
        0.055199393320769743,
        0.07058992806560013,
        0.030029150799536292,
        0.060167764331592245,
        0.06449144171900409,
        0.050450679207344064,
        0.10341265180551727,
        0.045477085323928065
    ],
    "eigs_max": [
        0.0494508107707583,
        0.05562465245748926,
        0.06046028737886558,
        0.08300982593585905,
        0.048376010205780834,
        0.0730499431119474,
        0.07806528979507167,
        0.05090153352569533,
        0.07288402208403773,
        0.05398510297746202
    ],
    "inputs_max": [
        [
            [
                "old_man",
                "old_man",
                "stroller",
                "old_woman"
            ],
            [
                "female_athlete",
                "male_executive",
                "pregnant_woman",
                "boy"
            ],
            "swerve"
        ],
        [
            [
                "large_man",
                "male_athlete",
                "female_athlete",
                "male_athlete"
            ],
            [
                "female_doctor",
                "male_doctor",
                "large_woman",
                "male_doctor"
            ],
            "swerve"
        ],
        [
            [
                "cat",
                "male_doctor",
                "pregnant_woman"
            ],
            [
                "homeless",
                "criminal",
                "large_woman"
            ],
            "stay"
        ],
        [
            [
                "female_executive",
                "cat",
                "pregnant_woman",
                "female_doctor"
            ],
            [
                "male_executive",
                "male_athlete",
                "boy",
                "homeless"
            ],
            "stay"
        ],
        [
            [
                "boy",
                "homeless",
                "large_man",
                "large_man"
            ],
            [
                "pregnant_woman",
                "male_doctor",
                "old_woman"
            ],
            "stay"
        ],
        [
            [
                "pregnant_woman",
                "stroller",
                "pregnant_woman",
                "female_executive"
            ],
            [
                "male_athlete",
                "boy",
                "female_executive",
                "stroller"
            ],
            "swerve"
        ],
        [
            [
                "large_woman",
                "female_doctor",
                "pregnant_woman",
                "large_woman"
            ],
            [
                "male_doctor",
                "old_woman",
                "male_athlete",
                "homeless"
            ],
            "stay"
        ],
        [
            [
                "cat",
                "female_doctor",
                "male_athlete"
            ],
            [
                "old_woman",
                "large_man",
                "homeless",
                "old_woman"
            ],
            "swerve"
        ],
        [
            [
                "female_athlete",
                "female_doctor"
            ],
            [
                "female_doctor",
                "girl",
                "boy"
            ],
            "stay"
        ],
        [
            [
                "female_executive",
                "male_doctor",
                "cat"
            ],
            [
                "large_woman",
                "old_woman",
                "old_man"
            ],
            "swerve"
        ]
    ],
    "eigs": [
        0.00027361334738133683,
        0.02621632573531062,
        0.005260894058095838,
        0.012419897870258927,
        0.01834685940624454,
        0.012882178780355157,
        0.013573848076067575,
        0.0004508543183512678,
        -0.030528629721479544,
        0.008508017653533952
    ]
}