{
    "eigs_regret": [
        0.008126619443878873,
        0.07973182356157257,
        0.036853196123784834,
        0.0564913647667591,
        0.025418331247816776,
        0.047878818628681125,
        0.07326701493720018,
        0.07292129352953573,
        0.02152517893411077,
        0.03670150264102455
    ],
    "eigs_max": [
        0.058398596398909125,
        0.06996474363917718,
        0.05891636821161786,
        0.05891038113565915,
        0.05699711772278379,
        0.0625526249779006,
        0.07892891566858565,
        0.05360329484155901,
        0.05127667564402797,
        0.05847607760369131
    ],
    "inputs_max": [
        [
            [
                "boy",
                "male_doctor"
            ],
            [
                "pregnant_woman",
                "stroller",
                "large_woman"
            ],
            "stay"
        ],
        [
            [
                "female_athlete",
                "criminal",
                "dog"
            ],
            [
                "girl",
                "girl"
            ],
            "stay"
        ],
        [
            [
                "female_athlete",
                "large_woman",
                "large_man"
            ],
            [
                "old_man",
                "large_woman",
                "female_doctor"
            ],
            "swerve"
        ],
        [
            [
                "female_athlete",
                "homeless",
                "female_doctor",
                "female_doctor"
            ],
            [
                "female_athlete",
                "female_executive",
                "boy",
                "large_woman"
            ],
            "stay"
        ],
        [
            [
                "large_woman",
                "male_doctor",
                "cat"
            ],
            [
                "homeless",
                "boy"
            ],
            "stay"
        ],
        [
            [
                "female_executive",
                "homeless"
            ],
            [
                "old_woman",
                "stroller"
            ],
            "swerve"
        ],
        [
            [
                "pregnant_woman",
                "old_woman",
                "male_executive",
                "large_woman"
            ],
            [
                "boy",
                "boy",
                "girl",
                "stroller"
            ],
            "swerve"
        ],
        [
            [
                "old_man",
                "large_woman",
                "female_doctor"
            ],
            [
                "girl",
                "male_executive",
                "boy",
                "male_doctor"
            ],
            "stay"
        ],
        [
            [
                "cat",
                "male_doctor",
                "homeless",
                "male_executive"
            ],
            [
                "male_athlete",
                "male_athlete",
                "male_athlete"
            ],
            "swerve"
        ],
        [
            [
                "cat",
                "male_athlete",
                "large_man",
                "large_man"
            ],
            [
                "cat",
                "girl",
                "female_executive",
                "boy"
            ],
            "stay"
        ]
    ],
    "eigs": [
        0.05027197695503025,
        -0.0097670799223954,
        0.022063172087833028,
        0.002419016368900042,
        0.031578786474967015,
        0.014673806349219472,
        0.005661900731385462,
        -0.01931799868797672,
        0.0297514967099172,
        0.021774574962666753
    ]
}