{
    "eigs_regret": [
        0.06006581207807111,
        0.055360574928748435,
        0.05852730502188262,
        0.054123611674224706,
        0.02728268196904257,
        0.05037529711488843,
        0.05620707579679463,
        0.04629261196160327,
        0.05354797640044248,
        0.04509501618563483
    ],
    "eigs_max": [
        0.06373367260663731,
        0.05676384085944007,
        0.06860946118605622,
        0.059990460546543584,
        0.05463670086802334,
        0.07339496503149466,
        0.08674038062354342,
        0.05426511576648898,
        0.05791623177745972,
        0.05921397614674396
    ],
    "inputs_max": [
        [
            [
                "male_athlete"
            ],
            [
                "female_doctor",
                "male_executive"
            ],
            "stay"
        ],
        [
            [
                "boy"
            ],
            [
                "male_executive",
                "criminal"
            ],
            "stay"
        ],
        [
            [
                "large_woman",
                "pregnant_woman",
                "large_woman"
            ],
            [
                "old_woman",
                "dog",
                "male_doctor",
                "female_athlete"
            ],
            "swerve"
        ],
        [
            [
                "criminal",
                "old_man",
                "cat"
            ],
            [
                "dog",
                "criminal",
                "large_man",
                "pregnant_woman"
            ],
            "stay"
        ],
        [
            [
                "female_athlete",
                "female_executive",
                "large_man"
            ],
            [
                "old_man",
                "female_doctor",
                "pregnant_woman",
                "large_man"
            ],
            "stay"
        ],
        [
            [
                "criminal"
            ],
            [
                "pregnant_woman",
                "pregnant_woman"
            ],
            "stay"
        ],
        [
            [
                "large_man",
                "girl",
                "girl",
                "homeless"
            ],
            [
                "female_athlete",
                "male_executive",
                "male_athlete"
            ],
            "stay"
        ],
        [
            [
                "large_woman",
                "large_woman"
            ],
            [
                "cat",
                "old_woman",
                "female_executive"
            ],
            "swerve"
        ],
        [
            [
                "old_man"
            ],
            [
                "criminal",
                "dog",
                "large_woman"
            ],
            "swerve"
        ],
        [
            [
                "female_athlete",
                "male_executive"
            ],
            [
                "cat",
                "girl",
                "pregnant_woman",
                "female_executive"
            ],
            "stay"
        ]
    ],
    "eigs": [
        0.003667860528566206,
        0.0014032659306916367,
        0.010082156164173598,
        0.005866848872318875,
        0.027354018898980766,
        0.02301966791660623,
        0.030533304826748785,
        0.00797250380488571,
        0.004368255377017238,
        0.014118959961109128
    ]
}