{
    "eigs_regret": [
        0.034630703199756994,
        0.04072384692854784,
        0.03427404937624151,
        0.027979019422987028,
        0.06434342268946258,
        0.06287400562628312,
        0.046709479803052414,
        0.043994895336151946,
        0.03160503172306168,
        0.002116887068159476
    ],
    "eigs_max": [
        0.06038736942500938,
        0.05575022226218349,
        0.04197713408795627,
        0.057588494610587265,
        0.05999908863946996,
        0.09061799073890578,
        0.061345805693523374,
        0.0681896299170791,
        0.04767797052105225,
        0.05713928910154618
    ],
    "inputs_max": [
        [
            [
                "large_woman",
                "female_doctor",
                "large_woman",
                "criminal"
            ],
            [
                "female_doctor",
                "female_athlete",
                "female_executive"
            ],
            "stay"
        ],
        [
            [
                "homeless"
            ],
            [
                "dog",
                "boy",
                "old_woman"
            ],
            "stay"
        ],
        [
            [
                "girl",
                "female_executive"
            ],
            [
                "female_athlete",
                "criminal",
                "female_athlete"
            ],
            "swerve"
        ],
        [
            [
                "male_executive",
                "old_man"
            ],
            [
                "male_doctor",
                "homeless"
            ],
            "swerve"
        ],
        [
            [
                "large_man",
                "homeless",
                "boy"
            ],
            [
                "cat",
                "female_doctor",
                "pregnant_woman"
            ],
            "swerve"
        ],
        [
            [
                "pregnant_woman",
                "criminal",
                "pregnant_woman",
                "dog"
            ],
            [
                "old_woman",
                "boy",
                "large_man"
            ],
            "stay"
        ],
        [
            [
                "male_executive",
                "female_doctor"
            ],
            [
                "female_executive",
                "old_man",
                "dog"
            ],
            "stay"
        ],
        [
            [
                "homeless"
            ],
            [
                "male_executive",
                "female_athlete",
                "old_man"
            ],
            "stay"
        ],
        [
            [
                "stroller",
                "female_athlete"
            ],
            [
                "girl",
                "large_woman"
            ],
            "swerve"
        ],
        [
            [
                "female_athlete",
                "male_executive"
            ],
            [
                "cat",
                "girl",
                "pregnant_woman",
                "female_executive"
            ],
            "stay"
        ]
    ],
    "eigs": [
        0.025756666225252384,
        0.015026375333635655,
        0.007703084711714758,
        0.029609475187600237,
        -0.004344334049992614,
        0.02774398511262266,
        0.01463632589047096,
        0.02419473458092715,
        0.01607293879799057,
        0.0550224020333867
    ]
}