{
    "eigs_regret": [
        0.048554306101768405,
        0.01676431549878595,
        0.042310112159174115,
        0.06633975024543745,
        0.07684481504275324,
        0.0330173121737817,
        0.027697693998250103,
        0.03597306956684526,
        0.043559468010537346,
        0.027161700777401335
    ],
    "eigs_max": [
        0.06013969797270452,
        0.04655183911018392,
        0.05821192905713776,
        0.06750261140845465,
        0.07234002783606523,
        0.05303305798406211,
        0.05178079509368422,
        0.059209246196394394,
        0.06133242034540659,
        0.050243163526530445
    ],
    "inputs_max": [
        [
            [
                "female_doctor"
            ],
            [
                "criminal",
                "boy",
                "cat",
                "boy"
            ],
            "swerve"
        ],
        [
            [
                "female_executive"
            ],
            [
                "large_man",
                "old_man"
            ],
            "swerve"
        ],
        [
            [
                "boy",
                "female_athlete",
                "old_man"
            ],
            [
                "large_woman",
                "large_woman",
                "pregnant_woman"
            ],
            "stay"
        ],
        [
            [
                "boy"
            ],
            [
                "dog",
                "criminal",
                "cat",
                "large_woman"
            ],
            "swerve"
        ],
        [
            [
                "boy",
                "homeless",
                "large_man",
                "large_man"
            ],
            [
                "pregnant_woman",
                "male_doctor",
                "old_woman"
            ],
            "stay"
        ],
        [
            [
                "pregnant_woman",
                "stroller",
                "pregnant_woman",
                "female_executive"
            ],
            [
                "male_athlete",
                "boy",
                "female_executive",
                "stroller"
            ],
            "swerve"
        ],
        [
            [
                "large_woman",
                "male_athlete"
            ],
            [
                "old_woman",
                "girl"
            ],
            "stay"
        ],
        [
            [
                "stroller",
                "female_athlete",
                "criminal",
                "stroller"
            ],
            [
                "pregnant_woman",
                "male_athlete",
                "old_woman",
                "male_executive"
            ],
            "swerve"
        ],
        [
            [
                "male_athlete"
            ],
            [
                "large_man",
                "large_woman"
            ],
            "swerve"
        ],
        [
            [
                "cat",
                "pregnant_woman",
                "male_doctor",
                "male_doctor"
            ],
            [
                "female_doctor",
                "male_executive",
                "old_man",
                "stroller"
            ],
            "swerve"
        ]
    ],
    "eigs": [
        0.011585391870936115,
        0.029787523611397974,
        0.01590181689796365,
        0.001162861163017202,
        -0.004504787206688007,
        0.020015745810280414,
        0.024083101095434115,
        0.023236176629549132,
        0.017772952334869245,
        0.02308146274912911
    ]
}