{
    "eigs_regret": [
        0.05681158117819715,
        0.02499085414473288,
        0.022493180249475067,
        0.06826464505469736,
        0.05306477652128498,
        0.08147387650825266,
        0.03768454430318913,
        0.06865322607470284,
        0.04393161529379502,
        0.04729026358003872
    ],
    "eigs_max": [
        0.06489402139242649,
        0.058868943815271496,
        0.07276829405407453,
        0.06487296308023384,
        0.07113772421043767,
        0.0842530391886551,
        0.06360879470629119,
        0.04929245064152418,
        0.072854213647714,
        0.04904548586021372
    ],
    "inputs_max": [
        [
            [
                "large_man",
                "male_doctor",
                "homeless",
                "dog"
            ],
            [
                "girl"
            ],
            "swerve"
        ],
        [
            [
                "old_man",
                "criminal",
                "large_man"
            ],
            [
                "male_executive",
                "pregnant_woman",
                "old_man"
            ],
            "stay"
        ],
        [
            [
                "boy",
                "old_man",
                "girl"
            ],
            [
                "female_executive",
                "stroller",
                "dog",
                "female_doctor"
            ],
            "stay"
        ],
        [
            [
                "boy",
                "male_doctor"
            ],
            [
                "dog",
                "male_doctor",
                "boy",
                "old_man"
            ],
            "stay"
        ],
        [
            [
                "boy",
                "homeless",
                "large_man",
                "large_man"
            ],
            [
                "pregnant_woman",
                "male_doctor",
                "old_woman"
            ],
            "stay"
        ],
        [
            [
                "pregnant_woman",
                "stroller",
                "pregnant_woman",
                "female_executive"
            ],
            [
                "male_athlete",
                "boy",
                "female_executive",
                "stroller"
            ],
            "swerve"
        ],
        [
            [
                "criminal",
                "female_athlete",
                "criminal"
            ],
            [
                "male_executive",
                "male_executive",
                "homeless",
                "boy"
            ],
            "stay"
        ],
        [
            [
                "female_athlete"
            ],
            [
                "large_man",
                "large_woman",
                "criminal",
                "dog"
            ],
            "stay"
        ],
        [
            [
                "girl",
                "old_woman",
                "large_woman"
            ],
            [
                "male_athlete",
                "old_man",
                "criminal"
            ],
            "stay"
        ],
        [
            [
                "female_doctor"
            ],
            [
                "stroller",
                "female_athlete"
            ],
            "stay"
        ]
    ],
    "eigs": [
        0.00808244021422934,
        0.03387808967053862,
        0.05027511380459947,
        -0.003391681974463511,
        0.018072947689152682,
        0.002779162680402426,
        0.025924250403102058,
        -0.019360775433178653,
        0.028922598353918975,
        0.001755222280175005
    ]
}