{
    "eigs_regret": [
        0.05413223770519625,
        0.055497395724552395,
        0.03276683233194126,
        0.06175388933217332,
        0.037077062225243734,
        0.05556936980640101,
        0.03139198015147833,
        0.05583832878937763,
        0.06413350305052311,
        0.036367958674692
    ],
    "eigs_max": [
        0.0737443451936565,
        0.05818561019442437,
        0.04984234984849935,
        0.051106413482482106,
        0.05011079332205831,
        0.04870840661899414,
        0.05075632772489882,
        0.05875341344816141,
        0.060582677995790694,
        0.06711084082722868
    ],
    "inputs_max": [
        [
            [
                "male_athlete",
                "dog"
            ],
            [
                "boy",
                "boy"
            ],
            "stay"
        ],
        [
            [
                "male_doctor",
                "female_doctor",
                "female_doctor"
            ],
            [
                "stroller",
                "large_woman",
                "homeless",
                "boy"
            ],
            "swerve"
        ],
        [
            [
                "male_executive",
                "old_woman",
                "large_man",
                "cat"
            ],
            [
                "boy",
                "stroller"
            ],
            "swerve"
        ],
        [
            [
                "cat",
                "large_woman",
                "girl"
            ],
            [
                "boy",
                "old_man"
            ],
            "swerve"
        ],
        [
            [
                "pregnant_woman",
                "criminal",
                "female_executive"
            ],
            [
                "male_executive",
                "homeless",
                "homeless",
                "female_doctor"
            ],
            "swerve"
        ],
        [
            [
                "female_doctor",
                "female_executive",
                "female_doctor"
            ],
            [
                "criminal",
                "female_athlete",
                "criminal",
                "dog"
            ],
            "swerve"
        ],
        [
            [
                "female_doctor",
                "pregnant_woman"
            ],
            [
                "stroller",
                "girl",
                "homeless"
            ],
            "stay"
        ],
        [
            [
                "female_executive",
                "old_woman",
                "dog",
                "female_doctor"
            ],
            [
                "old_man",
                "criminal",
                "large_woman",
                "stroller"
            ],
            "swerve"
        ],
        [
            [
                "criminal",
                "old_woman",
                "girl",
                "old_man"
            ],
            [
                "male_athlete",
                "female_athlete",
                "male_executive",
                "large_woman"
            ],
            "swerve"
        ],
        [
            [
                "male_athlete"
            ],
            [
                "female_doctor",
                "pregnant_woman"
            ],
            "swerve"
        ]
    ],
    "eigs": [
        0.01961210748846025,
        0.0026882144698719785,
        0.017075517516558083,
        -0.010647475849691218,
        0.013033731096814575,
        -0.006860963187406865,
        0.01936434757342049,
        0.0029150846587837785,
        -0.003550825054732419,
        0.03074288215253668
    ]
}