{
    "eigs_regret": [
        0.058783187588518,
        0.06677081465046655,
        0.06555918490518042,
        0.038124851050252116,
        0.04426211149587936,
        0.048841789069543916,
        0.06822870096912845,
        0.03218350842271718,
        0.05197858838540253,
        0.09038383022394925
    ],
    "eigs_max": [
        0.05516348765158821,
        0.06396279257592487,
        0.07592188106691321,
        0.050489333541647745,
        0.06232773308761972,
        0.053751877750462126,
        0.060863495565304015,
        0.06057383437662929,
        0.06909169579317394,
        0.06951289928432305
    ],
    "inputs_max": [
        [
            [
                "male_athlete",
                "old_man"
            ],
            [
                "old_woman",
                "large_woman"
            ],
            "swerve"
        ],
        [
            [
                "pregnant_woman"
            ],
            [
                "criminal",
                "male_executive",
                "large_woman"
            ],
            "stay"
        ],
        [
            [
                "pregnant_woman",
                "male_athlete"
            ],
            [
                "large_woman",
                "large_man",
                "old_woman",
                "old_man"
            ],
            "stay"
        ],
        [
            [
                "old_man",
                "girl",
                "cat",
                "large_woman"
            ],
            [
                "male_executive",
                "female_doctor",
                "male_athlete",
                "cat"
            ],
            "swerve"
        ],
        [
            [
                "old_man",
                "male_doctor",
                "criminal"
            ],
            [
                "old_man",
                "old_woman"
            ],
            "swerve"
        ],
        [
            [
                "female_athlete",
                "large_man",
                "criminal"
            ],
            [
                "girl",
                "dog",
                "girl",
                "male_executive"
            ],
            "swerve"
        ],
        [
            [
                "old_man"
            ],
            [
                "cat",
                "female_athlete"
            ],
            "stay"
        ],
        [
            [
                "stroller",
                "criminal",
                "cat",
                "male_doctor"
            ],
            [
                "female_athlete",
                "girl"
            ],
            "swerve"
        ],
        [
            [
                "homeless",
                "male_executive"
            ],
            [
                "male_athlete",
                "female_doctor",
                "dog",
                "cat"
            ],
            "stay"
        ],
        [
            [
                "large_woman",
                "female_executive",
                "female_athlete"
            ],
            [
                "male_doctor",
                "stroller",
                "boy",
                "pregnant_woman"
            ],
            "stay"
        ]
    ],
    "eigs": [
        -0.0036196999369297878,
        -0.002808022074541684,
        0.010362696161732778,
        0.01236448249139563,
        0.018065621591740365,
        0.004910088680918211,
        -0.007365205403824433,
        0.02839032595391211,
        0.01711310740777141,
        -0.020870930939626185
    ]
}