{
    "eigs_regret": [
        0.023756556899144403,
        0.044955066712840774,
        0.017301045995273226,
        0.0673837094533993,
        0.04203159793860966,
        0.010793117643026102,
        0.01946993344997461,
        0.06249056819371069,
        0.04132872568192298,
        0.055657689856119505
    ],
    "eigs_max": [
        0.06079750464127796,
        0.05927850208717629,
        0.04419655743919646,
        0.06960925573130923,
        0.07370763141759927,
        0.05688880704367527,
        0.043288095738415446,
        0.07318154166280112,
        0.06109039596065584,
        0.06233347406863446
    ],
    "inputs_max": [
        [
            [
                "large_woman",
                "female_doctor",
                "male_executive",
                "large_man"
            ],
            [
                "stroller",
                "female_executive",
                "criminal"
            ],
            "swerve"
        ],
        [
            [
                "homeless"
            ],
            [
                "dog",
                "boy",
                "old_woman"
            ],
            "stay"
        ],
        [
            [
                "old_man"
            ],
            [
                "female_executive",
                "male_executive"
            ],
            "stay"
        ],
        [
            [
                "boy",
                "pregnant_woman"
            ],
            [
                "male_executive",
                "criminal"
            ],
            "swerve"
        ],
        [
            [
                "large_man",
                "large_woman"
            ],
            [
                "boy",
                "boy"
            ],
            "swerve"
        ],
        [
            [
                "homeless",
                "female_athlete",
                "criminal"
            ],
            [
                "pregnant_woman",
                "large_man",
                "female_doctor"
            ],
            "stay"
        ],
        [
            [
                "old_woman",
                "large_man"
            ],
            [
                "old_man",
                "boy",
                "boy"
            ],
            "stay"
        ],
        [
            [
                "female_athlete",
                "male_doctor"
            ],
            [
                "large_man",
                "large_woman",
                "large_woman"
            ],
            "swerve"
        ],
        [
            [
                "stroller",
                "dog",
                "old_woman",
                "female_doctor"
            ],
            [
                "large_woman",
                "girl",
                "large_man"
            ],
            "stay"
        ],
        [
            [
                "old_man"
            ],
            [
                "pregnant_woman",
                "large_man",
                "dog"
            ],
            "swerve"
        ]
    ],
    "eigs": [
        0.037040947742133554,
        0.01432343537433552,
        0.026895511443923235,
        0.002225546277909932,
        0.03167603347898961,
        0.04609568940064917,
        0.023818162288440834,
        0.010690973469090434,
        0.019761670278732858,
        0.006675784212514956
    ]
}