{
    "eigs_regret": [
        0.04833693270433659,
        0.016321253239427992,
        0.12050654768476127,
        0.08875349548134473,
        0.06015336680495433,
        0.07619252893750142,
        0.09087721210335495,
        0.07211891193602551,
        0.04168775188327504,
        0.05755057069417904
    ],
    "eigs_max": [
        0.05839025916328715,
        0.055386729935558716,
        0.1026560727043252,
        0.06086473783542032,
        0.052084385516186445,
        0.08382379250467481,
        0.06156258971923547,
        0.06817179053458614,
        0.057106768055511126,
        0.0502061501061791
    ],
    "inputs_max": [
        [
            [
                "cat",
                "female_doctor",
                "cat",
                "male_doctor"
            ],
            [
                "large_man",
                "old_man",
                "large_man"
            ],
            "stay"
        ],
        [
            [
                "pregnant_woman",
                "female_doctor"
            ],
            [
                "pregnant_woman",
                "large_man",
                "cat",
                "homeless"
            ],
            "swerve"
        ],
        [
            [
                "pregnant_woman",
                "male_athlete"
            ],
            [
                "large_woman",
                "large_man",
                "old_woman",
                "old_man"
            ],
            "stay"
        ],
        [
            [
                "pregnant_woman",
                "old_man",
                "male_doctor"
            ],
            [
                "large_man",
                "boy",
                "pregnant_woman",
                "female_executive"
            ],
            "stay"
        ],
        [
            [
                "cat",
                "male_doctor",
                "female_executive"
            ],
            [
                "large_man",
                "stroller",
                "cat"
            ],
            "stay"
        ],
        [
            [
                "male_doctor",
                "large_woman",
                "old_woman"
            ],
            [
                "old_man",
                "boy",
                "homeless",
                "male_executive"
            ],
            "swerve"
        ],
        [
            [
                "large_woman",
                "criminal",
                "homeless",
                "large_man"
            ],
            [
                "female_athlete",
                "homeless"
            ],
            "swerve"
        ],
        [
            [
                "female_executive",
                "old_woman",
                "cat"
            ],
            [
                "large_man",
                "large_woman",
                "large_man",
                "male_doctor"
            ],
            "stay"
        ],
        [
            [
                "pregnant_woman",
                "large_man",
                "male_doctor"
            ],
            [
                "female_executive",
                "female_executive",
                "dog",
                "stroller"
            ],
            "swerve"
        ],
        [
            [
                "stroller"
            ],
            [
                "large_man",
                "homeless"
            ],
            "stay"
        ]
    ],
    "eigs": [
        0.010053326458950563,
        0.039065476696130724,
        -0.017850474980436064,
        -0.027888757645924408,
        -0.00806898128876789,
        0.007631263567173393,
        -0.02931462238411948,
        -0.003947121401439383,
        0.015419016172236087,
        -0.0073444205879999456
    ]
}