{
    "eigs_regret": [
        0.030142229874680283,
        0.0779117751674194,
        0.0315419853918075,
        0.04767724046480651,
        0.06168525035917927,
        0.04265255646421809,
        0.06918121066988941,
        0.05938602279284545,
        0.09432296201179781,
        0.08525649788324334
    ],
    "eigs_max": [
        0.04761858132507062,
        0.08127757943574887,
        0.04461079773917083,
        0.05127756706855617,
        0.05949447134827915,
        0.059142703822118954,
        0.07347772448203506,
        0.06799959597509111,
        0.10146828929971871,
        0.07816332563427443
    ],
    "inputs_max": [
        [
            [
                "female_executive"
            ],
            [
                "male_executive",
                "large_man"
            ],
            "stay"
        ],
        [
            [
                "old_man",
                "girl",
                "female_athlete"
            ],
            [
                "large_woman",
                "male_doctor",
                "female_executive",
                "stroller"
            ],
            "swerve"
        ],
        [
            [
                "female_doctor",
                "female_athlete",
                "large_woman"
            ],
            [
                "female_athlete",
                "boy",
                "old_woman",
                "criminal"
            ],
            "stay"
        ],
        [
            [
                "old_woman",
                "cat",
                "female_doctor",
                "female_athlete"
            ],
            [
                "female_doctor",
                "dog",
                "stroller",
                "female_doctor"
            ],
            "swerve"
        ],
        [
            [
                "large_woman"
            ],
            [
                "male_athlete"
            ],
            "stay"
        ],
        [
            [
                "old_man",
                "male_executive"
            ],
            [
                "large_man",
                "boy",
                "large_man"
            ],
            "stay"
        ],
        [
            [
                "male_athlete",
                "cat",
                "girl"
            ],
            [
                "male_doctor",
                "female_executive"
            ],
            "swerve"
        ],
        [
            [
                "homeless",
                "homeless",
                "dog",
                "female_athlete"
            ],
            [
                "boy",
                "large_man",
                "large_woman",
                "boy"
            ],
            "stay"
        ],
        [
            [
                "old_woman",
                "female_athlete",
                "dog",
                "dog"
            ],
            [
                "large_man",
                "male_athlete",
                "large_man"
            ],
            "swerve"
        ],
        [
            [
                "large_woman",
                "large_man",
                "male_athlete"
            ],
            [
                "male_athlete",
                "old_man"
            ],
            "swerve"
        ]
    ],
    "eigs": [
        0.01747635145039034,
        0.0033658042683294732,
        0.013068812347363335,
        0.003600326603749662,
        -0.0021907790109001153,
        0.01649014735790087,
        0.004296513812145637,
        0.008613573182245662,
        0.007145327287920906,
        -0.0070931722489689045
    ]
}