{
    "eigs_regret": [
        0.061167138903356365,
        0.07610579332037892,
        0.046602198242406856,
        0.013472955525595957,
        0.06099315773035513,
        0.036807456140465405,
        0.0735983883185885,
        0.051227533081392024,
        0.06249174577122759,
        0.06559321818470662
    ],
    "eigs_max": [
        0.07727799158871533,
        0.06377979285615637,
        0.0702630425518133,
        0.05726345206471302,
        0.06350187164565782,
        0.058681015484008,
        0.07643907532030399,
        0.052573415498393124,
        0.062475472988955706,
        0.06480631648143603
    ],
    "inputs_max": [
        [
            [
                "male_athlete",
                "male_doctor",
                "boy",
                "cat"
            ],
            [
                "large_man",
                "large_woman",
                "girl"
            ],
            "stay"
        ],
        [
            [
                "large_woman"
            ],
            [
                "dog",
                "criminal",
                "female_doctor"
            ],
            "stay"
        ],
        [
            [
                "large_man",
                "boy",
                "dog",
                "pregnant_woman"
            ],
            [
                "old_woman",
                "female_athlete"
            ],
            "stay"
        ],
        [
            [
                "female_athlete",
                "male_athlete",
                "male_doctor",
                "dog"
            ],
            [
                "male_executive",
                "male_athlete",
                "criminal",
                "large_woman"
            ],
            "stay"
        ],
        [
            [
                "criminal",
                "cat",
                "male_athlete"
            ],
            [
                "old_man",
                "large_woman",
                "pregnant_woman"
            ],
            "stay"
        ],
        [
            [
                "homeless",
                "male_doctor",
                "stroller"
            ],
            [
                "female_athlete",
                "stroller"
            ],
            "swerve"
        ],
        [
            [
                "criminal",
                "boy",
                "female_executive",
                "old_woman"
            ],
            [
                "female_athlete",
                "male_athlete",
                "male_doctor",
                "pregnant_woman"
            ],
            "swerve"
        ],
        [
            [
                "female_executive",
                "old_woman",
                "dog",
                "female_doctor"
            ],
            [
                "old_man",
                "criminal",
                "large_woman",
                "stroller"
            ],
            "swerve"
        ],
        [
            [
                "boy",
                "old_woman",
                "male_athlete",
                "large_man"
            ],
            [
                "pregnant_woman",
                "female_athlete",
                "female_athlete"
            ],
            "swerve"
        ],
        [
            [
                "male_executive",
                "stroller"
            ],
            [
                "pregnant_woman",
                "dog",
                "female_executive"
            ],
            "swerve"
        ]
    ],
    "eigs": [
        0.016110852685358966,
        -0.012326000464222546,
        0.02366084430940645,
        0.04379049653911706,
        0.0025087139153026905,
        0.021873559343542598,
        0.002840687001715483,
        0.0013458824170010973,
        -1.627278227188389e-05,
        -0.000786901703270583
    ]
}