{
    "eigs_regret": [
        0.0033065515747166263,
        0.00945211813859994,
        0.06011474846598643,
        0.032283902894239824,
        0.03597652975471721,
        0.09044062804026633,
        0.026201713671366304,
        0.04687260625644034,
        0.03794578266808684,
        0.021142219884094468
    ],
    "eigs_max": [
        0.06955220130036266,
        0.057190805098916095,
        0.057030050043176475,
        0.0630419049632724,
        0.045681192531334375,
        0.06917733397215056,
        0.05383949414388376,
        0.05995794161908313,
        0.05330835178049714,
        0.04509221408351612
    ],
    "inputs_max": [
        [
            [
                "large_woman",
                "female_doctor",
                "large_woman",
                "criminal"
            ],
            [
                "female_doctor",
                "female_athlete",
                "female_executive"
            ],
            "stay"
        ],
        [
            [
                "dog",
                "girl",
                "female_executive"
            ],
            [
                "cat",
                "male_athlete",
                "girl",
                "female_executive"
            ],
            "stay"
        ],
        [
            [
                "large_woman",
                "pregnant_woman",
                "large_woman"
            ],
            [
                "old_woman",
                "dog",
                "male_doctor",
                "female_athlete"
            ],
            "swerve"
        ],
        [
            [
                "large_woman",
                "female_athlete",
                "pregnant_woman"
            ],
            [
                "male_doctor",
                "female_executive",
                "pregnant_woman",
                "male_executive"
            ],
            "stay"
        ],
        [
            [
                "dog",
                "large_woman"
            ],
            [
                "dog",
                "female_doctor",
                "cat",
                "male_athlete"
            ],
            "stay"
        ],
        [
            [
                "large_man",
                "stroller",
                "female_athlete",
                "stroller"
            ],
            [
                "male_athlete",
                "female_athlete",
                "male_athlete"
            ],
            "swerve"
        ],
        [
            [
                "old_man"
            ],
            [
                "large_man",
                "male_athlete",
                "male_executive"
            ],
            "swerve"
        ],
        [
            [
                "old_man",
                "dog",
                "female_doctor"
            ],
            [
                "cat",
                "male_executive",
                "old_woman",
                "homeless"
            ],
            "stay"
        ],
        [
            [
                "female_doctor",
                "cat"
            ],
            [
                "cat",
                "female_athlete"
            ],
            "swerve"
        ],
        [
            [
                "large_man",
                "large_woman",
                "old_woman",
                "old_woman"
            ],
            [
                "female_athlete",
                "girl"
            ],
            "swerve"
        ]
    ],
    "eigs": [
        0.06624564972564603,
        0.047738686960316155,
        -0.003084698422809956,
        0.030758002069032574,
        0.009704662776617166,
        -0.021263294068115765,
        0.027637780472517456,
        0.013085335362642794,
        0.015362569112410305,
        0.023949994199421655
    ]
}