{
    "eigs_regret": [
        0.03960454963693077,
        0.05883716731662229,
        0.10065964072030088,
        0.06378182443129374,
        0.019359949245586115,
        0.05149279871042107,
        0.055633144235329154,
        0.05726432483367134,
        0.05603787419055821,
        0.035651874695797024
    ],
    "eigs_max": [
        0.04884604890561453,
        0.06446607755616976,
        0.10179326566907297,
        0.06678570603224383,
        0.05886946960055266,
        0.06676498471725945,
        0.0725064797897067,
        0.07120987026439572,
        0.05178042280279211,
        0.0630299640499245
    ],
    "inputs_max": [
        [
            [
                "boy"
            ],
            [
                "stroller",
                "girl",
                "large_man"
            ],
            "stay"
        ],
        [
            [
                "large_man",
                "old_woman"
            ],
            [
                "female_executive"
            ],
            "stay"
        ],
        [
            [
                "male_athlete"
            ],
            [
                "pregnant_woman",
                "large_woman",
                "cat",
                "male_executive"
            ],
            "stay"
        ],
        [
            [
                "male_executive",
                "female_executive",
                "dog"
            ],
            [
                "male_doctor"
            ],
            "swerve"
        ],
        [
            [
                "dog",
                "large_man",
                "cat",
                "female_doctor"
            ],
            [
                "stroller",
                "old_man"
            ],
            "stay"
        ],
        [
            [
                "female_athlete",
                "female_doctor",
                "criminal",
                "female_executive"
            ],
            [
                "girl",
                "boy",
                "stroller",
                "large_woman"
            ],
            "swerve"
        ],
        [
            [
                "pregnant_woman",
                "old_woman",
                "male_executive",
                "large_woman"
            ],
            [
                "boy",
                "boy",
                "girl",
                "stroller"
            ],
            "swerve"
        ],
        [
            [
                "pregnant_woman",
                "dog",
                "female_athlete",
                "pregnant_woman"
            ],
            [
                "old_woman",
                "male_doctor",
                "old_man"
            ],
            "swerve"
        ],
        [
            [
                "male_doctor",
                "male_executive"
            ],
            [
                "large_man",
                "old_woman"
            ],
            "swerve"
        ],
        [
            [
                "girl",
                "dog"
            ],
            [
                "criminal"
            ],
            "stay"
        ]
    ],
    "eigs": [
        0.009241499268683765,
        0.005628910239547475,
        0.0011336249487720817,
        0.0030038816009500995,
        0.03950952035496654,
        0.015272186006838375,
        0.016873335554377544,
        0.013945545430724383,
        -0.004257451387766099,
        0.02737808935412748
    ]
}