{
    "eigs_regret": [
        0.033798219455790895,
        0.03084514806964169,
        0.04750978011750817,
        0.04941824769454424,
        0.07113571220403668,
        0.04169347667951798,
        0.023542014624716747,
        0.06741267715276283,
        0.026276184211259126,
        0.04807826549640445
    ],
    "eigs_max": [
        0.05218531554834995,
        0.056088987776949345,
        0.05765986145043169,
        0.05918078853641421,
        0.07204430957441985,
        0.0642686372907151,
        0.05163297010206059,
        0.07072150498058348,
        0.042019131072804486,
        0.058730210622218
    ],
    "inputs_max": [
        [
            [
                "large_woman",
                "female_doctor",
                "large_woman",
                "criminal"
            ],
            [
                "female_doctor",
                "female_athlete",
                "female_executive"
            ],
            "stay"
        ],
        [
            [
                "boy",
                "pregnant_woman",
                "male_athlete",
                "large_woman"
            ],
            [
                "female_executive",
                "large_woman",
                "female_athlete",
                "pregnant_woman"
            ],
            "swerve"
        ],
        [
            [
                "large_woman",
                "pregnant_woman",
                "large_woman"
            ],
            [
                "old_woman",
                "dog",
                "male_doctor",
                "female_athlete"
            ],
            "swerve"
        ],
        [
            [
                "cat",
                "boy",
                "stroller",
                "old_man"
            ],
            [
                "male_doctor",
                "old_woman",
                "male_executive"
            ],
            "stay"
        ],
        [
            [
                "female_athlete",
                "female_executive",
                "large_man"
            ],
            [
                "old_man",
                "female_doctor",
                "pregnant_woman",
                "large_man"
            ],
            "stay"
        ],
        [
            [
                "large_man",
                "stroller",
                "female_athlete",
                "stroller"
            ],
            [
                "male_athlete",
                "female_athlete",
                "male_athlete"
            ],
            "swerve"
        ],
        [
            [
                "large_woman",
                "stroller",
                "dog"
            ],
            [
                "girl",
                "large_man",
                "dog"
            ],
            "swerve"
        ],
        [
            [
                "female_athlete",
                "male_doctor"
            ],
            [
                "large_man",
                "large_woman",
                "large_woman"
            ],
            "swerve"
        ],
        [
            [
                "large_woman"
            ],
            [
                "female_executive",
                "female_executive",
                "male_athlete"
            ],
            "stay"
        ],
        [
            [
                "female_athlete",
                "girl",
                "dog",
                "girl"
            ],
            [
                "criminal",
                "male_athlete",
                "male_executive",
                "large_woman"
            ],
            "stay"
        ]
    ],
    "eigs": [
        0.01838709609255906,
        0.025243839707307654,
        0.010150081332923517,
        0.009762540841869966,
        0.0009085973703831604,
        0.022575160611197114,
        0.028090955477343842,
        0.0033088278278206418,
        0.01574294686154536,
        0.010651945125813552
    ]
}