{
    "eigs_regret": [
        0.04437334889977698,
        0.06932907376084003,
        0.044876860031862045,
        0.08027927436954133,
        0.05630085274215875,
        0.04763377771803927,
        0.0746265139400121,
        0.07843411116722697,
        0.06373417602117132,
        0.018897100952449668
    ],
    "eigs_max": [
        0.06168023977040854,
        0.08136038903296948,
        0.060630908327136454,
        0.10005972196588572,
        0.05254367847629848,
        0.05291050341714604,
        0.074747442638698,
        0.06726086044497305,
        0.05526564784282369,
        0.04508110386224482
    ],
    "inputs_max": [
        [
            [
                "female_athlete",
                "female_doctor",
                "large_woman",
                "cat"
            ],
            [
                "large_man",
                "female_executive",
                "boy",
                "female_executive"
            ],
            "swerve"
        ],
        [
            [
                "female_athlete",
                "criminal",
                "dog"
            ],
            [
                "girl",
                "girl"
            ],
            "stay"
        ],
        [
            [
                "pregnant_woman"
            ],
            [
                "dog",
                "large_woman",
                "male_executive",
                "large_man"
            ],
            "stay"
        ],
        [
            [
                "criminal",
                "boy",
                "homeless",
                "large_man"
            ],
            [
                "pregnant_woman",
                "female_executive",
                "large_woman",
                "large_woman"
            ],
            "stay"
        ],
        [
            [
                "large_woman"
            ],
            [
                "large_woman",
                "old_man",
                "dog",
                "male_executive"
            ],
            "stay"
        ],
        [
            [
                "pregnant_woman",
                "homeless",
                "male_executive"
            ],
            [
                "dog",
                "female_athlete",
                "male_athlete",
                "homeless"
            ],
            "swerve"
        ],
        [
            [
                "pregnant_woman",
                "large_man"
            ],
            [
                "homeless",
                "dog",
                "old_man",
                "old_man"
            ],
            "swerve"
        ],
        [
            [
                "pregnant_woman",
                "dog",
                "female_athlete",
                "pregnant_woman"
            ],
            [
                "old_woman",
                "male_doctor",
                "old_man"
            ],
            "swerve"
        ],
        [
            [
                "girl",
                "pregnant_woman"
            ],
            [
                "criminal",
                "stroller",
                "female_doctor",
                "large_man"
            ],
            "swerve"
        ],
        [
            [
                "male_athlete",
                "male_athlete",
                "criminal"
            ],
            [
                "female_doctor",
                "old_man",
                "stroller"
            ],
            "swerve"
        ]
    ],
    "eigs": [
        0.01730689087063156,
        0.01203131527212944,
        0.015754048295274412,
        0.019780447596344397,
        -0.0037571742658602638,
        0.005276725699106768,
        0.00012092869868589707,
        -0.011173250722253924,
        -0.008468528178347631,
        0.026184002909795154
    ]
}