{
    "eigs_regret": [
        0.03791248819034854,
        0.05734421176392424,
        0.06875013171170494,
        0.07185239386123181,
        0.0622714445739921,
        0.03904761213689824,
        0.041026173650750876,
        0.0408467252464844,
        0.01715106042831125,
        0.04880733991186223
    ],
    "eigs_max": [
        0.05694007881486158,
        0.06696066363447774,
        0.06797046827821714,
        0.07987256889034941,
        0.07093697081929391,
        0.04365088100075992,
        0.0556201622141351,
        0.05878107117980172,
        0.048672958519522184,
        0.06762439439348256
    ],
    "inputs_max": [
        [
            [
                "large_man",
                "male_doctor"
            ],
            [
                "homeless",
                "large_man",
                "criminal"
            ],
            "swerve"
        ],
        [
            [
                "cat",
                "female_doctor",
                "large_man"
            ],
            [
                "stroller",
                "male_doctor",
                "cat",
                "male_athlete"
            ],
            "stay"
        ],
        [
            [
                "boy",
                "female_athlete",
                "old_man"
            ],
            [
                "large_woman",
                "large_woman",
                "pregnant_woman"
            ],
            "stay"
        ],
        [
            [
                "female_executive",
                "cat",
                "pregnant_woman",
                "female_doctor"
            ],
            [
                "male_executive",
                "male_athlete",
                "boy",
                "homeless"
            ],
            "stay"
        ],
        [
            [
                "dog",
                "boy",
                "cat",
                "girl"
            ],
            [
                "dog",
                "large_man",
                "pregnant_woman"
            ],
            "stay"
        ],
        [
            [
                "pregnant_woman",
                "stroller",
                "pregnant_woman",
                "female_executive"
            ],
            [
                "male_athlete",
                "boy",
                "female_executive",
                "stroller"
            ],
            "swerve"
        ],
        [
            [
                "large_man",
                "male_doctor",
                "male_doctor",
                "cat"
            ],
            [
                "male_executive",
                "girl"
            ],
            "stay"
        ],
        [
            [
                "dog",
                "large_woman"
            ],
            [
                "old_man"
            ],
            "stay"
        ],
        [
            [
                "girl",
                "male_doctor",
                "male_doctor"
            ],
            [
                "female_executive"
            ],
            "swerve"
        ],
        [
            [
                "stroller",
                "male_athlete",
                "female_athlete"
            ],
            [
                "female_executive",
                "homeless",
                "stroller",
                "pregnant_woman"
            ],
            "stay"
        ]
    ],
    "eigs": [
        0.019027590624513042,
        0.009616451870553494,
        -0.0007796634334878072,
        0.008020175029117602,
        0.008665526245301815,
        0.004603268863861686,
        0.014593988563384225,
        0.017934345933317317,
        0.031521898091210934,
        0.018817054481620327
    ]
}