{
    "config": {
        "seed": 4,
        "include_prior": false,
        "use_ppl": true,
        "llms": {
            "model_name": "gpt-4o",
            "temperature": 0.0,
            "max_tokens": 512
        },
        "exp": {
            "num_experiments": [
                5,
                10
            ],
            "experiment_type": "oed"
        },
        "envs": {
            "num_evals": 10,
            "env_name": "death_process",
            "goal_name": "direct",
            "com_limit": 200,
            "env_params": {
                "N": 50,
                "mu": 1,
                "sigma": 1,
                "lower_bound": 0
            }
        }
    },
    "data": {
        "results": [
            [
                [
                    50.3,
                    44.705816176421614
                ],
                [
                    "(1.2072577599204286,)",
                    "(1.909350837576386,)",
                    "(1.4459849641454738,)",
                    "(1.757784868899207,)",
                    "(1.0493968407881846,)",
                    "(1.7632543167926311,)",
                    "(1.0692148630624025,)",
                    "(0.16320452360121068,)",
                    "(1.8690790990755461,)",
                    "(0.1955106908460117,)"
                ],
                [
                    46,
                    50,
                    47,
                    48,
                    39,
                    48,
                    44,
                    13,
                    50,
                    26
                ],
                [
                    "41.87733333333333",
                    "61.367666666666665",
                    "47.679",
                    "56.324666666666666",
                    "38.65566666666667",
                    "56.32866666666666",
                    "39.029666666666664",
                    "24.711333333333332",
                    "59.92966666666667",
                    "25.032666666666668"
                ]
            ],
            [
                [
                    187.7,
                    212.82389433519913
                ],
                [
                    "(1.2072577599204286,)",
                    "(1.909350837576386,)",
                    "(1.4459849641454738,)",
                    "(1.757784868899207,)",
                    "(1.0493968407881846,)",
                    "(1.7632543167926311,)",
                    "(1.0692148630624025,)",
                    "(0.16320452360121068,)",
                    "(1.8690790990755461,)",
                    "(0.1955106908460117,)"
                ],
                [
                    46,
                    50,
                    47,
                    48,
                    39,
                    48,
                    44,
                    13,
                    50,
                    26
                ],
                [
                    "43.839666666666666",
                    "74.80366666666667",
                    "52.259",
                    "66.83466666666666",
                    "38.847",
                    "67.069",
                    "39.38",
                    "19.847",
                    "72.67333333333333",
                    "20.281666666666666"
                ]
            ]
        ],
        "queries": [
            "0.5",
            "1.0",
            "1.5",
            "0.25",
            "0.75",
            "1.25",
            "0.1",
            "0.2",
            "0.6",
            "0.15"
        ],
        "observations": [
            30,
            38,
            46,
            21,
            40,
            45,
            9,
            23,
            35,
            14
        ],
        "successes": [
            true,
            true,
            true,
            true,
            true,
            true,
            true,
            true,
            true,
            true
        ],
        "explanations": [],
        "eigs": [],