{
    "config": {
        "seed": 3,
        "include_prior": false,
        "use_ppl": true,
        "llms": {
            "model_name": "gpt-4o",
            "temperature": 0.0,
            "max_tokens": 512
        },
        "exp": {
            "num_experiments": [
                5,
                10
            ],
            "experiment_type": "oed"
        },
        "envs": {
            "num_evals": 10,
            "env_name": "death_process",
            "goal_name": "direct",
            "com_limit": 200,
            "env_params": {
                "N": 50,
                "mu": 1,
                "sigma": 1,
                "lower_bound": 0
            }
        }
    },
    "data": {
        "results": [
            [
                [
                    39.4,
                    39.33242936814353
                ],
                [
                    "(1.3500684959715556,)",
                    "(0.6503734819809649,)",
                    "(1.866458364121109,)",
                    "(1.9631386589998987,)",
                    "(0.23671274247601695,)",
                    "(0.07821022849909783,)",
                    "(0.43374026018481476,)",
                    "(1.1935020157429201,)",
                    "(1.2406968054171437,)",
                    "(1.6841090009194033,)"
                ],
                [
                    37,
                    30,
                    41,
                    45,
                    9,
                    8,
                    18,
                    36,
                    36,
                    43
                ],
                [
                    "32.20033333333333",
                    "18.631333333333334",
                    "47.99733333333333",
                    "51.99733333333333",
                    "13.729",
                    "12.216666666666667",
                    "16.013333333333332",
                    "28.374",
                    "29.609666666666666",
                    "41.929"
                ]
            ],
            [
                [
                    47.8,
                    45.613155996927034
                ],
                [
                    "(1.3500684959715556,)",
                    "(0.6503734819809649,)",
                    "(1.866458364121109,)",
                    "(1.9631386589998987,)",
                    "(0.23671274247601695,)",
                    "(0.07821022849909783,)",
                    "(0.43374026018481476,)",
                    "(1.1935020157429201,)",
                    "(1.2406968054171437,)",
                    "(1.6841090009194033,)"
                ],
                [
                    37,
                    30,
                    41,
                    45,
                    9,
                    8,
                    18,
                    36,
                    36,
                    43
                ],
                [
                    "33.77333333333333",
                    "19.162",
                    "51.601333333333336",
                    "56.17733333333333",
                    "13.519333333333334",
                    "11.944",
                    "15.959666666666667",
                    "29.741",
                    "30.733",
                    "44.659"
                ]
            ]
        ],
        "queries": [
            "0.01",
            "1.99",
            "1.0",
            "0.5",
            "1.5",
            "0.75",
            "0.25",
            "0.375",
            "1.25",
            "0.125"
        ],
        "observations": [
            1,
            46,
            33,
            25,
            37,
            33,
            10,
            19,
            35,
            4
        ],
        "successes": [
            true,
            true,
            true,
            true,
            true,
            true,
            true,
            true,
            true,
            true
        ],
        "explanations": [],
        "eigs": [],