{
    "config": {
        "seed": 5,
        "include_prior": false,
        "use_ppl": true,
        "llms": {
            "model_name": "gpt-4o",
            "temperature": 0.0,
            "max_tokens": 512
        },
        "exp": {
            "num_experiments": [
                5,
                10
            ],
            "experiment_type": "oed"
        },
        "envs": {
            "num_evals": 10,
            "env_name": "death_process",
            "goal_name": "direct",
            "com_limit": 200,
            "env_params": {
                "N": 50,
                "mu": 1,
                "sigma": 1,
                "lower_bound": 0
            }
        }
    },
    "data": {
        "results": [
            [
                [
                    42.9,
                    33.87166957798213
                ],
                [
                    "(0.91611490270647,)",
                    "(0.7821656614456821,)",
                    "(1.686726387019302,)",
                    "(0.7068957405882536,)",
                    "(0.9620308733835841,)",
                    "(0.662531239343582,)",
                    "(0.4116968991133738,)",
                    "(1.181338808769836,)",
                    "(0.7708757912246219,)",
                    "(0.8503818134188194,)"
                ],
                [
                    21,
                    15,
                    32,
                    9,
                    24,
                    17,
                    7,
                    26,
                    21,
                    18
                ],
                [
                    "13.889",
                    "12.408333333333333",
                    "27.203333333333333",
                    "11.843333333333334",
                    "14.611",
                    "11.287666666666667",
                    "9.113333333333333",
                    "17.58",
                    "12.414",
                    "13.169666666666666"
                ]
            ],
            [
                [
                    21.6,
                    14.786480311419618
                ],
                [
                    "(0.91611490270647,)",
                    "(0.7821656614456821,)",
                    "(1.686726387019302,)",
                    "(0.7068957405882536,)",
                    "(0.9620308733835841,)",
                    "(0.662531239343582,)",
                    "(0.4116968991133738,)",
                    "(1.181338808769836,)",
                    "(0.7708757912246219,)",
                    "(0.8503818134188194,)"
                ],
                [
                    21,
                    15,
                    32,
                    9,
                    24,
                    17,
                    7,
                    26,
                    21,
                    18
                ],
                [
                    "16.744666666666667",
                    "15.200333333333333",
                    "29.782666666666668",
                    "14.433",
                    "17.318666666666665",
                    "13.904333333333334",
                    "11.557",
                    "20.51033333333333",
                    "15.172666666666666",
                    "16.001333333333335"
                ]
            ]
        ],
        "queries": [
            "1.0",
            "0.1",
            "1.9",
            "0.5",
            "1.5",
            "1.2",
            "0.8",
            "0.9",
            "0.7",
            "0.85"
        ],
        "observations": [
            24,
            1,
            26,
            11,
            26,
            25,
            13,
            27,
            16,
            15
        ],
        "successes": [
            true,
            true,
            true,
            true,
            true,
            true,
            true,
            true,
            true,
            true
        ],
        "explanations": [],
        "eigs": [],