{
    "config": {
        "seed": 1,
        "include_prior": false,
        "use_ppl": true,
        "llms": {
            "model_name": "gpt-4o",
            "temperature": 0.0,
            "max_tokens": 512
        },
        "exp": {
            "num_experiments": [
                5,
                10
            ],
            "experiment_type": "oed"
        },
        "envs": {
            "num_evals": 10,
            "env_name": "death_process",
            "goal_name": "direct",
            "com_limit": 200,
            "env_params": {
                "N": 50,
                "mu": 1,
                "sigma": 1,
                "lower_bound": 0
            }
        }
    },
    "data": {
        "results": [
            [
                [
                    69.2,
                    127.23741588070706
                ],
                [
                    "(0.6188773501176225,)",
                    "(1.9184149757110365,)",
                    "(1.413710336336259,)",
                    "(1.0369956429099796,)",
                    "(0.994825683811103,)",
                    "(1.5371718774459182,)",
                    "(1.2872466127785083,)",
                    "(1.5208521501109227,)",
                    "(1.5564438254130506,)",
                    "(1.470885176467675,)"
                ],
                [
                    24,
                    38,
                    36,
                    28,
                    30,
                    35,
                    37,
                    35,
                    37,
                    38
                ],
                [
                    "22.643",
                    "59.864",
                    "40.5",
                    "30.704666666666668",
                    "29.652333333333335",
                    "44.59766666666667",
                    "36.81933333333333",
                    "43.970333333333336",
                    "45.21233333333333",
                    "42.31633333333333"
                ]
            ],
            [
                [
                    117.6,
                    226.38957573174608
                ],
                [
                    "(0.6188773501176225,)",
                    "(1.9184149757110365,)",
                    "(1.413710336336259,)",
                    "(1.0369956429099796,)",
                    "(0.994825683811103,)",
                    "(1.5371718774459182,)",
                    "(1.2872466127785083,)",
                    "(1.5208521501109227,)",
                    "(1.5564438254130506,)",
                    "(1.470885176467675,)"
                ],
                [
                    24,
                    38,
                    36,
                    28,
                    30,
                    35,
                    37,
                    35,
                    37,
                    38
                ],
                [
                    "20.451666666666668",
                    "66.18433333333333",
                    "41.75866666666667",
                    "29.606",
                    "28.573",
                    "46.85733333333334",
                    "37.29066666666667",
                    "45.995666666666665",
                    "47.42766666666667",
                    "43.75266666666667"
                ]
            ]
        ],
        "queries": [
            "0.5",
            "1.0",
            "1.5",
            "0.75",
            "1.25",
            "0.25",
            "0.4",
            "0.9",
            "0.95",
            "1.1"
        ],
        "observations": [
            19,
            41,
            38,
            20,
            37,
            10,
            18,
            24,
            29,
            32
        ],
        "successes": [
            true,
            true,
            true,
            true,
            true,
            true,
            true,
            true,
            true,
            true
        ],
        "explanations": [],
        "eigs": [],