{
    "config": {
        "seed": 2,
        "include_prior": false,
        "use_ppl": true,
        "llms": {
            "model_name": "gpt-4o",
            "temperature": 0.0,
            "max_tokens": 512
        },
        "exp": {
            "num_experiments": [
                5,
                10
            ],
            "experiment_type": "oed"
        },
        "envs": {
            "num_evals": 10,
            "env_name": "death_process",
            "goal_name": "direct",
            "com_limit": 200,
            "env_params": {
                "N": 50,
                "mu": 1,
                "sigma": 1,
                "lower_bound": 0
            }
        }
    },
    "data": {
        "results": [
            [
                [
                    54.1,
                    36.06785272233433
                ],
                [
                    "(0.63140400204598,)",
                    "(1.4533266065781445,)",
                    "(1.9741602885336749,)",
                    "(0.47255004556063057,)",
                    "(0.04316461533638849,)",
                    "(0.4407439934036743,)",
                    "(1.6751741725505307,)",
                    "(0.9155208152270041,)",
                    "(0.9159508405887137,)",
                    "(0.9773275092004641,)"
                ],
                [
                    23,
                    37,
                    39,
                    22,
                    3,
                    16,
                    41,
                    27,
                    27,
                    25
                ],
                [
                    "14.825333333333333",
                    "31.197333333333333",
                    "50.06966666666667",
                    "12.843333333333334",
                    "8.875333333333334",
                    "12.561666666666667",
                    "38.08166666666666",
                    "19.208666666666666",
                    "19.123333333333335",
                    "20.203333333333333"
                ]
            ],
            [
                [
                    162.6,
                    355.3638135770158
                ],
                [
                    "(0.63140400204598,)",
                    "(1.4533266065781445,)",
                    "(1.9741602885336749,)",
                    "(0.47255004556063057,)",
                    "(0.04316461533638849,)",
                    "(0.4407439934036743,)",
                    "(1.6751741725505307,)",
                    "(0.9155208152270041,)",
                    "(0.9159508405887137,)",
                    "(0.9773275092004641,)"
                ],
                [
                    23,
                    37,
                    39,
                    22,
                    3,
                    16,
                    41,
                    27,
                    27,
                    25
                ],
                [
                    "14.921",
                    "38.58133333333333",
                    "74.83366666666667",
                    "12.897",
                    "8.338333333333333",
                    "12.397333333333334",
                    "49.769",
                    "20.804666666666666",
                    "20.657333333333334",
                    "21.868"
                ]
            ]
        ],
        "queries": [
            "0.01",
            "1.99",
            "1.00",
            "0.50",
            "1.50",
            "0.25",
            "0.75",
            "1.25",
            "0.375",
            "1.75"
        ],
        "observations": [
            0,
            41,
            30,
            17,
            38,
            7,
            26,
            30,
            13,
            38
        ],
        "successes": [
            true,
            true,
            true,
            true,
            true,
            true,
            true,
            true,
            true,
            true
        ],
        "explanations": [],
        "eigs": [],