{
    "eigs_regret": [
        0.23734403197930595,
        0.12558220377714394,
        0.0665242215684459,
        0.015321371144443346,
        0.004718572489134348,
        0.1724057865872891,
        0.08781185596263888,
        0.20150065411885382,
        0.03429523787578079,
        0.15114955352196557
    ],
    "eigs_max": [
        0.27663523704229076,
        0.26850844960806025,
        0.2765283949282186,
        0.2501645704152455,
        0.25138954957949733,
        0.2649226661659186,
        0.2551348262783959,
        0.2719883831399726,
        0.25680107479492925,
        0.269760490806688
    ],
    "inputs_max": [
        1.9442134486840672,
        1.9976202616645484,
        1.9603597084941298,
        1.8644070115525928,
        1.859802492626765,
        1.9242793775423774,
        1.990224812705163,
        1.9126732528115291,
        1.9802773824958688,
        1.9890925629295617
    ],
    "eigs": [
        0.039291205062984814,
        0.14292624583091632,
        0.21000417335977273,
        0.23484319927080213,
        0.24667097709036298,
        0.09251687957862949,
        0.16732297031575702,
        0.07048772902111877,
        0.22250583691914846,
        0.11861093728472245
    ]
}