{
    "eigs_regret": [
        0.26874025209918034,
        0.003045308204590702,
        0.0011646410178320458,
        0.0030587487194780483,
        0.0006829411280641767,
        0.0020012558315380003,
        0.003400969131454178,
        0.0026928759893184166,
        0.00026231780078496154,
        0.002915490187243818
    ],
    "eigs_max": [
        0.27309791299516384,
        0.13943920962725875,
        0.018615653525961454,
        0.010757450464175464,
        0.0090012929107522,
        0.006324050960945853,
        0.0050508895930537,
        0.0048591206787013405,
        0.004276195764743905,
        0.0035314814801763717
    ],
    "inputs_max": [
        1.9980339952990605,
        1.6005238542102103,
        1.0249487136583877,
        1.2275637199355518,
        1.343214627107264,
        1.7632420615052784,
        1.675109662215272,
        1.6315494310274996,
        1.6987491434958109,
        1.276394735119057
    ],
    "eigs": [
        0.004357660895983516,
        0.13639390142266805,
        0.01745101250812941,
        0.007698701744697415,
        0.008318351782688024,
        0.004322795129407852,
        0.001649920461599522,
        0.002166244689382924,
        0.004013877963958944,
        0.0006159912929325538
    ]
}