{
    "eigs_regret": [
        0.23770512949159425,
        0.01797308322323001,
        0.0039332006325469675,
        0.000608233491954999,
        0.0016981455963009252,
        0.00046349232278611405,
        0.0007564841479663562,
        0.0008577888428788539,
        0.0005782864292192304,
        0.0005629074666273484
    ],
    "eigs_max": [
        0.27550606072710027,
        0.05125162622938332,
        0.025383190759291185,
        0.01133129167834084,
        0.007680902147492862,
        0.005773760735963687,
        0.0047391418098260306,
        0.004113612856381104,
        0.003511029715483415,
        0.002963530446215363
    ],
    "inputs_max": [
        1.9980339952990605,
        1.408466681177701,
        1.7449431945278924,
        1.1058898585993824,
        1.148170436521362,
        1.4008547090264245,
        1.761601883997739,
        1.2497637048398251,
        1.3877059787088846,
        1.4267939394260412
    ],
    "eigs": [
        0.037800931235506006,
        0.03327854300615331,
        0.021449990126744218,
        0.010723058186385841,
        0.005982756551191937,
        0.005310268413177573,
        0.003982657661859674,
        0.00325582401350225,
        0.0029327432862641845,
        0.0024006229795880147
    ]
}