{
    "eigs_regret": [
        0.21864872748277636,
        0.137915628068425,
        0.06006039183523926,
        0.021958639900480192,
        0.08271430589968706,
        0.16918897945344868,
        0.06101010688953318,
        0.07586766251518454,
        0.10669477628639112,
        0.20007890367765258
    ],
    "eigs_max": [
        0.2564199474204059,
        0.2793551574412785,
        0.26851991764032895,
        0.26871383653599923,
        0.2565303510069819,
        0.26752463220621614,
        0.2578221933723405,
        0.2690800355746694,
        0.2661982040852534,
        0.2691874384130607
    ],
    "inputs_max": [
        1.9089373975109594,
        1.9976261095446326,
        1.961801658472395,
        1.993998672992183,
        1.910473896791063,
        1.925851883305026,
        1.9786156193913735,
        1.9234728814031095,
        1.9880181530067293,
        1.9339222072013003
    ],
    "eigs": [
        0.037771219937629566,
        0.14143952937285348,
        0.2084595258050897,
        0.24675519663551904,
        0.17381604510729484,
        0.09833565275276744,
        0.19681208648280735,
        0.19321237305948488,
        0.15950342779886229,
        0.06910853473540811
    ]
}