{
    "eigs_regret": [
        0.05943002010092199,
        0.010026958208551368,
        4.064594746264194e-05,
        0.006042455139864936,
        8.59013034546956e-05,
        0.002042948184857201,
        0.0006463778361573145,
        0.003673734901067049,
        0.0007254677477435065,
        0.0005961786315886639
    ],
    "eigs_max": [
        0.2685637514824739,
        0.021699365524330837,
        0.0147660448246138,
        0.008636966559462493,
        0.007467404203266213,
        0.005928873218896487,
        0.004712874799787923,
        0.004161544932628621,
        0.003921455116106633,
        0.0032298986128206694
    ],
    "inputs_max": [
        1.9980339952990605,
        1.7359942346783754,
        1.9133077274094124,
        1.3634624160661908,
        1.6587749861789838,
        1.424854125983662,
        1.6589110372518205,
        1.5182887102366627,
        1.9024220782012866,
        1.5952237006760588
    ],
    "eigs": [
        0.20913373138155192,
        0.01167240731577947,
        0.014725398877151158,
        0.0025945114195975567,
        0.007381502899811518,
        0.0038859250340392863,
        0.004066496963630609,
        0.00048781003156157153,
        0.0031959873683631264,
        0.0026337199812320054
    ]
}