{
    "eigs_regret": [
        0.12155296565006493,
        0.021856050095542354,
        0.0024256352584866754,
        -7.274043079445736e-05,
        -0.00034729107609323545,
        0.00021593272381347384,
        0.00029189978451422266,
        0.00046587830259084894,
        0.0007949894419948811,
        0.0005013862486410352
    ],
    "eigs_max": [
        0.2594284756130653,
        0.05377391116940384,
        0.018749729103523956,
        0.011341193862506042,
        0.006750363120651683,
        0.005280991416128018,
        0.004436193143673594,
        0.0039031300910548857,
        0.0031886390539914997,
        0.0028909202182899277
    ],
    "inputs_max": [
        1.885062198562094,
        1.9853215945836038,
        1.7408838666121909,
        1.8632154668083665,
        1.6761731139628218,
        1.7479925451226175,
        1.9786156193913735,
        1.9445797239186946,
        1.9880181530067293,
        1.9339222072013003
    ],
    "eigs": [
        0.13787550996300038,
        0.031917861073861485,
        0.01632409384503728,
        0.011413934293300499,
        0.007097654196744918,
        0.005065058692314544,
        0.004144293359159371,
        0.003437251788464037,
        0.0023936496119966186,
        0.0023895339696488925
    ]
}