{
    "eigs_regret": [
        0.12241062914827461,
        0.006162821751316133,
        0.0027980794007647376,
        0.007595445994888601,
        0.003330766050512121,
        0.0017858212187210646,
        0.0038568921462909475,
        0.003509544075011465,
        0.0016786251185171427,
        0.0006163138197144099
    ],
    "eigs_max": [
        0.262390902524889,
        0.03174589844227475,
        0.016861449061979186,
        0.009462166839822253,
        0.008611574037997567,
        0.007186807317985275,
        0.005550377091487708,
        0.005392081554674102,
        0.004816751473987139,
        0.003898864827737923
    ],
    "inputs_max": [
        1.9675852207084008,
        1.7143779459792912,
        1.9428249255648453,
        1.852924787022995,
        1.7587549183631035,
        1.5119423990221237,
        1.4248764483258423,
        1.7356976294068949,
        1.265415414248555,
        1.9713176691944285
    ],
    "eigs": [
        0.1399802733766144,
        0.02558307669095862,
        0.014063369661214449,
        0.0018667208449336518,
        0.005280807987485446,
        0.0054009860992642105,
        0.0016934849451967601,
        0.0018825374796626365,
        0.003138126355469996,
        0.003282551008023513
    ]
}