{
    "eigs_regret": [
        0.2307380650904998,
        0.003034916828899975,
        0.0026219048155731884,
        0.00437485691218889,
        0.0015799106921388258,
        0.0016546844316176297,
        0.0017302447776244264,
        0.00045103182368692613,
        0.0015540714233752565,
        0.0011027114024493734
    ],
    "eigs_max": [
        0.269724554028312,
        0.032072921313744986,
        0.01753689503186781,
        0.010282968868314398,
        0.008329224758085679,
        0.005796286398382549,
        0.004961025198254834,
        0.004476658117763033,
        0.0036614506180356306,
        0.003137433551033161
    ],
    "inputs_max": [
        1.960763687146987,
        1.2419785175050904,
        1.329895773604199,
        1.641597041350729,
        1.6224650663236475,
        1.7813338245144925,
        1.824193093005289,
        1.8286287779776182,
        1.6131577133456028,
        1.8291998802514238
    ],
    "eigs": [
        0.03898648893781224,
        0.02903800448484501,
        0.014914990216294622,
        0.0059081119561255075,
        0.006749314065946853,
        0.004141601966764919,
        0.003230780420630408,
        0.004025626294076107,
        0.002107379194660374,
        0.0020347221485837877
    ]
}