{
    "eigs_regret": [
        0.27566281693733263,
        0.2734987961238039,
        0.11286730641314072,
        0.04775695418795303,
        0.024504925840811348,
        0.01173861858824581,
        0.008141434589113036,
        0.004303800483065685,
        0.0035009219984792027,
        0.002600154585793808
    ],
    "eigs_max": [
        0.2796540344092974,
        0.31366633900141777,
        0.13691471296564986,
        0.0608799120599478,
        0.04337900825580271,
        0.024028073188928353,
        0.017892223401084564,
        0.011304646865419652,
        0.008280133396267363,
        0.006712123250485307
    ],
    "inputs_max": [
        1.9089373975109594,
        1.9976261095446326,
        1.9053716996013237,
        1.9457050464075618,
        1.910473896791063,
        1.9231057822827535,
        1.9020256065120755,
        1.938904277977122,
        1.9658610032512913,
        1.8523225081386572
    ],
    "eigs": [
        0.003991217471964778,
        0.04016754287761384,
        0.02404740655250914,
        0.013122957871994769,
        0.01887408241499136,
        0.012289454600682542,
        0.009750788811971528,
        0.007000846382353968,
        0.00477921139778816,
        0.0041119686646914995
    ]
}