{
    "eigs_regret": [
        0.24549912567887355,
        0.05643296530723138,
        0.013973729957361826,
        0.007356491125933326,
        0.0012357558587818701,
        0.0010436746662757556,
        0.000846086488583574,
        0.0008149327203530437,
        0.000721546574342328,
        0.0005988962803354678
    ],
    "eigs_max": [
        0.282570674287771,
        0.0800423517261701,
        0.026810072781854197,
        0.01897395812155565,
        0.014351227444390158,
        0.008823857713388108,
        0.006545344341441963,
        0.005447482793720539,
        0.00436870263221781,
        0.0037760206140090677
    ],
    "inputs_max": [
        1.9378796056223144,
        1.7143779459792912,
        1.154561029954716,
        1.288443920717132,
        1.0644289877744395,
        1.3505184744646166,
        1.7161706376244175,
        1.7688935391689224,
        1.5360640492735231,
        1.8492272111001828
    ],
    "eigs": [
        0.037071548608897456,
        0.023609386418938717,
        0.01283634282449237,
        0.011617466995622324,
        0.013115471585608288,
        0.007780183047112353,
        0.005699257852858389,
        0.004632550073367495,
        0.0036471560578754817,
        0.0031771243336736
    ]
}