{
    "eigs_regret": [
        0.1332160205602062,
        0.0009690744049372941,
        0.0009900173629110894,
        0.0021458536916019065,
        0.000703827064513361,
        7.689955591689938e-06,
        0.003608979507082828,
        0.002475661482967746,
        0.0006794513815597271,
        0.0019039490233500344
    ],
    "eigs_max": [
        0.2787112409645752,
        0.012706454197111248,
        0.005262418627478926,
        0.003887958938089366,
        0.0044515063040830374,
        0.004663943794307359,
        0.004372801512347579,
        0.0038041804885279172,
        0.0034916697584190274,
        0.002836711373091431
    ],
    "inputs_max": [
        1.847583757434327,
        0.9759635546563297,
        0.9372485647737183,
        0.7748414378667776,
        0.994813591010127,
        0.8853779429982418,
        1.0072874857173175,
        0.9564467179017941,
        1.2071350097451012,
        0.7813945596183773
    ],
    "eigs": [
        0.14549522040436902,
        0.011737379792173954,
        0.004272401264567837,
        0.0017421052464874594,
        0.0037476792395696765,
        0.004656253838715669,
        0.000763822005264751,
        0.0013285190055601708,
        0.0028122183768593003,
        0.0009327623497413966
    ]
}