{
    "eigs_regret": [
        0.20753375480456882,
        0.0021882072032855526,
        0.002213214251513865,
        0.0015473991243017942,
        0.001362805395933418,
        0.0003395956860703219,
        0.0001607483733158067,
        -0.00011085669683716772,
        0.0004506605087544811,
        0.0004339273597623334
    ],
    "eigs_max": [
        0.2464823155383932,
        0.04846786200290919,
        0.016121185151185963,
        0.010274288898624744,
        0.0070517297527962885,
        0.005561026935094099,
        0.0042345370688945125,
        0.0035772282649400786,
        0.0032957372673540187,
        0.002814429398050305
    ],
    "inputs_max": [
        1.9305115874537597,
        1.471636664241986,
        1.0249487136583877,
        1.039049388984461,
        0.9240571219934262,
        1.4279228938137543,
        1.0921119567493658,
        1.5509458234226576,
        1.3494315898788483,
        1.7036232651098682
    ],
    "eigs": [
        0.038948560733824376,
        0.046279654799623635,
        0.013907970899672098,
        0.00872688977432295,
        0.005688924356862871,
        0.005221431249023777,
        0.004073788695578706,
        0.0036880849617772463,
        0.0028450767585995376,
        0.002380502038287972
    ]
}