{
    "eigs_regret": [
        0.055391375574703694,
        0.012118984563619591,
        0.0010861794120831988,
        0.0057834778346228495,
        0.006738728064111593,
        0.0018891991073380406,
        0.0005271835277321536,
        0.0013451426797369348,
        0.0024244419041867136,
        0.002184516562795813
    ],
    "eigs_max": [
        0.2632883374924482,
        0.023918611939873248,
        0.01313176736406792,
        0.00792779203483071,
        0.007457312606523537,
        0.006743229020205157,
        0.00618718990378621,
        0.004876225789902886,
        0.004046012114671539,
        0.0038171972821614054
    ],
    "inputs_max": [
        1.9378796056223144,
        1.8264245940939665,
        1.8573119433054952,
        1.5587029375006238,
        1.3660435393103851,
        1.278348275572091,
        1.7161706376244175,
        1.8109783108635362,
        1.8885187011182372,
        1.8492272111001828
    ],
    "eigs": [
        0.20789696191774448,
        0.011799627376253657,
        0.012045587951984722,
        0.002144314200207861,
        0.0007185845424119441,
        0.004854029912867116,
        0.005660006376054056,
        0.003531083110165951,
        0.0016215702104848252,
        0.0016326807193655923
    ]
}