{
    "eigs_regret": [
        0.25858961716837897,
        0.06647638237597207,
        0.036341126321904664,
        0.003991938767429981,
        0.002041528862322917,
        0.001914043082833712,
        0.0013763665753591938,
        -6.643581764823308e-05,
        0.00022207293730485723,
        0.0006969422503149466
    ],
    "eigs_max": [
        0.26222493037247324,
        0.08022816495307826,
        0.08761555775142038,
        0.02504985741205203,
        0.012391919282248821,
        0.009325173153210799,
        0.006875050579084298,
        0.005093482265007871,
        0.004568672658604451,
        0.0037921012611379476
    ],
    "inputs_max": [
        1.960763687146987,
        1.4340077031761886,
        1.5710492178776385,
        1.570423734273239,
        1.5474051277963743,
        1.7441875949249137,
        1.9744152554973917,
        1.9543607583454565,
        1.5702516735604224,
        1.850227142829808
    ],
    "eigs": [
        0.0036353132040942626,
        0.013751782577106183,
        0.05127443142951572,
        0.02105791864462205,
        0.010350390419925904,
        0.007411130070377087,
        0.005498684003725104,
        0.0051599180826561045,
        0.0043465997212995934,
        0.003095159010823001
    ]
}