{
    "eigs_regret": [
        0.24283431037893471,
        0.02513200530266338,
        0.010710918223809113,
        0.005078374256821158,
        -0.0008920225496524877,
        0.0008117740862641229,
        0.00136688879805817,
        0.0010742707731139865,
        0.0011650507833868232,
        0.0005436764096768279
    ],
    "eigs_max": [
        0.2802036291334208,
        0.1969960623851948,
        0.02154182652488185,
        0.014271947652421221,
        0.008161317951427194,
        0.006225874110565122,
        0.005325816351586303,
        0.004383387766084793,
        0.0037540661652307786,
        0.00324304268358612
    ],
    "inputs_max": [
        1.9495685058805998,
        1.9976261095446326,
        1.9426651110282875,
        1.9847909117001739,
        1.7388395890193737,
        1.974582799834072,
        1.86749193971415,
        1.9234728814031095,
        1.9186001211611934,
        1.9846794995554402
    ],
    "eigs": [
        0.03736931875448606,
        0.1718640570825314,
        0.010830908301072736,
        0.009193573395600063,
        0.009053340501079681,
        0.005414100024300999,
        0.003958927553528133,
        0.0033091169929708062,
        0.0025890153818439554,
        0.002699366273909292
    ]
}