{
    "eigs_regret": [
        0.2315645604238751,
        0.016230118320124207,
        0.0030240250818679114,
        0.0015401571526567712,
        0.0008346094827846968,
        0.0008321630852599522,
        0.0007070843314345519,
        0.0011278285254031103,
        0.0007588874761263959,
        0.0008041842574597977
    ],
    "eigs_max": [
        0.2711668279178244,
        0.050483640383867455,
        0.02599796181386486,
        0.011902883839783615,
        0.008100065423744012,
        0.005541783806936513,
        0.004700232007161481,
        0.004060150998048237,
        0.0035563211729278204,
        0.003071531155800322
    ],
    "inputs_max": [
        1.9980339952990605,
        1.408466681177701,
        1.707375066268838,
        1.8716791237843402,
        1.1097161936901139,
        1.6018730953316922,
        1.4092576303636528,
        1.3127128684001705,
        1.68101567495388,
        1.452560728837981
    ],
    "eigs": [
        0.039602267493949316,
        0.03425352206374325,
        0.02297393673199695,
        0.010362726687126844,
        0.007265455940959315,
        0.004709620721676561,
        0.003993147675726929,
        0.002932322472645127,
        0.0027974336968014245,
        0.0022673468983405243
    ]
}