{
    "eigs_regret": [
        0.058176591774896536,
        0.010751299700208784,
        0.004282991774527329,
        0.003330804917309781,
        0.0023067204064828985,
        0.001956534568485155,
        5.674132409493743e-06,
        0.0027064136491546085,
        0.0005975584681608566,
        0.0008976667126249461
    ],
    "eigs_max": [
        0.2611199005391478,
        0.02355036292082134,
        0.014011559563947886,
        0.009606966482467155,
        0.00659563968634259,
        0.006157674525031012,
        0.004971893454722485,
        0.0041458367978789564,
        0.0037578013681330716,
        0.003431404157508453
    ],
    "inputs_max": [
        1.8844211071252372,
        1.4817928140490881,
        1.624698685115471,
        1.3296940927710257,
        1.4715194917505363,
        1.2790426057099742,
        1.8526533430613263,
        1.3714283879721276,
        1.5774551096230225,
        1.4469251073920324
    ],
    "eigs": [
        0.20294330876425126,
        0.012799063220612557,
        0.009728567789420557,
        0.006276161565157374,
        0.004288919279859691,
        0.004201139956545857,
        0.004966219322312991,
        0.001439423148724348,
        0.003160242899972215,
        0.002533737444883507
    ]
}