{
    "eigs_regret": [
        0.23002472101842042,
        0.03233214628847971,
        0.0022388126223413206,
        0.0006438373511838975,
        0.0019099088132289938,
        0.0012704456340080876,
        0.0006786117939285392,
        0.0007553450632180273,
        0.00038848967214134833,
        0.0007455647441626085
    ],
    "eigs_max": [
        0.26772385029134604,
        0.07755370187848529,
        0.02051069634798911,
        0.012055257434576973,
        0.00831725411983307,
        0.006063314226587878,
        0.004816644968223315,
        0.0038531335941890178,
        0.0034094038359641448,
        0.003145344705195364
    ],
    "inputs_max": [
        1.983885758804516,
        1.4375441989274416,
        1.24797703251676,
        1.5042767880989072,
        1.626599735593649,
        1.7668623750445862,
        1.7465846662413778,
        1.4420446763827228,
        1.7784431173735022,
        1.623208030672967
    ],
    "eigs": [
        0.03769912927292562,
        0.045221555590005576,
        0.01827188372564779,
        0.011411420083393076,
        0.006407345306604076,
        0.00479286859257979,
        0.004138033174294776,
        0.0030977885309709905,
        0.0030209141638227965,
        0.0023997799610327554
    ]
}