{
    "eigs_regret": [
        0.11408746060931582,
        0.005165532368865085,
        0.009949159434654964,
        0.00873489942260886,
        0.005996864191964179,
        0.005162756960233758,
        0.0026999809392987805,
        0.0018312598826530435,
        0.0007899943441587497,
        0.0009118009598292867
    ],
    "eigs_max": [
        0.25255439048312084,
        0.020465461829933498,
        0.01547603476800399,
        0.012462384281087431,
        0.01171902303743303,
        0.0084654876671938,
        0.007456190049028142,
        0.006080678419242229,
        0.005099573517105228,
        0.004200381836627996
    ],
    "inputs_max": [
        1.960763687146987,
        1.4235539201992102,
        1.5532557238598623,
        1.659479290311071,
        1.8142759796969519,
        1.825226044243664,
        1.229707188749294,
        1.4719893812140619,
        1.401055794332562,
        1.7805315879099028
    ],
    "eigs": [
        0.13846692987380502,
        0.015299929461068413,
        0.005526875333349027,
        0.0037274848584785704,
        0.00572215884546885,
        0.0033027307069600415,
        0.004756209109729362,
        0.004249418536589186,
        0.004309579172946478,
        0.003288580876798709
    ]
}