{
    "eigs_regret": [
        0.13124055483553632,
        0.00010575783363339294,
        0.0011474766248058743,
        0.0012056052970384366,
        0.0010661397851850067,
        0.00122756377758631,
        0.0013480308212407222,
        0.0012968781411838391,
        0.001209346455875498,
        0.0009371131340238717
    ],
    "eigs_max": [
        0.27478230534094816,
        0.012094510409305943,
        0.005118671854033924,
        0.003744555702964483,
        0.0024409065721562708,
        0.0037397626073375372,
        0.003401775753683051,
        0.003016089381845607,
        0.0026485811201151037,
        0.002410179222637899
    ],
    "inputs_max": [
        1.9987548818308039,
        0.8524956824397367,
        0.8907064343498996,
        1.0976150445620174,
        0.8716279482882532,
        0.8207328358295556,
        0.9951138706573628,
        0.8894086676874815,
        1.062381685585643,
        0.959270564018587
    ],
    "eigs": [
        0.14354175050541185,
        0.01198875257567255,
        0.00397119522922805,
        0.0025389504059260466,
        0.0013747667869712641,
        0.002512198829751227,
        0.002053744932442329,
        0.0017192112406617676,
        0.0014392346642396058,
        0.0014730660886140274
    ]
}