{
    "eigs_regret": [
        0.2588445488688222,
        0.005307572829876456,
        0.005940660895429772,
        0.008948566868634131,
        0.003924137430874,
        0.0025503055398378074,
        0.00023882465348175688,
        0.001110462995649159,
        0.0010087837119028076,
        0.0009605934374804855
    ],
    "eigs_max": [
        0.2629294957199854,
        0.14302762061342406,
        0.018732605646979813,
        0.013588033491996547,
        0.010931435387000905,
        0.008212147881817126,
        0.0057529134158324025,
        0.004783787299252766,
        0.004318755750394961,
        0.0036235571810821336
    ],
    "inputs_max": [
        1.8844211071252372,
        1.8064019064127548,
        1.0249487136583877,
        1.5994063841268913,
        1.5635903315340323,
        1.6553683266588322,
        1.4638691314500925,
        1.8067096153217614,
        1.9024220782012866,
        1.865771831323016
    ],
    "eigs": [
        0.004084946851163209,
        0.1377200477835476,
        0.01279194475155004,
        0.004639466623362415,
        0.007007297956126905,
        0.005661842341979318,
        0.005514088762350646,
        0.003673324303603607,
        0.0033099720384921535,
        0.002662963743601648
    ]
}