{
    "eigs_regret": [
        0.22816218409984867,
        0.006299338000965042,
        0.0006871681791245556,
        0.0008594484367454224,
        0.0010243714437781356,
        0.0010616690113587541,
        0.0013018851610033869,
        0.0008436098562932719,
        0.0009174009247332668,
        0.0006371154988242575
    ],
    "eigs_max": [
        0.26590266369909965,
        0.030779528234424987,
        0.008965554477031859,
        0.005243918664615421,
        0.002620236367154308,
        0.0040497717010850864,
        0.00351316389413381,
        0.002869027236559939,
        0.002713163138218254,
        0.0021790138490845193
    ],
    "inputs_max": [
        1.939884160579867,
        1.1990239406521037,
        0.8444480674641548,
        1.171650101813726,
        0.725233466750973,
        0.8207328358295556,
        0.7995098233146083,
        0.9203905811191397,
        0.839521785071915,
        1.1100037067453983
    ],
    "eigs": [
        0.03774047959925099,
        0.024480190233459945,
        0.008278386297907303,
        0.004384470227869999,
        0.0015958649233761724,
        0.0029881026897263323,
        0.0022112787331304232,
        0.002025417380266667,
        0.001795762213484987,
        0.0015418983502602619
    ]
}