{
    "eigs_regret": [
        0.1289282329975291,
        0.04640216826342037,
        0.028314915011366508,
        0.01172232639436341,
        0.007436309020976134,
        0.009578961978208768,
        0.007309503087247263,
        0.005414238014102984,
        0.0024059771299717427,
        0.002842795178348592
    ],
    "eigs_max": [
        0.26812746661739667,
        0.05698190788019453,
        0.034918134520012654,
        0.02338036385915544,
        0.014372888425217122,
        0.012117271708121486,
        0.01043530521945382,
        0.009888838991097397,
        0.007198322453757706,
        0.006205871716410945
    ],
    "inputs_max": [
        1.7414646123547528,
        1.9853215945836038,
        1.961801658472395,
        1.993998672992183,
        1.907015725845434,
        1.7188381811459124,
        1.7840059162533457,
        1.938904277977122,
        1.9214574732478915,
        1.8746629376982582
    ],
    "eigs": [
        0.13919923361986758,
        0.010579739616774156,
        0.006603219508646145,
        0.011658037464792029,
        0.006936579404240988,
        0.0025383097299127187,
        0.003125802132206557,
        0.004474600976994414,
        0.004792345323785963,
        0.0033630765380623534
    ]
}