{
    "eigs_regret": [
        0.05595550460485815,
        0.0025997427110153667,
        0.0014711963033431476,
        0.0019060226480191427,
        0.0009011301724639806,
        0.0002976204736626631,
        0.0004044671774311795,
        0.000655906260244241,
        0.0004935011862034883,
        0.00022317847395946899
    ],
    "eigs_max": [
        0.26264532895654547,
        0.010676223420767588,
        0.004946108740382449,
        0.003801232170178992,
        0.004230935283490696,
        0.004682936212302211,
        0.0037730112889971055,
        0.003459703673291522,
        0.0026522382716138147,
        0.002727657207491603
    ],
    "inputs_max": [
        1.9526954209107512,
        0.9513353112967398,
        0.9740154718189669,
        1.271792884584531,
        1.1393176156748137,
        0.9047330496425101,
        0.7628231120146733,
        0.6551027689763533,
        1.3456295673858958,
        1.1453572282221696
    ],
    "eigs": [
        0.2066898243516873,
        0.008076480709752221,
        0.0034749124370393016,
        0.0018952095221598491,
        0.0033298051110267155,
        0.004385315738639548,
        0.003368544111565926,
        0.002803797413047281,
        0.0021587370854103264,
        0.002504478733532134
    ]
}