{
    "eigs_regret": [
        0.1262892789439094,
        0.02277817708277016,
        0.02339451038274915,
        0.02421534505060888,
        0.024401190248930987,
        0.024680238353255873,
        0.008530699229894717,
        0.0061779469278257435,
        0.006679631513671242,
        0.0058600186172749055
    ],
    "eigs_max": [
        0.2658561444619675,
        0.023676434303311206,
        0.02428519010983822,
        0.024483508908161714,
        0.025068876840774825,
        0.024685572202041282,
        0.022976466537741408,
        0.015514437665886754,
        0.010144198814199616,
        0.008710220634067125
    ],
    "inputs_max": [
        1.9980339952990605,
        1.091372306701302,
        1.7231719867005668,
        1.3391705236306415,
        1.436342920530604,
        1.2790426057099742,
        1.3300971301314586,
        1.7446326585924687,
        1.691425942505251,
        1.452560728837981
    ],
    "eigs": [
        0.13956686551805808,
        0.000898257220541047,
        0.000890679727089071,
        0.0002681638575528333,
        0.0006676865918438383,
        5.333848785410686e-06,
        0.01444576730784669,
        0.009336490738061011,
        0.003464567300528374,
        0.002850202016792219
    ]
}