{
    "eigs_regret": [
        0.20776098450804037,
        0.005228031511420234,
        0.0063832141181866565,
        0.0077208477985357,
        0.0008401876872080362,
        0.003249829458731081,
        0.001887757437168007,
        0.001652047426915926,
        0.0013865992773970858,
        0.0008125112380506011
    ],
    "eigs_max": [
        0.24339226800079378,
        0.20661018685929508,
        0.017924026989090847,
        0.012291339684294795,
        0.009408381511608156,
        0.00683247744175678,
        0.0061347918021994585,
        0.005133551102142925,
        0.004134227520979327,
        0.0037536696853745586
    ],
    "inputs_max": [
        1.8791773208996934,
        1.9976261095446326,
        1.961801658472395,
        1.9790625150241437,
        1.9224678398607655,
        1.8021565042795014,
        1.8755543047155918,
        1.9234728814031095,
        1.9658610032512913,
        1.7070948015885608
    ],
    "eigs": [
        0.0356312834927534,
        0.20138215534787485,
        0.01154081287090419,
        0.004570491885759095,
        0.00856819382440012,
        0.0035826479830256986,
        0.0042470343650314515,
        0.0034815036752269993,
        0.0027476282435822414,
        0.0029411584473239575
    ]
}