{
    "eigs_regret": [
        0.06522564610034559,
        0.011647792594887572,
        0.0004359862501944912,
        0.005980477520125737,
        0.001350425197130016,
        0.004915073356029108,
        0.001805957504094869,
        0.0004882760840767232,
        0.003561448022015125,
        7.802442353908824e-05
    ],
    "eigs_max": [
        0.2735492359116955,
        0.02445254498361351,
        0.0147718530400991,
        0.00870210194940677,
        0.007847430802649727,
        0.005821026874727627,
        0.005273368241124644,
        0.004869890787544181,
        0.0038995005528697276,
        0.003957407528706632
    ],
    "inputs_max": [
        1.8879757035470373,
        1.9750465152240182,
        1.9048415318827443,
        1.4394969731888458,
        1.2995310976889463,
        1.6848029229997288,
        1.6589110372518205,
        1.7892844839161905,
        1.708640987165839,
        1.2794008654180982
    ],
    "eigs": [
        0.2083235898113499,
        0.012804752388725938,
        0.01433586678990461,
        0.002721624429281033,
        0.006497005605519711,
        0.0009059535186985193,
        0.003467410737029775,
        0.004381614703467458,
        0.0003380525308546027,
        0.0038793831051675436
    ]
}