{
    "eigs_regret": [
        0.1295387166830663,
        0.01814222879928004,
        0.009279961377885596,
        0.0020550894914576033,
        0.0005999397320063599,
        0.0003264072620543061,
        0.0006145132313483855,
        0.0004054341734664284,
        0.0003399804309476913,
        -0.00021933100636997585
    ],
    "eigs_max": [
        0.26961428519741504,
        0.05414607437450832,
        0.01915110568157822,
        0.0128723647431659,
        0.007906125083474498,
        0.0058245673988491465,
        0.004427733283723797,
        0.004165680978081978,
        0.0034466421384823595,
        0.0028579157691607346
    ],
    "inputs_max": [
        1.9495685058805998,
        1.9976261095446326,
        1.7408838666121909,
        1.9457050464075618,
        1.907015725845434,
        1.974582799834072,
        1.8114931187838337,
        1.8341307919573069,
        1.7790902001148068,
        1.8936753180934671
    ],
    "eigs": [
        0.14007556851434874,
        0.03600384557522828,
        0.009871144303692623,
        0.010817275251708296,
        0.007306185351468138,
        0.00549816013679484,
        0.0038132200523754113,
        0.0037602468046155496,
        0.003106661707534668,
        0.0030772467755307105
    ]
}