{
    "eigs_regret": [
        0.12438473884037182,
        0.00965623635387472,
        0.002896460493694847,
        0.00200079330104724,
        0.0025167571273881197,
        0.0016544023582804922,
        0.0020540527467047954,
        0.0017785593686692296,
        0.0010341418675545969,
        0.0014946766079415152
    ],
    "eigs_max": [
        0.2626230122528383,
        0.03282243815741672,
        0.013221894690082723,
        0.009726479510261708,
        0.0075281088791634,
        0.00599451902490733,
        0.0053653965009310125,
        0.0047149414683124,
        0.003977590458511807,
        0.0036453765369837575
    ],
    "inputs_max": [
        1.9757900416136083,
        1.8331676553142153,
        1.3610160792219386,
        1.5461796786271695,
        1.6271924577550974,
        1.3262785176671223,
        1.4595639577685429,
        1.775004488742911,
        1.558208097996243,
        1.623208030672967
    ],
    "eigs": [
        0.13823827341246647,
        0.023166201803542,
        0.010325434196387876,
        0.007725686209214468,
        0.00501135175177528,
        0.004340116666626838,
        0.003311343754226217,
        0.002936382099643171,
        0.0029434485909572102,
        0.0021506999290422423
    ]
}