{
    "eigs_regret": [
        0.23201365021907583,
        0.008967880547406739,
        0.003444760768592965,
        0.0007630659766006687,
        0.000502654516582773,
        0.0003061060780472583,
        0.0006137461376594247,
        0.00026574646077557164,
        0.0004618693593298356,
        0.0006749959551723295
    ],
    "eigs_max": [
        0.2702075265018985,
        0.02930512858685301,
        0.024564355433115047,
        0.013079353345768633,
        0.008135112972226017,
        0.005940096658137404,
        0.004957805931147821,
        0.003846650207583587,
        0.003351264822232972,
        0.0030647493846367676
    ],
    "inputs_max": [
        1.960763687146987,
        1.2957864486647468,
        1.640883309163909,
        1.8524104844575775,
        1.525735720600847,
        1.6273653697192998,
        1.8509520206155938,
        1.6208777432549415,
        1.794036828696359,
        1.9590894283423859
    ],
    "eigs": [
        0.03819387628282267,
        0.02033724803944627,
        0.02111959466452208,
        0.012316287369167964,
        0.007632458455643244,
        0.005633990580090145,
        0.0043440597934883965,
        0.0035809037468080155,
        0.0028893954629031363,
        0.002389753429464438
    ]
}