{
    "eigs_regret": [
        0.1315090148476654,
        0.0011120862580237274,
        0.0015287714624232537,
        0.0018649528606300505,
        0.0011844739635485902,
        0.001812325026053141,
        0.0018013472497907012,
        0.001641600109218004,
        0.0015544568468503497,
        0.0011334639660114413
    ],
    "eigs_max": [
        0.27466685926161655,
        0.012621639333591589,
        0.0051878407158337456,
        0.0037944081696313645,
        0.0023445920443457553,
        0.0038346242150317346,
        0.00351033983674352,
        0.0035364242199516314,
        0.0029553670927166256,
        0.0025254526296176055
    ],
    "inputs_max": [
        1.9987548818308039,
        1.0989906923607164,
        1.0016246466890362,
        0.9385836646380892,
        0.5727622669401646,
        0.6670790249818097,
        0.6232991508320418,
        0.9461385185948503,
        0.6913626881801032,
        0.8887824875934605
    ],
    "eigs": [
        0.14315784441395116,
        0.011509553075567861,
        0.003659069253410492,
        0.001929455309001314,
        0.001160118080797165,
        0.0020222991889785936,
        0.0017089925869528187,
        0.0018948241107336274,
        0.001400910245866276,
        0.0013919886636061642
    ]
}