{
    "eigs_regret": [
        0.22689109699463916,
        0.12056324194679555,
        0.006071126310087327,
        0.005340964117611797,
        0.00626377612898298,
        0.006749445720734276,
        0.006038939931624836,
        0.001835948041118294,
        0.003071176026987123,
        0.003674353893651177
    ],
    "eigs_max": [
        0.2634777793894392,
        0.20112441887105845,
        0.04024946472125459,
        0.014666350725566242,
        0.010887142326987261,
        0.008301427285040314,
        0.008319420850878747,
        0.007065017005645217,
        0.005567475642048502,
        0.005079978813550322
    ],
    "inputs_max": [
        1.885062198562094,
        1.9853215945836038,
        1.9053716996013237,
        1.7251675536848392,
        1.9224678398607655,
        1.974582799834072,
        1.9736459757623246,
        1.9445797239186946,
        1.8623324377485944,
        1.5801883667128676
    ],
    "eigs": [
        0.03658668239480008,
        0.0805611769242629,
        0.03417833841116726,
        0.009325386607954445,
        0.004623366198004281,
        0.0015519815643060385,
        0.0022804809192539105,
        0.005229068964526923,
        0.0024962996150613786,
        0.0014056249198991454
    ]
}