{
    "eigs_regret": [
        0.06032454424146491,
        0.011563594974856211,
        0.0017907260477764402,
        0.0075532821765126774,
        0.0007467055475094686,
        0.0001550365042748943,
        0.003560746646958936,
        0.002415689320614128,
        0.002422051474363484,
        0.002888715570369658
    ],
    "eigs_max": [
        0.2762108104031254,
        0.022846905247857235,
        0.013429784884224385,
        0.008822776909460714,
        0.008133973958176818,
        0.006157619976681078,
        0.005073755622286594,
        0.004623837836470077,
        0.0041310464796827035,
        0.0040174363778959195
    ],
    "inputs_max": [
        1.9675852207084008,
        1.9417849370897922,
        1.7039384605319716,
        1.7025466713195165,
        1.932565066734571,
        1.5783198216978465,
        1.756111273176668,
        1.46101148735189,
        1.2602275658258124,
        1.3758942695270246
    ],
    "eigs": [
        0.21588626616166048,
        0.011283310273001024,
        0.011639058836447945,
        0.0012694947329480373,
        0.00738726841066735,
        0.006002583472406183,
        0.001513008975327658,
        0.0022081485158559487,
        0.0017089950053192195,
        0.0011287208075262615
    ]
}