{
    "eigs_regret": [
        0.05597489412250645,
        0.020675303670000027,
        0.002701220483009501,
        0.008200177951305846,
        0.000570973648154496,
        0.006669798323338302,
        0.00041355323216885065,
        0.004893058171885015,
        0.0004305412910118357,
        0.0003797897163942193
    ],
    "eigs_max": [
        0.2582093920841712,
        0.030970138604491354,
        0.01893654962433359,
        0.010321657983283782,
        0.009648218744429914,
        0.0071449363782943075,
        0.00686889062066887,
        0.0051698125018828645,
        0.0051910516521412485,
        0.0038862593635640144
    ],
    "inputs_max": [
        1.9495685058805998,
        1.9976261095446326,
        1.961801658472395,
        1.9624167502382415,
        1.907015725845434,
        1.8771424356079072,
        1.9020256065120755,
        1.730543417146826,
        1.6504651660063008,
        1.9339222072013003
    ],
    "eigs": [
        0.20223449796166476,
        0.010294834934491327,
        0.016235329141324088,
        0.0021214800319779357,
        0.009077245096275418,
        0.0004751380549560058,
        0.00645533738850002,
        0.00027675432999784945,
        0.004760510361129413,
        0.003506469647169795
    ]
}