{
    "eigs_regret": [
        0.12780517196284627,
        0.01125638017602937,
        0.007230413432953057,
        0.004863922797621044,
        0.004455820361642542,
        0.0017728998956794938,
        0.00041287463799631434,
        0.0006434100682691166,
        7.89743696189033e-05,
        0.00035141259042438793
    ],
    "eigs_max": [
        0.2680825517685818,
        0.011889330198972347,
        0.012867622820612101,
        0.008487956026628588,
        0.008683046464932802,
        0.003717881586276995,
        0.0026310833607728085,
        0.002347933211407545,
        0.0017624633103364867,
        0.001395660479750139
    ],
    "inputs_max": [
        1.9987548818308039,
        0.8289356685841407,
        1.143426216323001,
        0.9888934668748923,
        1.1234303912483155,
        0.7703203573715887,
        1.164591965839413,
        0.8038444614852203,
        0.9836330315391113,
        1.0671368298832087
    ],
    "eigs": [
        0.14027737980573554,
        0.0006329500229429774,
        0.005637209387659044,
        0.0036240332290075434,
        0.00422722610329026,
        0.0019449816905975012,
        0.002218208722776494,
        0.0017045231431384285,
        0.0016834889407175834,
        0.0010442478893257512
    ]
}