{
    "eigs_regret": [
        0.12507884273257058,
        0.0026942501621297563,
        0.0019127835684518216,
        0.0009579675692379342,
        0.00400696244294952,
        0.0017096334367379734,
        0.0010836820696202335,
        0.0010703345889489682,
        0.0008336875505411405,
        0.0010824404679563486
    ],
    "eigs_max": [
        0.2565350531672843,
        0.026195397700724855,
        0.011570428742150309,
        0.0079068516106494,
        0.006283725907866259,
        0.0053969869611247764,
        0.004684404960073141,
        0.0039791080031272505,
        0.0036921780436930196,
        0.0033358522897200733
    ],
    "inputs_max": [
        1.8844211071252372,
        1.2417992298448859,
        1.111808431734201,
        1.281425921766113,
        1.1284849285924055,
        0.9550579890502384,
        1.3237137977772127,
        1.5007692984311936,
        1.3494315898788483,
        1.186529558668311
    ],
    "eigs": [
        0.13145621043471373,
        0.0235011475385951,
        0.009657645173698487,
        0.006948884041411466,
        0.0022767634649167394,
        0.003687353524386803,
        0.003600722890452908,
        0.0029087734141782823,
        0.002858490493151879,
        0.0022534118217637246
    ]
}