{
    "eigs_regret": [
        0.06174088249310486,
        0.026940464133810405,
        0.0007788737269739561,
        0.007841052170282498,
        0.0019603448705256855,
        0.0022411503042372083,
        0.002826982016500059,
        0.002014119750725224,
        0.00250337304854164,
        0.0015256700863521436
    ],
    "eigs_max": [
        0.27684057963230824,
        0.029409204595554125,
        0.025637056114847595,
        0.011763115282325558,
        0.01024455161906023,
        0.0069255104309749,
        0.005650902085417176,
        0.005049571064831994,
        0.004323542889509609,
        0.003952490586739453
    ],
    "inputs_max": [
        1.9495685058805998,
        1.9976261095446326,
        1.961801658472395,
        1.9847909117001739,
        1.9224678398607655,
        1.7479925451226175,
        1.8741236811350652,
        1.9234728814031095,
        1.9186001211611934,
        1.7678460167458778
    ],
    "eigs": [
        0.21509969713920338,
        0.0024687404617437184,
        0.02485818238787364,
        0.00392206311204306,
        0.008284206748534544,
        0.004684360126737692,
        0.002823920068917117,
        0.00303545131410677,
        0.0018201698409679686,
        0.00242682050038731
    ]
}