{
    "eigs_regret": [
        0.05954662401302746,
        0.0017881276896925778,
        0.0013260824033006911,
        0.0015727071112854485,
        0.001706831055093643,
        0.003862314343693,
        0.0007765861901240143,
        0.0003348002197355463,
        0.0010519047302233312,
        0.001918756257341361
    ],
    "eigs_max": [
        0.27379032692043564,
        0.010293107985792558,
        0.004566855919326702,
        0.0034113329029874214,
        0.004212944711214282,
        0.004704458920225336,
        0.0041113573412576,
        0.0031991716395474074,
        0.002875356941046827,
        0.0020784145801479364
    ],
    "inputs_max": [
        1.9987548818308039,
        1.3303046205204636,
        0.8444480674641548,
        1.1621960070579929,
        0.8720482216934646,
        0.8853779429982418,
        0.9867443079399432,
        0.7777999206262414,
        0.7571445813120199,
        1.2008747669877364
    ],
    "eigs": [
        0.21424370290740818,
        0.00850498029609998,
        0.003240773516026011,
        0.0018386257917019728,
        0.0025061136561206386,
        0.0008421445765323358,
        0.0033347711511335855,
        0.002864371419811861,
        0.001823452210823496,
        0.00015965832280657538
    ]
}