{
    "eigs_regret": [
        0.05734438936040456,
        0.012778713430000204,
        0.0016363987468911885,
        0.005639484124144632,
        0.006293881916963757,
        0.00039968147864176667,
        0.00020823084894943267,
        0.0004406584195575233,
        0.0010483907187794207,
        0.003553593480420733
    ],
    "eigs_max": [
        0.26998834887678835,
        0.023818734193071293,
        0.01306289042422242,
        0.007857163303733834,
        0.00717844705995674,
        0.007518580142919654,
        0.00572983169217494,
        0.004338432211224342,
        0.003950215767244334,
        0.0036529706600790207
    ],
    "inputs_max": [
        1.9675852207084008,
        1.912182230236228,
        1.8956621004733187,
        1.7204519479640368,
        1.7500344014231317,
        1.5399447468236063,
        1.5182378759889859,
        1.7536012365142537,
        1.8458642297840795,
        1.8492272111001828
    ],
    "eigs": [
        0.2126439595163838,
        0.011040020763071088,
        0.011426491677331231,
        0.0022176791795892018,
        0.0008845651429929833,
        0.007118898664277887,
        0.005521600843225507,
        0.003897773791666819,
        0.0029018250484649133,
        9.937717965828768e-05
    ]
}