{
    "eigs_regret": [
        0.1393579068778085,
        0.0009192654261822638,
        0.0008367985689639555,
        0.0015714571753544155,
        3.96655360414052e-05,
        0.0006574270170888407,
        0.0005406391540962582,
        0.0008245396565582249,
        0.00128252608790503,
        0.0007637001756242497
    ],
    "eigs_max": [
        0.28585582606349486,
        0.012531708779270342,
        0.004753711133497258,
        0.0038331782204589116,
        0.0024077767838928095,
        0.0036383143416256762,
        0.003171742871061194,
        0.0028978275888929808,
        0.0026081199459566406,
        0.002363980734830994
    ],
    "inputs_max": [
        1.9987548818308039,
        0.7837310079393265,
        0.8192038092326974,
        0.8602120645531823,
        0.8296183822630312,
        0.8701959608966658,
        1.1577006751915,
        1.085875956049834,
        1.062381685585643,
        0.9823555700620226
    ],
    "eigs": [
        0.14649791918568636,
        0.011612443353088078,
        0.003916912564533303,
        0.002261721045104496,
        0.0023681112478514043,
        0.0029808873245368355,
        0.002631103716964936,
        0.002073287932334756,
        0.0013255938580516106,
        0.0016002805592067444
    ]
}