{
    "eigs_regret": [
        0.23259896567128513,
        0.12311998791686658,
        0.012960570106096771,
        0.0010159283240064095,
        0.0010923212270243683,
        0.00040207176274223346,
        0.001266354411650572,
        0.0004100691217605911,
        0.0005409957075880999,
        0.0004455631742928375
    ],
    "eigs_max": [
        0.26869161136631303,
        0.20168019427917272,
        0.03889317981646357,
        0.015435704826281647,
        0.009987820377406581,
        0.007169826603770212,
        0.005807121793565174,
        0.004320429548146788,
        0.0035165309832946817,
        0.003392648012484523
    ],
    "inputs_max": [
        1.9089373975109594,
        1.9976261095446326,
        1.9238158994315027,
        1.9457050464075618,
        1.910473896791063,
        1.974582799834072,
        1.9786156193913735,
        1.7001781581294195,
        1.9880181530067293,
        1.888192358350552
    ],
    "eigs": [
        0.036092645695027896,
        0.07856020636230614,
        0.0259326097103668,
        0.014419776502275237,
        0.008895499150382213,
        0.006767754841027978,
        0.004540767381914602,
        0.003910360426386197,
        0.0029755352757065818,
        0.0029470848381916853
    ]
}