{
    "eigs_regret": [
        0.23509735900391937,
        0.0027834808998816185,
        0.00683438327004602,
        0.0025589674214319697,
        8.905739812872619e-05,
        0.0008483208837011527,
        0.0003281562924897438,
        0.0008484235015073873,
        0.0003856073425117204,
        1.2227220736569285e-05
    ],
    "eigs_max": [
        0.27282878056829746,
        0.0782782984627998,
        0.019290305917632786,
        0.011535791603914656,
        0.007455156411345258,
        0.0055811560630923615,
        0.004563475064306579,
        0.0038096854687259232,
        0.0034516485114920795,
        0.0027902336219926497
    ],
    "inputs_max": [
        1.983885758804516,
        1.5850715481801902,
        1.910023313255487,
        1.7098689493715182,
        1.8045151689809835,
        1.5783198216978465,
        1.9187963955058287,
        1.7536012365142537,
        1.9736254210457551,
        1.991511270888295
    ],
    "eigs": [
        0.03773142156437809,
        0.07549481756291818,
        0.012455922647586767,
        0.008976824182482687,
        0.007366099013216532,
        0.004732835179391209,
        0.004235318771816835,
        0.002961261967218536,
        0.003066041168980359,
        0.0027780064012560804
    ]
}