{
    "eigs_regret": [
        0.22882857011435637,
        0.00295084000114117,
        0.0012945785282332005,
        0.0007772354027736983,
        0.0013914230599370958,
        0.0011160947969914062,
        0.0008666302167371883,
        0.0007936174465436622,
        0.0006256990810609435,
        0.0004983112735204775
    ],
    "eigs_max": [
        0.26744971297970893,
        0.029827927838006457,
        0.007180576245321268,
        0.0042521430594753525,
        0.002651910647517629,
        0.0037904833414170794,
        0.003439516755054835,
        0.0030271975562184096,
        0.0027076224890831566,
        0.0020155672034652948
    ],
    "inputs_max": [
        1.9987548818308039,
        1.1273991356782878,
        1.0087461350444729,
        1.171650101813726,
        1.3131629794271824,
        0.9047330496425101,
        0.8358603723952498,
        0.9411946328154479,
        1.1513957165658575,
        1.2008747669877364
    ],
    "eigs": [
        0.038621142865352565,
        0.026877087836865286,
        0.005885997717088067,
        0.003474907656701654,
        0.001260487587580533,
        0.002674388544425673,
        0.002572886538317647,
        0.0022335801096747473,
        0.002081923408022213,
        0.0015172559299448172
    ]
}