{
    "eigs_regret": [
        0.22367987015432295,
        0.000360850812971332,
        0.0027738450610350074,
        0.002152685726449142,
        0.00046074915247389103,
        0.0007780626926316052,
        0.00034886003488155803,
        0.0006749614317770425,
        0.0004349644437924372,
        0.0006928191494151564
    ],
    "eigs_max": [
        0.2617797399861132,
        0.030420800454390547,
        0.016832662023870085,
        0.010113242144256698,
        0.006663941709952992,
        0.005437194666570576,
        0.004174307606742472,
        0.003695281519161722,
        0.003094808781231127,
        0.002884915052347565
    ],
    "inputs_max": [
        1.9434193256468142,
        1.1291235320473,
        1.4587270720160743,
        1.5503671527293745,
        1.364644808508898,
        1.6275063097803064,
        1.7723064007376195,
        1.748314776102675,
        1.7598765160223897,
        1.7098959838202126
    ],
    "eigs": [
        0.03809986983179024,
        0.030059949641419215,
        0.014058816962835077,
        0.007960556417807556,
        0.006203192557479101,
        0.004659131973938971,
        0.0038254475718609137,
        0.0030203200873846797,
        0.00265984433743869,
        0.0021920959029324088
    ]
}