{
    "eigs_regret": [
        0.22133217348910378,
        0.018984264245928244,
        0.004878624838397844,
        0.002999860762695367,
        0.002516536254486337,
        0.00172074553015798,
        0.0004635492918518506,
        0.0006536812957691276,
        -2.1923409438140157e-05,
        0.00048021114580777853
    ],
    "eigs_max": [
        0.2568791983610546,
        0.02961014796159543,
        0.015690635194250402,
        0.007946591087339812,
        0.007766484792316442,
        0.0079911250503268,
        0.005456889497146625,
        0.004584854565331451,
        0.003610364584266331,
        0.0030713266764816963
    ],
    "inputs_max": [
        1.9987548818308039,
        1.3703000413065445,
        0.876773654666505,
        0.8722365627857724,
        0.994813591010127,
        0.9945462794973512,
        1.352125700007689,
        1.1042151757509668,
        1.0711556265344162,
        0.7148358097668834
    ],
    "eigs": [
        0.03554702487195083,
        0.01062588371566719,
        0.010812010355852558,
        0.004946730324644445,
        0.005249948537830105,
        0.00627037952016882,
        0.004993340205294774,
        0.0039311732695623235,
        0.0036322879937044712,
        0.0025911155306739177
    ]
}