{
    "eigs_regret": [
        0.22380740439248997,
        0.02714313129050658,
        0.011481936304356535,
        0.006860268065809749,
        0.0018600716444526193,
        0.0006610708487634715,
        1.0784809087414048e-05,
        0.00046108439470248994,
        0.0011814084647630116,
        0.0005790716288255992
    ],
    "eigs_max": [
        0.2626078493789709,
        0.0507591119603178,
        0.03172091365344365,
        0.01898939823968128,
        0.010642991590872739,
        0.008116072826538577,
        0.005631717233076851,
        0.004680616897727841,
        0.003933880404402592,
        0.0033693791126201507
    ],
    "inputs_max": [
        1.9351045938928162,
        1.4307126705595994,
        1.9133077274094124,
        1.7779110173998744,
        1.6965727193381976,
        1.7290744080072329,
        1.4882290424732147,
        1.625088022052433,
        1.5252584152693918,
        1.9772602058568869
    ],
    "eigs": [
        0.03880044498648095,
        0.02361598066981122,
        0.020238977349087115,
        0.01212913017387153,
        0.00878291994642012,
        0.007455001977775106,
        0.005620932423989437,
        0.004219532503025351,
        0.0027524719396395804,
        0.0027903074837945514
    ]
}