{
    "eigs_regret": [
        0.2372811364017396,
        0.16317376826288812,
        0.04973433647766863,
        0.022786405083197056,
        0.013857996403832949,
        0.004611063561228987,
        0.006263913141905511,
        0.004798910159627798,
        0.0019180085446654652,
        0.0018269658556964606
    ],
    "eigs_max": [
        0.27616260627176936,
        0.19794374977695847,
        0.0684902607101248,
        0.03424082984444893,
        0.022490220249581635,
        0.01604876497339759,
        0.011864168362244942,
        0.010127550555606827,
        0.007210853730395618,
        0.005965469724785761
    ],
    "inputs_max": [
        1.9538925012815516,
        1.9853215945836038,
        1.961801658472395,
        1.9608891586138584,
        1.910473896791063,
        1.9231057822827535,
        1.9020256065120755,
        1.9445797239186946,
        1.9186001211611934,
        1.888192358350552
    ],
    "eigs": [
        0.03888146987002977,
        0.034769981514070354,
        0.01875592423245617,
        0.011454424761251872,
        0.008632223845748686,
        0.011437701412168601,
        0.005600255220339431,
        0.005328640395979029,
        0.005292845185730153,
        0.0041385038690893005
    ]
}