{
    "eigs_regret": [
        0.26430645825667765,
        0.12150142020730673,
        0.04140302669907577,
        0.015089998363357868,
        0.0017951137229896105,
        0.0018153295235487435,
        0.002158447151157054,
        0.0015041037074481332,
        0.0013947409575837209,
        0.0007086912108186945
    ],
    "eigs_max": [
        0.2681094808103263,
        0.1428104724968271,
        0.041454675869774776,
        0.044639615824197176,
        0.005546640165178863,
        0.00825762633899777,
        0.007181139508617107,
        0.005156413466241356,
        0.003920021400476729,
        0.0029300773503332083
    ],
    "inputs_max": [
        1.9987548818308039,
        1.9187248580687988,
        1.6538968443578261,
        1.3915453016839248,
        0.798669638419363,
        1.1302595665836532,
        0.9228441302047852,
        0.9203905811191397,
        0.9836330315391113,
        0.9960826695591607
    ],
    "eigs": [
        0.00380302255364868,
        0.02130905228952037,
        5.1649170699002615e-05,
        0.029549617460839308,
        0.0037515264421892525,
        0.006442296815449026,
        0.005022692357460053,
        0.0036523097587932226,
        0.0025252804428930083,
        0.0022213861395145138
    ]
}