{
    "eigs_regret": [
        0.24466861042574903,
        0.0038808074437649137,
        0.0048666071765606,
        0.0009289943453896724,
        0.00042739449313296783,
        0.0011632606995042177,
        0.0005694915568822678,
        0.00047643314136621134,
        0.0006630075147892314,
        0.0002243315166720588
    ],
    "eigs_max": [
        0.28389936740032884,
        0.04997066109484321,
        0.016621177843100632,
        0.011769954919250477,
        0.007785921103043986,
        0.005763195560273605,
        0.004882452336062343,
        0.004182203354174317,
        0.0033864181089737805,
        0.003151211059003699
    ],
    "inputs_max": [
        1.9980339952990605,
        1.3527909626857824,
        1.4378150558449179,
        1.270284132370893,
        1.4126505227492174,
        1.7264720426082523,
        1.371106471816862,
        1.2548579951726146,
        1.3073649586673515,
        1.0181866513182702
    ],
    "eigs": [
        0.039230756974579804,
        0.046089853651078296,
        0.011754570666540032,
        0.010840960573860805,
        0.007358526609911018,
        0.004599934860769387,
        0.004312960779180075,
        0.003705770212808106,
        0.002723410594184549,
        0.0029268795423316404
    ]
}