{
    "eigs_regret": [
        0.2277863559711077,
        0.12421752942414532,
        0.05772060160357917,
        0.016900146823454587,
        0.09453269421755836,
        0.16738333492826407,
        0.15521457858474477,
        0.11718205539369031,
        0.10259412180422486,
        0.0991119624419706
    ],
    "eigs_max": [
        0.2652733494272984,
        0.25685118847399674,
        0.270068196408517,
        0.26754361810321836,
        0.2824033270863248,
        0.2640373515711908,
        0.2783519737676527,
        0.27300403552990704,
        0.2738320409192911,
        0.27994187744861426
    ],
    "inputs_max": [
        1.983885758804516,
        1.9099159063830307,
        1.9588442716551488,
        1.9813408817280431,
        1.932565066734571,
        1.939480605380855,
        1.9893573346136633,
        1.8950263238299776,
        1.980314775649298,
        1.9426948815800564
    ],
    "eigs": [
        0.03748699345619072,
        0.13263365904985142,
        0.2123475948049378,
        0.2506434712797638,
        0.18787063286876646,
        0.09665401664292672,
        0.12313739518290792,
        0.15582198013621673,
        0.17123791911506622,
        0.18082991500664367
    ]
}