{
    "eigs_regret": [
        0.23660536584321706,
        0.00518289764830334,
        0.003776665938270451,
        0.0020536919417568755,
        0.0012544170034123094,
        -0.0001894222676909786,
        0.0011965525085027347,
        0.0005876857629100655,
        0.000601795084716172,
        0.0007358348203921157
    ],
    "eigs_max": [
        0.27622476396810397,
        0.04584978587974403,
        0.015449987281580344,
        0.011986357723209001,
        0.008311706647949123,
        0.006308669211434865,
        0.005150292397559487,
        0.004037782513550124,
        0.003795319588328078,
        0.0029898373871941352
    ],
    "inputs_max": [
        1.9980339952990605,
        1.408466681177701,
        1.1993677249870751,
        1.1137789451243976,
        1.4715194917505363,
        1.589205204518263,
        1.277225125453686,
        1.409308508776111,
        1.5252584152693918,
        1.2662148272341651
    ],
    "eigs": [
        0.03961939812488689,
        0.04066688823144069,
        0.011673321343309893,
        0.009932665781452125,
        0.007057289644536814,
        0.006498091479125843,
        0.003953739889056752,
        0.003450096750640058,
        0.0031935245036119058,
        0.0022540025668020196
    ]
}