{
    "eigs_regret": [
        0.058489359939082025,
        0.019350758814501712,
        0.004260899276198982,
        0.008702098075792279,
        0.005049322503122281,
        0.0002285721510157778,
        0.005288132907138808,
        0.005633718247130538,
        0.001253476113642041,
        0.0005387361247691028
    ],
    "eigs_max": [
        0.2711738670033304,
        0.030576086737312096,
        0.018998141726279123,
        0.010643116850356005,
        0.009867931554565538,
        0.008175520105967142,
        0.005918128831581623,
        0.005759827135984468,
        0.0054300080503853895,
        0.004542321181112601
    ],
    "inputs_max": [
        1.9538925012815516,
        1.8260163085191365,
        1.7408838666121909,
        1.8685541500680123,
        1.7042609937690163,
        1.8434173934661973,
        1.8248752494053693,
        1.628188625462412,
        1.9880181530067293,
        1.780088409725289
    ],
    "eigs": [
        0.21268450706424838,
        0.011225327922810382,
        0.014737242450080141,
        0.0019410187745637268,
        0.0048186090514432565,
        0.007946947954951364,
        0.0006299959244428148,
        0.00012610888885393028,
        0.0041765319367433485,
        0.004003585056343498
    ]
}