{
    "eigs_regret": [
        0.12291641840397308,
        0.004654543757688159,
        0.00356812765663065,
        0.003332362793553285,
        0.0018503099780299128,
        0.004353831358602015,
        0.003109046324430927,
        0.0016351303072853858,
        0.0013532863675612982,
        0.0008852502432403811
    ],
    "eigs_max": [
        0.2612009295785644,
        0.031588548001458085,
        0.017211246488540482,
        0.010102951995399395,
        0.007220519846709292,
        0.005712954205919628,
        0.005386817409042302,
        0.004489089485574727,
        0.004543579079226744,
        0.0036175355001133776
    ],
    "inputs_max": [
        1.959571167289881,
        1.4375441989274416,
        1.8855700140386777,
        1.6436124454114254,
        1.8045151689809835,
        1.7668623750445862,
        1.7409299464860328,
        1.8109783108635362,
        1.7784431173735022,
        1.9426948815800564
    ],
    "eigs": [
        0.1382845111745913,
        0.026934004243769925,
        0.013643118831909832,
        0.006770589201846111,
        0.005370209868679379,
        0.0013591228473176127,
        0.0022777710846113752,
        0.0028539591782893413,
        0.0031902927116654457,
        0.0027322852568729965
    ]
}