{
    "eigs_regret": [
        0.07056817581503427,
        0.017012452697488134,
        0.0014744745895297687,
        0.008101845078174704,
        0.0039537731624687345,
        0.006089675423530396,
        0.0005875117982547182,
        0.004112836008513045,
        0.0032006293986228873,
        0.0028259488286437005
    ],
    "eigs_max": [
        0.2984209276097339,
        0.027697919331459597,
        0.016889878174004714,
        0.010264793654756773,
        0.008392780622368595,
        0.006670528315251725,
        0.006640763552400664,
        0.004978132605612501,
        0.004628395403135728,
        0.004488642460759573
    ],
    "inputs_max": [
        1.9949237608800916,
        1.9229179202120001,
        1.9736532414824712,
        1.8414528913427701,
        1.7313436044131314,
        1.5684959095043223,
        1.6408887788890703,
        1.7008610056673512,
        1.9473948206288965,
        1.9741843342588254
    ],
    "eigs": [
        0.2278527517946996,
        0.010685466633971463,
        0.015415403584474945,
        0.0021629485765820686,
        0.00443900745989986,
        0.0005808528917213295,
        0.006053251754145946,
        0.0008652965970994558,
        0.0014277660045128413,
        0.0016626936321158725
    ]
}