{
    "eigs_regret": [
        0.12500984709209567,
        0.0002354566552531176,
        0.0020042061836973244,
        0.002477825862291539,
        0.0008950666704140567,
        0.003446511888561576,
        0.001846897527146155,
        0.001510714441177626,
        0.0014567962716641636,
        0.0015222062009889819
    ],
    "eigs_max": [
        0.2653950710911912,
        0.019738965985080056,
        0.012624995150691447,
        0.008243419957081739,
        0.00644786246400874,
        0.0048816176061798324,
        0.004967630041075094,
        0.004193011099083823,
        0.00381220109668363,
        0.003496643942192957
    ],
    "inputs_max": [
        1.960763687146987,
        1.0405168051490747,
        1.3558582558682215,
        1.387338746865709,
        1.4363352841864117,
        1.7441875949249137,
        1.5089778740035444,
        1.4533832187251756,
        1.6186297682450164,
        1.80376958505055
    ],
    "eigs": [
        0.14038522399909553,
        0.01950350932982694,
        0.010620788966994123,
        0.0057655940947902,
        0.005552795793594683,
        0.0014351057176182562,
        0.0031207325139289387,
        0.0026822966579061968,
        0.0023554048250194666,
        0.0019744377412039753
    ]
}