{
    "eigs_regret": [
        0.24067431575750264,
        0.034510551215364574,
        0.0012044309044067225,
        0.0007802524890471434,
        0.0011127066465828495,
        0.0007419443389218025,
        0.0009215006613627879,
        0.0008764343383455683,
        0.0005573650047913845,
        0.0007741320726854565
    ],
    "eigs_max": [
        0.27841243952491174,
        0.07829261580465872,
        0.019834305648481782,
        0.01294723555235004,
        0.008586635117440804,
        0.005840522976547689,
        0.004841242872842042,
        0.0038635592397837835,
        0.0033288199619479837,
        0.0032831270074017292
    ],
    "inputs_max": [
        1.983885758804516,
        1.957627711017153,
        1.154561029954716,
        1.6436124454114254,
        1.9110823741724838,
        1.6198759659889852,
        1.7409299464860328,
        1.3257328487793225,
        1.2302112813112307,
        1.8522423393433132
    ],
    "eigs": [
        0.037738123767409086,
        0.04378206458929415,
        0.01862987474407506,
        0.012166983063302897,
        0.0074739284708579545,
        0.005098578637625886,
        0.003919742211479254,
        0.002987124901438215,
        0.0027714549571565992,
        0.0025089949347162728
    ]
}