{
    "eigs_regret": [
        0.23046338904888736,
        0.008385506680839077,
        0.0009360706731868168,
        0.0014455040061604704,
        0.0013921335924867192,
        0.001911137185711722,
        0.002181533278735372,
        0.0014472784179284466,
        0.001503819583293423,
        0.0015153350374552243
    ],
    "eigs_max": [
        0.26775265429254436,
        0.03090106037303694,
        0.006238829141336824,
        0.004216593503330044,
        0.002621656546918051,
        0.0037565232689817504,
        0.0036225963081531636,
        0.002986295411395563,
        0.002718531252808459,
        0.0023003018199447547
    ],
    "inputs_max": [
        1.9170397785262776,
        1.192300798797567,
        0.8393202422382553,
        0.9223044202350843,
        0.798669638419363,
        1.3003661746234028,
        1.0181956189831998,
        1.0852284193969206,
        1.1939490388705156,
        1.0671368298832087
    ],
    "eigs": [
        0.03728926524365701,
        0.022515553692197862,
        0.005302758468150007,
        0.0027710894971695733,
        0.001229522954431332,
        0.0018453860832700283,
        0.0014410630294177916,
        0.0015390169934671163,
        0.0012147116695150357,
        0.0007849667824895303
    ]
}