{
    "eigs_regret": [
        0.26271865772212427,
        0.1565094479334499,
        0.006168044304881239,
        0.005428354281411467,
        0.004618797473975659,
        0.004018268781545188,
        0.00311770151757785,
        0.003447093159346808,
        0.003050970223200247,
        0.0015430573659659195
    ],
    "eigs_max": [
        0.2667684173239682,
        0.31512248227851397,
        0.022781495496120633,
        0.014590544465998867,
        0.011260321284044472,
        0.008843040208521715,
        0.007172997743747163,
        0.006481152228863008,
        0.005898441074308055,
        0.005100443601015152
    ],
    "inputs_max": [
        1.9675852207084008,
        1.9736328843834785,
        1.2779409939065631,
        1.5587029375006238,
        1.8393741428067383,
        1.5399447468236063,
        1.6580817010639581,
        1.4420446763827228,
        1.8989601178967561,
        1.5820760110395125
    ],
    "eigs": [
        0.004049759601843949,
        0.15861303434506407,
        0.016613451191239394,
        0.0091621901845874,
        0.006641523810068813,
        0.004824771426976527,
        0.004055296226169313,
        0.0030340590695162,
        0.0028474708511078083,
        0.0035573862350492327
    ]
}