{
    "eigs_regret": [
        0.24879896359391895,
        0.00788736517151219,
        0.0005078548772872804,
        0.0010797200606687879,
        0.0011993527470523764,
        0.0015233087020505788,
        0.001239423973006366,
        0.0012416390985239487,
        0.0010364454649203088,
        0.0005501746874311362
    ],
    "eigs_max": [
        0.2873339313628522,
        0.030263569091326912,
        0.006223390561898775,
        0.004333919847510717,
        0.0024607354580202345,
        0.0038441883616886267,
        0.0037482532220277473,
        0.0030961534012876163,
        0.0028675636266212003,
        0.0022890169267631186
    ],
    "inputs_max": [
        1.9987548818308039,
        1.192300798797567,
        1.0016246466890362,
        1.1492174489639524,
        1.3769764830844138,
        1.0475829645315178,
        1.1686984656181827,
        0.9461385185948503,
        1.062381685585643,
        0.9823555700620226
    ],
    "eigs": [
        0.03853496776893321,
        0.02237620391981472,
        0.005715535684611495,
        0.0032541997868419294,
        0.001261382710967858,
        0.002320879659638048,
        0.0025088292490213814,
        0.0018545143027636677,
        0.0018311181617008915,
        0.0017388422393319824
    ]
}