{
    "eigs_regret": [
        0.26910443862500466,
        0.0034502754288984333,
        0.002733142446542245,
        0.006314346898038275,
        0.0009467538943173101,
        0.004319893882653035,
        0.002034941621340162,
        0.0007738175438852767,
        0.002727000989807587,
        0.0009163755918772717
    ],
    "eigs_max": [
        0.27309507522660775,
        0.08667761572761241,
        0.020136361028147882,
        0.011426453288453459,
        0.008653493512489974,
        0.006340448417994054,
        0.00591867949601232,
        0.004749545374340105,
        0.004070279539674872,
        0.0036917081254371105
    ],
    "inputs_max": [
        1.9187010941946467,
        1.4341355993986404,
        1.6467306689540446,
        1.641597041350729,
        1.4336893978461578,
        1.2843613109908667,
        1.791519788010208,
        1.5140249257533696,
        1.7713809333197765,
        1.7098959838202126
    ],
    "eigs": [
        0.003990636601603068,
        0.08322734029871398,
        0.017403218581605637,
        0.005112106390415184,
        0.007706739618172664,
        0.002020554535341019,
        0.0038837378746721584,
        0.003975727830454828,
        0.0013432785498672854,
        0.002775332533559839
    ]
}