{
    "eigs_regret": [
        0.13491037705726588,
        0.0024982312993754342,
        0.004152924955674792,
        0.0021191154161045982,
        0.0008011954406784731,
        0.0011047271809199706,
        0.0010370723182306606,
        0.0006441751362062627,
        0.0006303194919264196,
        0.0004141113267652828
    ],
    "eigs_max": [
        0.2763190838851458,
        0.019502157873992582,
        0.014133140235654906,
        0.00992403280437454,
        0.007099165868667702,
        0.005769245175828956,
        0.004649448581639804,
        0.004095088276860524,
        0.003526212812952564,
        0.003306739522230589
    ],
    "inputs_max": [
        1.9949237608800916,
        1.0915262935090515,
        1.640883309163909,
        1.9697912917766005,
        1.7313436044131314,
        1.7441875949249137,
        1.9744152554973917,
        1.9752142547836864,
        1.4346744621695575,
        1.5672825918172668
    ],
    "eigs": [
        0.14140870682787993,
        0.017003926574617148,
        0.009980215279980114,
        0.007804917388269942,
        0.006297970427989229,
        0.004664517994908985,
        0.003612376263409143,
        0.0034509131406542616,
        0.0028958933210261445,
        0.0028926281954653062
    ]
}