{
    "eigs_regret": [
        0.05419834288326955,
        0.017309330366692154,
        0.0026890454895535845,
        0.007599767423417983,
        0.007367777017238238,
        0.006382022914540906,
        0.0031339264105306446,
        0.002833073229347572,
        0.0002504939864186144,
        0.00042433629833034696
    ],
    "eigs_max": [
        0.2632490788161357,
        0.02728266030910968,
        0.0174326263879648,
        0.010178307689933358,
        0.008325193131677245,
        0.0077344354936170106,
        0.007390760127343,
        0.006010365340546443,
        0.005246051980673619,
        0.0039715447123833325
    ],
    "inputs_max": [
        1.9949237608800916,
        1.9229179202120001,
        1.9141304695856778,
        1.826975404890462,
        1.8921242944112129,
        1.9698284192284532,
        1.475269766860393,
        1.719527804474601,
        1.9958569524080436,
        1.4166856439631865
    ],
    "eigs": [
        0.20905073593286613,
        0.009973329942417525,
        0.014743580898411214,
        0.0025785402665153747,
        0.0009574161144390075,
        0.0013524125790761044,
        0.004256833716812356,
        0.003177292111198871,
        0.004995557994255005,
        0.0035472084140529855
    ]
}