{
    "eigs_regret": [
        0.24474866144466306,
        0.0013313481047950194,
        0.0019213860605418213,
        0.00021966128410877937,
        0.0005714441022511836,
        0.0016243392763832186,
        0.000795239183011488,
        0.0013345421038825607,
        0.0006045205342306086,
        0.0010674570824327138
    ],
    "eigs_max": [
        0.2832292890697589,
        0.028930989739863685,
        0.006058464813315147,
        0.004400632976247851,
        0.00235266231271203,
        0.0038194681393556467,
        0.002864219354513402,
        0.0022426620952672484,
        0.002102404400544037,
        0.001596037183245373
    ],
    "inputs_max": [
        1.9442134486840672,
        1.2585100744286972,
        0.7795068327991421,
        0.8722365627857724,
        0.902924296646638,
        1.172256834155915,
        0.8625995463911165,
        0.8038444614852203,
        1.0482161336691025,
        0.8215022195548116
    ],
    "eigs": [
        0.03848062762509585,
        0.027599641635068665,
        0.004137078752773326,
        0.004180971692139071,
        0.0017812182104608464,
        0.002195128862972428,
        0.002068980171501914,
        0.0009081199913846878,
        0.0014978838663134285,
        0.0005285801008126594
    ]
}