{
    "eigs_regret": [
        0.12881291292122443,
        0.021343005232766075,
        0.00234021683773848,
        0.005299591610240279,
        0.0033626408506054585,
        0.0015024699549451492,
        0.0010334083830000245,
        0.0012316019125322535,
        0.0011649254183284997,
        0.0009180371506706995
    ],
    "eigs_max": [
        0.2695402602721374,
        0.03211698033522184,
        0.017679743085575014,
        0.011284770026664965,
        0.009194938959120538,
        0.0073861335957849305,
        0.0057295412441788224,
        0.004939192315703645,
        0.004026093745935005,
        0.0037158587604245548
    ],
    "inputs_max": [
        1.9675852207084008,
        1.6459271808176568,
        1.0710108221940329,
        1.3142273685265589,
        1.4171674838087134,
        1.6251086733133788,
        1.7465846662413778,
        1.7356976294068949,
        1.559137180101229,
        1.408833059430405
    ],
    "eigs": [
        0.14072734735091297,
        0.010773975102455764,
        0.015339526247836533,
        0.005985178416424686,
        0.005832298108515079,
        0.005883663640839781,
        0.004696132861178798,
        0.0037075904031713914,
        0.0028611683276065056,
        0.0027978216097538553
    ]
}