{
    "eigs_regret": [
        0.2421529102654638,
        0.0035305087623738567,
        0.0032125311356597346,
        0.0014144750073459104,
        0.0006834113984165906,
        0.0005965839785037671,
        0.00047857921363650153,
        0.0007590365062926652,
        0.0005070062406055424,
        0.00015738927226629802
    ],
    "eigs_max": [
        0.27914244799877946,
        0.031649485580915064,
        0.01712882297009737,
        0.0102982121251982,
        0.007560764429488215,
        0.005740523826636798,
        0.005055780114727999,
        0.004047302392855345,
        0.0033241794258155083,
        0.0030128152783386528
    ],
    "inputs_max": [
        1.9605016659474401,
        1.5203676195939695,
        1.5310275595731806,
        1.8935284220354451,
        1.6502425889564063,
        1.6273653697192998,
        1.6408887788890703,
        1.9752142547836864,
        1.3233679307960484,
        1.4829084724950006
    ],
    "eigs": [
        0.036989537733315675,
        0.028118976818541207,
        0.013916291834437634,
        0.00888373711785229,
        0.0068773530310716246,
        0.005143939848133031,
        0.0045772009010914974,
        0.0032882658865626795,
        0.002817173185209966,
        0.0028554260060723547
    ]
}