{
    "eigs_regret": [
        0.22929747933376393,
        0.04780934856834047,
        0.004872749031230177,
        0.0020108293218309287,
        0.001711627057600952,
        0.0006210159680308143,
        0.0010182927082463033,
        0.0008928734073972728,
        0.0010032640726074407,
        0.0006490753184734748
    ],
    "eigs_max": [
        0.2660968724849496,
        0.0783445324991165,
        0.021737175094503004,
        0.014611505707655304,
        0.009412908718024415,
        0.006849277784440454,
        0.005482148637619799,
        0.004965784183680244,
        0.003756074793131806,
        0.0032279805821152927
    ],
    "inputs_max": [
        1.983885758804516,
        1.7759567943454182,
        1.6135200067908404,
        1.4730166489116605,
        1.1864432647880099,
        1.5783198216978465,
        1.460977814252764,
        1.4937973922686887,
        1.5144700620352287,
        1.7115555446667885
    ],
    "eigs": [
        0.036799393151185696,
        0.03053518393077603,
        0.016864426063272826,
        0.012600676385824376,
        0.007701281660423463,
        0.00622826181640964,
        0.004463855929373496,
        0.004072910776282971,
        0.0027528107205243655,
        0.002578905263641818
    ]
}