{
    "eigs_regret": [
        0.23058799898468837,
        0.008514729865068085,
        0.01426506453534633,
        0.0016932752390106508,
        0.002449101239385714,
        0.0020274821913298397,
        0.0019551595215895005,
        0.0017599229104034433,
        0.0012207518798312356,
        0.0017650680949958916
    ],
    "eigs_max": [
        0.2698149354291145,
        0.07779515504341537,
        0.023902281332117123,
        0.014764775901022709,
        0.008940636306946057,
        0.006393415660734375,
        0.005301041834155287,
        0.004520092889807606,
        0.0040501669173455095,
        0.00379405839912853
    ],
    "inputs_max": [
        1.983885758804516,
        1.7329303912919753,
        1.9588442716551488,
        1.5042767880989072,
        1.8393741428067383,
        1.5042841801871605,
        1.6033944103668794,
        1.2919767622558402,
        1.3446192746437111,
        1.836800764997813
    ],
    "eigs": [
        0.03922693644442613,
        0.06928042517834729,
        0.009637216796770792,
        0.013071500662012058,
        0.006491535067560343,
        0.004365933469404535,
        0.0033458823125657863,
        0.0027601699794041626,
        0.002829415037514274,
        0.0020289903041326384
    ]
}