{
    "eigs_regret": [
        0.12612134365146332,
        0.05175645507585509,
        0.015120763606417863,
        0.0019491665197362527,
        0.008034123110327055,
        0.007429780912993579,
        0.0068757380293878526,
        0.002385333118343859,
        0.0008963510820427243,
        0.0003336207472268496
    ],
    "eigs_max": [
        0.26402134560707063,
        0.056155471616973936,
        0.04493648134212495,
        0.017373184325288428,
        0.009933168103652537,
        0.009581939635803236,
        0.009218923455081357,
        0.00814520295918763,
        0.006518219882059402,
        0.004537682389371583
    ],
    "inputs_max": [
        1.9089373975109594,
        1.9976261095446326,
        1.961801658472395,
        1.9457050464075618,
        1.907015725845434,
        1.722836447302464,
        1.7342326076430368,
        1.934227349684911,
        1.9880181530067293,
        1.6324974895108717
    ],
    "eigs": [
        0.1379000019556073,
        0.004399016541118839,
        0.029815717735707084,
        0.015424017805552175,
        0.0018990449933254817,
        0.0021521587228096575,
        0.0023431854256935046,
        0.00575986984084377,
        0.005621868800016677,
        0.0042040616421447335
    ]
}