{
    "eigs_regret": [
        0.22777846443736524,
        0.13239891346014043,
        0.05641897959106815,
        0.02471137202373863,
        0.005625756397871995,
        0.15504383942935063,
        0.09466616297839225,
        0.07149468296995529,
        0.0077539239170405505,
        0.004493939599032326
    ],
    "eigs_max": [
        0.26593220445571164,
        0.27473149741033,
        0.2687298511886803,
        0.2720833195055124,
        0.26339422789796174,
        0.24824827276914224,
        0.26624397478222966,
        0.2690335007672412,
        0.2612910155790018,
        0.2685154285032826
    ],
    "inputs_max": [
        1.9980339952990605,
        1.9935892867877287,
        1.9614199495254572,
        1.9909033801784501,
        1.9365476737666376,
        1.7753036524855421,
        1.8842558750877954,
        1.8670166321942019,
        1.9398066195603687,
        1.9772602058568869
    ],
    "eigs": [
        0.038153740018346406,
        0.14233258395018955,
        0.21231087159761217,
        0.24737194748177377,
        0.25776847150008975,
        0.09320443333979163,
        0.1715778118038374,
        0.1975388177972859,
        0.25353709166196126,
        0.26402148890425026
    ]
}