{
    "eigs_regret": [
        0.0002943780057528267,
        0.006239667098715986,
        0.006053390407371636,
        0.006622217652711086,
        0.005018351764607416,
        0.004460713959850492,
        0.005319134811401502,
        0.00019567964383953966,
        0.0005193251985232926,
        0.0007609228100195495
    ],
    "eigs_max": [
        0.26841576331141015,
        0.02082974997524365,
        0.011613103970268298,
        0.008454908688261025,
        0.007883440976709141,
        0.007152236040512127,
        0.006473748995722475,
        0.005385559878222329,
        0.00479201496073193,
        0.0038573812633854723
    ],
    "inputs_max": [
        1.9949237608800916,
        1.9230219657172283,
        1.6898954895220977,
        1.9697912917766005,
        1.978056931609128,
        1.6273653697192998,
        1.304748015899493,
        1.7896508411946934,
        1.528799151814873,
        1.9741843342588254
    ],
    "eigs": [
        0.2681213853056573,
        0.014590082876527665,
        0.0055597135628966616,
        0.001832691035549939,
        0.002865089212101724,
        0.0026915220806616345,
        0.0011546141843209728,
        0.005189880234382789,
        0.004272689762208637,
        0.0030964584533659228
    ]
}