{
    "eigs_regret": [
        0.22547076174132633,
        0.008326513922334272,
        0.0029064301644405426,
        0.0019635110733018137,
        0.002543931319857822,
        0.0006788272190270212,
        0.0008582740114491715,
        0.0012734784038171813,
        0.0005366323559902277,
        0.000929095454818171
    ],
    "eigs_max": [
        0.2629689338288484,
        0.030526104927816225,
        0.025049363506507043,
        0.01166117783943705,
        0.008518684760283854,
        0.006545118765392434,
        0.004815220452906442,
        0.004444309728557927,
        0.0036509524271358647,
        0.0032232964077554874
    ],
    "inputs_max": [
        1.960763687146987,
        1.0915262935090515,
        1.4168580294216506,
        1.6628008359551545,
        1.6380146574957535,
        1.6273653697192998,
        1.824193093005289,
        1.748314776102675,
        1.7612272323221778,
        1.2656325848943166
    ],
    "eigs": [
        0.037498172087522076,
        0.022199591005481953,
        0.0221429333420665,
        0.009697666766135236,
        0.005974753440426032,
        0.005866291546365413,
        0.00395694644145727,
        0.003170831324740746,
        0.003114320071145637,
        0.0022942009529373164
    ]
}