{
    "eigs_regret": [
        0.13879462704424303,
        0.002602739148305038,
        0.0012960928998139078,
        0.0018483608340922435,
        0.0008870702068849547,
        0.00026255922227466037,
        0.0005076588692284009,
        0.00052396397427988,
        0.0008425935961390491,
        0.0003596796791723125
    ],
    "eigs_max": [
        0.27806469251306637,
        0.0241973616317846,
        0.011683680973495224,
        0.00793432005287885,
        0.006287774187689518,
        0.004520926557394946,
        0.00408602549678737,
        0.0037946671887407906,
        0.003403815916242076,
        0.002800583653769242
    ],
    "inputs_max": [
        1.9980339952990605,
        1.3320130436028905,
        1.2034689377900314,
        1.1196662292541808,
        0.7921213222931498,
        1.6664806813075181,
        1.4700910608242133,
        1.7446326585924687,
        1.4728358848598229,
        1.2794008654180982
    ],
    "eigs": [
        0.13927006546882334,
        0.021594622483479563,
        0.010387588073681316,
        0.006085959218786607,
        0.005400703980804563,
        0.004258367335120286,
        0.003578366627558969,
        0.0032707032144609106,
        0.0025612223201030267,
        0.0024409039745969295
    ]
}