{
    "eigs_regret": [
        0.13723895817171983,
        0.0017779887565393879,
        0.0010360657584273947,
        0.0006942571070775675,
        0.0007372959189309537,
        0.0007092178373803498,
        0.0004292612449857628,
        0.0005930690033947449,
        0.0006199970523378582,
        0.00041511083033164524
    ],
    "eigs_max": [
        0.27796492990964117,
        0.022711240694248774,
        0.012666382083375675,
        0.00812473320477253,
        0.005878738728093555,
        0.004732398633356133,
        0.003987949751793345,
        0.0033326785459933577,
        0.0030998444582965856,
        0.0028814128719917348
    ],
    "inputs_max": [
        1.9980339952990605,
        1.3115044777508396,
        1.2034689377900314,
        1.039049388984461,
        1.2043102715170249,
        1.7632420615052784,
        1.1224339537624464,
        1.2548579951726146,
        1.3531073058659713,
        1.0646790947235807
    ],
    "eigs": [
        0.14072597173792134,
        0.020933251937709386,
        0.01163031632494828,
        0.007430476097694963,
        0.005141442809162601,
        0.004023180795975783,
        0.003558688506807582,
        0.002739609542598613,
        0.0024798474059587274,
        0.0024663020416600895
    ]
}