{
    "eigs_regret": [
        0.23525894155047403,
        0.019429384242580904,
        0.020812356204455065,
        0.010710512267310629,
        0.00686606247797625,
        0.003334399320365394,
        0.002379426652369878,
        0.001689934601676297,
        0.0014365871370483865,
        0.0017267862909311985
    ],
    "eigs_max": [
        0.2715879020889869,
        0.029928374747530642,
        0.03458251365080829,
        0.02252843232364708,
        0.014976275995651109,
        0.011226048996435745,
        0.008251328451098931,
        0.006456995196789069,
        0.005162448731188901,
        0.004651476909430465
    ],
    "inputs_max": [
        1.960763687146987,
        1.1291235320473,
        1.3181136476874207,
        1.659479290311071,
        1.4336893978461578,
        1.5485541405757455,
        1.475269766860393,
        1.3192566712402667,
        1.7598765160223897,
        1.7805315879099028
    ],
    "eigs": [
        0.03632896053851289,
        0.010498990504949738,
        0.013770157446353227,
        0.01181792005633645,
        0.00811021351767486,
        0.007891649676070351,
        0.005871901798729053,
        0.004767060595112772,
        0.0037258615941405146,
        0.0029246906184992663
    ]
}