{
    "eigs_regret": [
        0.1277964432409833,
        0.006093043999890996,
        0.001481371622321483,
        0.000952211450118895,
        0.00099623770464415,
        -9.83505883009033e-05,
        5.290246975109096e-05,
        0.00011875622047324841,
        0.00015207070342319363,
        0.0007472751195476239
    ],
    "eigs_max": [
        0.26859389047862486,
        0.0314809301767437,
        0.016335791167674807,
        0.009785951960260617,
        0.006466727334421183,
        0.005361221849623415,
        0.003889015304034457,
        0.003734796119662101,
        0.003255574139223878,
        0.0027302486506894635
    ],
    "inputs_max": [
        1.9675852207084008,
        1.7143779459792912,
        1.9428249255648453,
        1.852924787022995,
        1.6271924577550974,
        1.5399447468236063,
        1.765159215364008,
        1.8176145606996235,
        1.938416452497638,
        1.9713176691944285
    ],
    "eigs": [
        0.14079744723764157,
        0.025387886176852704,
        0.014854419545353324,
        0.008833740510141722,
        0.005470489629777033,
        0.0054595724379243185,
        0.003836112834283366,
        0.0036160398991888524,
        0.0031035034358006842,
        0.0019829735311418396
    ]
}