{
    "eigs_regret": [
        0.23562552301280998,
        0.13110850671430654,
        0.023704122094659413,
        0.05550960577355066,
        0.18021660187470528,
        0.08431741956171629,
        0.19653827805750104,
        0.14705669999855253,
        0.11548268343958246,
        0.0421962525214743
    ],
    "eigs_max": [
        0.2738276760249125,
        0.26957301470252065,
        0.2666698972807827,
        0.26946733969990644,
        0.27734663988711067,
        0.28233201622775855,
        0.26691041184212305,
        0.2672950348798113,
        0.274396899870126,
        0.26390070216724726
    ],
    "inputs_max": [
        1.9949237608800916,
        1.9802156239405184,
        1.9887497187471295,
        1.9811788790216767,
        1.9573134146354978,
        1.9698284192284532,
        1.9686483506397954,
        1.9502621894164707,
        1.9958569524080436,
        1.9956544970459367
    ],
    "eigs": [
        0.0382021530121025,
        0.1384645079882141,
        0.2429657751861233,
        0.21395773392635578,
        0.09713003801240537,
        0.19801459666604226,
        0.07037213378462201,
        0.12023833488125878,
        0.15891421643054354,
        0.22170444964577296
    ]
}