{
    "eigs_regret": [
        0.2338442367987193,
        0.11867889248589625,
        0.011334138839446756,
        0.0021747803762983704,
        0.00047941055094110306,
        0.0004081537747551503,
        0.0006648889598648471,
        0.00039132861538302213,
        0.0004556480638806845,
        0.0006575833280354393
    ],
    "eigs_max": [
        0.27458198492027625,
        0.1972292943893545,
        0.038721167215235865,
        0.017032087412872987,
        0.009552656065848918,
        0.007143084149401458,
        0.005440768481777458,
        0.004627155453494311,
        0.0037725643164814773,
        0.0032739066564971375
    ],
    "inputs_max": [
        1.8853044526232479,
        1.9853215945836038,
        1.9180693352483629,
        1.9624167502382415,
        1.9224678398607655,
        1.9231057822827535,
        1.7340608127448205,
        1.9951725318292202,
        1.9880181530067293,
        1.8523225081386572
    ],
    "eigs": [
        0.040737748121556935,
        0.07855040190345824,
        0.02738702837578911,
        0.014857307036574617,
        0.009073245514907815,
        0.006734930374646308,
        0.004775879521912611,
        0.0042358268381112885,
        0.0033169162526007928,
        0.002616323328461698
    ]
}