{
    "eigs_regret": [
        0.056460675140133615,
        0.0027536659826402216,
        0.0010603250440775623,
        0.0028279438491481145,
        0.0024772958569922437,
        0.0012351096094241618,
        0.001021780442981362,
        0.0007871231665204616,
        0.0007496229665589596,
        0.0010146365371318524
    ],
    "eigs_max": [
        0.26777983044777726,
        0.010882032284110391,
        0.004846982835524054,
        0.003661653864300558,
        0.004563964325100434,
        0.0022173270905752,
        0.002301690762108472,
        0.0017265093639469552,
        0.0014689589178077072,
        0.0011928059918992866
    ],
    "inputs_max": [
        1.939884160579867,
        0.9759635546563297,
        0.9245381474405963,
        0.8722365627857724,
        0.798669638419363,
        0.8701959608966658,
        0.8742444082711531,
        0.7123609310150623,
        1.07012226243117,
        1.0075336685248582
    ],
    "eigs": [
        0.21131915530764364,
        0.00812836630147017,
        0.003786657791446492,
        0.0008337100151524436,
        0.00208666846810819,
        0.0009822174811510381,
        0.0012799103191271101,
        0.0009393861974264936,
        0.0007193359512487476,
        0.00017816945476743415
    ]
}