{
    "eigs_regret": [
        0.47137254596210587,
        0.06150209685904917,
        0.317941778394567,
        0.06404766339614693,
        0.2462040345716812,
        0.25247992660989405,
        0.2837486860694248,
        0.241052351615019,
        0.2500549848756644,
        0.3112973969096698
    ],
    "eigs_max": [
        1.449276210560127,
        1.5634610726455265,
        0.6533524663673758,
        0.5049772272279802,
        0.3600950842590724,
        0.3786572087438292,
        0.3567809094049777,
        0.3666375063487324,
        0.321510500974696,
        0.37228456116305
    ],
    "inputs_max": [
        4.050159700757977,
        4.983902931662424,
        0.8240041693836136,
        0.6039977254298423,
        0.3307459966191062,
        0.468359760578706,
        0.3964358628476805,
        0.024883909777516644,
        0.4110449685459433,
        0.3392104843314081
    ],
    "eigs": [
        0.977903664598021,
        1.5019589757864773,
        0.33541068797280876,
        0.4409295638318333,
        0.1138910496873912,
        0.12617728213393514,
        0.07303222333555286,
        0.12558515473371337,
        0.0714555160990316,
        0.06098716425338017
    ]
}