{
    "eigs_regret": [
        0.04193107467835833,
        -0.04112254892633427,
        0.14483282633825523,
        0.05082870181784077,
        0.1353396750588909,
        0.08390746378374625,
        0.14333159232016549,
        0.04756431669117153,
        0.06671424286978975,
        0.013287156231724578
    ],
    "eigs_max": [
        1.4236630518600208,
        0.9259001525623896,
        0.37208097066220774,
        0.34244105477756775,
        0.28481160549857254,
        0.2611615296128695,
        0.2674114248083669,
        0.22325734252094948,
        0.21773096665091732,
        0.16669660179332602
    ],
    "inputs_max": [
        3.968757450889636,
        0.04688007802521599,
        0.7849035841342372,
        0.07367768048965384,
        0.058295855439520206,
        0.07356256079836421,
        0.00536502927900584,
        0.11009277558012898,
        0.05425419029143619,
        0.12284631882725938
    ],
    "eigs": [
        1.3817319771816625,
        0.9670227014887238,
        0.22724814432395252,
        0.291612352959727,
        0.14947193043968163,
        0.17725406582912323,
        0.1240798324882014,
        0.17569302582977794,
        0.15101672378112757,
        0.15340944556160144
    ]
}