{
    "eigs_regret": [
        0.32242104601377963,
        -0.014739403978475396,
        0.21344524949500934,
        0.14595839242242267,
        0.13620176958818195,
        0.168329870453153,
        0.18017751165000231,
        0.15879604486995968,
        0.11144376814664934,
        0.10312716106038027
    ],
    "eigs_max": [
        1.2935456226621544,
        1.4012183853953055,
        0.41867502574174514,
        0.34353513116325235,
        0.3606557853710649,
        0.27237183121034525,
        0.29069136006903457,
        0.27075335377663273,
        0.2058171025146269,
        0.18410346548251463
    ],
    "inputs_max": [
        4.868306590565905,
        4.133114218298469,
        4.973250466771073,
        4.9525950761720585,
        4.920194719731157,
        4.84851390287191,
        4.972795955717077,
        4.921630329577996,
        4.9488862038203925,
        4.729858888955574
    ],
    "eigs": [
        0.9711245766483748,
        1.415957789373781,
        0.2052297762467358,
        0.19757673874082968,
        0.22445401578288296,
        0.10404196075719224,
        0.11051384841903225,
        0.11195730890667306,
        0.09437333436797755,
        0.08097630442213437
    ]
}