{
    "eigs_regret": [
        0.3454933969716484,
        0.0652837257587433,
        0.15752676108192853,
        0.07751984282070346,
        0.24043051601572152,
        0.30373042890915136,
        0.22528332758641043,
        0.27217456244530114,
        0.3390097222284003,
        0.2707366515377926
    ],
    "eigs_max": [
        1.309810084325758,
        1.427520721205627,
        0.7804970396143545,
        0.636697303225956,
        0.37772744114788176,
        0.4055747047832174,
        0.4008239812531265,
        0.35112638052599515,
        0.39499051743761193,
        0.35736702537790244
    ],
    "inputs_max": [
        2.4317032073827023,
        2.895225267900866,
        0.9529196241987192,
        0.426368576222535,
        0.4680310781893182,
        0.4488213315341383,
        0.44881111975310806,
        0.4291070658058632,
        0.2899526592415541,
        0.2656568893379335
    ],
    "eigs": [
        0.9643166873541097,
        1.3622369954468836,
        0.6229702785324259,
        0.5591774604052525,
        0.13729692513216024,
        0.10184427587406604,
        0.1755406536667161,
        0.07895181808069401,
        0.05598079520921165,
        0.08663037384010985
    ]
}