{
    "eigs_regret": [
        0.07987867741933652,
        -0.07634580760287357,
        0.371329069096457,
        0.2643400535386666,
        0.3096302705874712,
        0.3324988321259849,
        0.35329307842116325,
        0.33910433927435535,
        0.3477719024822276,
        0.3493826736669612
    ],
    "eigs_max": [
        1.3905715243918861,
        0.9522701749510702,
        0.5579117931892091,
        0.5681880255094945,
        0.45390738411414844,
        0.4423253546726078,
        0.4219818704194484,
        0.4154267921436483,
        0.41466609488072437,
        0.4158784158324422
    ],
    "inputs_max": [
        3.968757450889636,
        0.01528216289070572,
        0.6446207347294852,
        0.41170965541889926,
        0.44885540926913714,
        0.32495737513486167,
        0.3675841878346492,
        0.37715683925856835,
        0.30694065646528934,
        0.2560888945351625
    ],
    "eigs": [
        1.3106928469725496,
        1.0286159825539438,
        0.18658272409275212,
        0.30384797197082797,
        0.14427711352667721,
        0.10982652254662291,
        0.06868879199828515,
        0.07632245286929296,
        0.06689419239849675,
        0.06649574216548106
    ]
}