{
    "eigs_regret": [
        0.11060904746053857,
        -0.04144267938446844,
        0.16775610419609613,
        0.030997324675106575,
        0.18316035704735037,
        0.21585112345522983,
        0.2389364084254434,
        0.1804055010983357,
        0.23374438962963412,
        0.22503508012596657
    ],
    "eigs_max": [
        1.5233408572404947,
        0.9938895374221157,
        0.3472103287887165,
        0.32822604682426704,
        0.32143424985904495,
        0.29042212388545213,
        0.32643446153251027,
        0.2914670051128677,
        0.2970899011462206,
        0.3047366750490249
    ],
    "inputs_max": [
        3.2927666852209354,
        0.01528216289070572,
        0.95249372846686,
        0.8480315744485256,
        0.058295855439520206,
        0.07356256079836421,
        0.00536502927900584,
        0.033946111594862494,
        0.004683673385086351,
        0.03132364140812083
    ],
    "eigs": [
        1.4127318097799562,
        1.0353322168065842,
        0.17945422459262036,
        0.29722872214916046,
        0.13827389281169458,
        0.07457100043022229,
        0.08749805310706689,
        0.11106150401453202,
        0.06334551151658645,
        0.07970159492305835
    ]
}