{
    "eigs_regret": [
        0.045454060546970876,
        -0.22147561742143151,
        0.2811046739700587,
        0.2914867426870074,
        0.27195238036380587,
        0.32216900942680055,
        0.3071230981826053,
        0.2796851318431264,
        0.30144309583462003,
        0.3339776542052024
    ],
    "eigs_max": [
        1.3028039602612398,
        0.8323355904870832,
        0.5428767927993264,
        0.4316676984861196,
        0.40326049833871147,
        0.41642210702790233,
        0.37114979027832634,
        0.35166547988403324,
        0.3565903549055222,
        0.38343579599962746
    ],
    "inputs_max": [
        2.4242057415493106,
        0.12243112309108739,
        0.46895863526865533,
        0.28119594143758475,
        0.25427388654314154,
        0.2858511367108951,
        0.23831546212424837,
        0.38541120748959934,
        0.2790230409726424,
        0.22453558310315647
    ],
    "eigs": [
        1.257349899714269,
        1.0538112079085147,
        0.2617721188292677,
        0.14018095579911216,
        0.13130811797490557,
        0.09425309760110179,
        0.06402669209572101,
        0.07198034804090687,
        0.055147259070902205,
        0.04945814179442506
    ]
}