{
    "eigs_regret": [
        0.360092790591771,
        0.1129903096935625,
        0.025408700754409153,
        0.05086836932947586,
        0.1559377256276142,
        0.1637731952933484,
        0.1431340131091498,
        0.23160476563285773,
        0.177330527831539,
        0.2581548843767738
    ],
    "eigs_max": [
        1.4024163619527261,
        1.1511581206919894,
        0.40293948912461147,
        0.2865244423232738,
        0.3108390110950084,
        0.3103806482488515,
        0.2809073661383507,
        0.3684486125293115,
        0.25992199835557445,
        0.32461661414747206
    ],
    "inputs_max": [
        3.298864428983247,
        4.464155194583512,
        0.9529196241987192,
        4.169880508270814,
        0.014763266403777231,
        0.044452685711134365,
        0.15760653806052793,
        0.002759349285731405,
        0.14484998435292773,
        0.026563560186408375
    ],
    "eigs": [
        1.042323571360955,
        1.038167810998427,
        0.3775307883702023,
        0.23565607299379793,
        0.15490128546739418,
        0.14660745295550306,
        0.1377733530292009,
        0.13684384689645376,
        0.08259147052403545,
        0.06646172977069822
    ]
}