{
    "eigs_regret": [
        0.050874413342369085,
        0.5918962711286109,
        0.30082155540110556,
        -0.08286864121276416,
        0.10218615530720981,
        0.04226904305233256,
        0.09894488009707944,
        0.10188803987758004,
        0.04214009206690876,
        0.08346019738605637
    ],
    "eigs_max": [
        1.4296165941357044,
        1.150935944697669,
        1.0958343788276168,
        0.5873859851085859,
        0.2949488355719519,
        0.17525214612472262,
        0.19637867563178613,
        0.1761730873176791,
        0.16032227383779224,
        0.15581045451145564
    ],
    "inputs_max": [
        2.962053754553484,
        4.983902931662424,
        4.8940935348742585,
        0.13469723514478948,
        0.07648466642096785,
        0.045372343894101164,
        0.040377556647400725,
        4.836773485135698,
        3.776577572401978,
        0.07224831938269671
    ],
    "eigs": [
        1.3787421807933353,
        0.5590396735690581,
        0.7950128234265113,
        0.67025462632135,
        0.19276268026474208,
        0.13298310307239006,
        0.09743379553470669,
        0.07428504744009908,
        0.11818218177088348,
        0.07235025712539928
    ]
}