{
    "eigs_regret": [
        0.3817874341438966,
        0.3325226806741851,
        0.3778480914188701,
        0.11469768373556,
        0.14543668635522666,
        0.2133195778446005,
        0.21917598073030842,
        0.1522748482984542,
        0.1940377575557487,
        0.19633870066660017
    ],
    "eigs_max": [
        1.3724452078249585,
        1.290241468319348,
        0.9701512792997111,
        0.5215077566159728,
        0.3065687369555316,
        0.3063270418763011,
        0.3272311901116615,
        0.25768930827824293,
        0.2599072032117512,
        0.2744561982161365
    ],
    "inputs_max": [
        4.526822154383065,
        4.947558696649131,
        4.97217963907682,
        4.760828207687757,
        0.058295855439520206,
        0.07356256079836421,
        0.00536502927900584,
        0.033946111594862494,
        0.10906814588245939,
        0.02674134121365246
    ],
    "eigs": [
        0.9906577736810619,
        0.9577187876451628,
        0.592303187880841,
        0.4068100728804128,
        0.16113205060030494,
        0.0930074640317006,
        0.10805520938135312,
        0.10541445997978874,
        0.06586944565600251,
        0.07811749754953631
    ]
}