{
    "eigs_regret": [
        0.34217222680806136,
        0.0510373069103951,
        0.28799628692617946,
        0.011782852742301342,
        0.1750026421154914,
        0.1563066938288823,
        0.16485423872097366,
        0.22547944584337673,
        0.20194900251581904,
        0.2063136856464873
    ],
    "eigs_max": [
        1.357498484362841,
        1.3829116387147962,
        0.6014802298482905,
        0.45552768235269286,
        0.3274324525578421,
        0.2777685165071383,
        0.2765516224475604,
        0.29445774755960724,
        0.24803997639733702,
        0.2607045416821636
    ],
    "inputs_max": [
        2.4242057415493106,
        4.369237958756865,
        0.7155334277333392,
        0.6039977254298423,
        0.00012565203161452043,
        0.045372343894101164,
        0.0918596343503536,
        0.024883909777516644,
        0.05190772625317697,
        0.043439051144755214
    ],
    "eigs": [
        1.0153262575547797,
        1.331874331804401,
        0.31348394292211107,
        0.4437448296103915,
        0.15242981044235068,
        0.12146182267825602,
        0.11169738372658672,
        0.06897830171623051,
        0.04609097388151796,
        0.05439085603567631
    ]
}