{
    "eigs_regret": [
        0.06278804190144305,
        -0.02031581643099023,
        0.07641788209639516,
        0.07332054264133198,
        0.11529932867703316,
        0.19678648226378997,
        0.2262884437019212,
        0.23010267931588668,
        0.2252613780640469,
        0.24084195845293296
    ],
    "eigs_max": [
        1.3423549266689079,
        0.9407982979977724,
        0.42815133990920706,
        0.3284093465588345,
        0.30536150243914745,
        0.29283800594860454,
        0.3284515644393612,
        0.30901654923287764,
        0.28286396411386916,
        0.2816357736453278
    ],
    "inputs_max": [
        4.35627753280348,
        0.04688007802521599,
        1.0197816271968914,
        0.013112869394907856,
        0.058295855439520206,
        0.07356256079836421,
        0.00536502927900584,
        0.033946111594862494,
        0.10437013490695035,
        0.02674134121365246
    ],
    "eigs": [
        1.2795668847674648,
        0.9611141144287626,
        0.3517334578128119,
        0.25508880391750255,
        0.1900621737621143,
        0.09605152368481458,
        0.10216312073743998,
        0.07891386991699094,
        0.057602586049822276,
        0.040793815192394854
    ]
}