{
    "eigs_regret": [
        0.0023816114227579455,
        -0.05216755137906415,
        0.11715515119460401,
        0.02481515294185921,
        0.10964716366941613,
        0.207836161289176,
        0.1645865436578465,
        0.0922146041997918,
        0.27917664244798646,
        0.18568133642180745
    ],
    "eigs_max": [
        1.282137967186316,
        0.8723812357536319,
        0.42703005312743403,
        0.3817265937249392,
        0.2960448171041332,
        0.3433800945345923,
        0.3328544169034447,
        0.27330345989517857,
        0.33356574403829137,
        0.2581798871968505
    ],
    "inputs_max": [
        3.2344080135837263,
        0.09648652221371845,
        0.905272382984807,
        1.3892290419870545,
        0.9657517159723983,
        0.006893157574894837,
        0.013739309954575174,
        0.09719563369157247,
        0.009582410271053443,
        0.1480063151148331
    ],
    "eigs": [
        1.279756355763558,
        0.9245487871326961,
        0.30987490193283,
        0.35691144078308,
        0.1863976534347171,
        0.13554393324541628,
        0.1682678732455982,
        0.18108885569538677,
        0.05438910159030494,
        0.07249855077504301
    ]
}