{
    "eigs_regret": [
        0.10365045399512973,
        0.33211432411421526,
        0.437118830077733,
        -0.04343864001902642,
        0.17441970491738065,
        0.11773131809557894,
        0.2350850695677556,
        0.2206645655195299,
        0.12580960513396836,
        0.11387613725867138
    ],
    "eigs_max": [
        1.3948108533235963,
        0.9275887279285577,
        0.7081910123817642,
        0.7307119499830741,
        0.31847398693782974,
        0.26045809833981876,
        0.33525496992875875,
        0.27139918878710806,
        0.27039931181216825,
        0.22711539789188534
    ],
    "inputs_max": [
        3.2927666852209354,
        0.01528216289070572,
        0.07459357527723642,
        0.013112869394907856,
        0.058295855439520206,
        0.07356256079836421,
        0.00536502927900584,
        0.033946111594862494,
        0.10437013490695035,
        0.032080126783987084
    ],
    "eigs": [
        1.2911603993284666,
        0.5954744038143425,
        0.2710721823040312,
        0.7741505900021005,
        0.1440542820204491,
        0.14272678024423982,
        0.10016990036100314,
        0.05073462326757816,
        0.1445897066781999,
        0.11323926063321396
    ]
}