{
    "eigs_regret": [
        0.33116531672784877,
        0.08623367431241746,
        0.943939561615322,
        0.0238616807120835,
        0.11876340074811464,
        0.19371049744679059,
        0.21336040795611758,
        0.06808181782977629,
        0.21557915246674345,
        0.2116639378610872
    ],
    "eigs_max": [
        1.3853711525227468,
        1.4149355239336876,
        1.1511386080412758,
        0.33993063532768325,
        0.2511572321101814,
        0.26683746843180817,
        0.2966481544427941,
        0.8425021121036372,
        0.283996787554257,
        0.2790415584648432
    ],
    "inputs_max": [
        3.6669292383743968,
        3.627578634877543,
        0.38736199084186906,
        1.0376382413820562,
        0.058295855439520206,
        0.07356256079836421,
        0.00536502927900584,
        4.867902736834859,
        0.10437013490695035,
        0.03132364140812083
    ],
    "eigs": [
        1.054205835794898,
        1.3287018496212701,
        0.2071990464259538,
        0.31606895461559975,
        0.13239383136206678,
        0.0731269709850176,
        0.0832877464866765,
        0.7744202942738609,
        0.06841763508751356,
        0.06737762060375599
    ]
}