{
    "eigs_regret": [
        0.38013416523012933,
        0.11257607580498719,
        0.3678789791246284,
        0.11173009565835995,
        0.2644493431266982,
        0.24940743875193083,
        0.2634852141953201,
        0.27929588238006686,
        0.30190070856336243,
        0.16950537405210095
    ],
    "eigs_max": [
        1.4091044224871838,
        1.4048161755385715,
        0.7531336155436149,
        0.5597120205207532,
        0.37869673576560536,
        0.3557058412413641,
        0.3362355168240037,
        0.3544143729827322,
        0.36076125076375853,
        0.3042406079210577
    ],
    "inputs_max": [
        2.429639422219682,
        2.6683571086198965,
        0.6446207347294852,
        0.45492304195994315,
        0.3196581151085981,
        0.5365732951420932,
        0.00536502927900584,
        0.4978567607061407,
        0.5673325068631063,
        0.6557729306977167
    ],
    "eigs": [
        1.0289702572570545,
        1.2922400997335843,
        0.3852546364189865,
        0.44798192486239324,
        0.11424739263890712,
        0.10629840248943327,
        0.07275030262868361,
        0.07511849060266536,
        0.05886054220039612,
        0.13473523386895678
    ]
}