{
    "eigs_regret": [
        0.3899551994881041,
        0.042111165044979915,
        0.21897825526420484,
        0.2501116854344966,
        0.168562392495045,
        0.12150821101821924,
        0.14903982100329471,
        0.15991623347230344,
        0.1770988643952615,
        0.08510144786351162
    ],
    "eigs_max": [
        1.3986129640388458,
        1.0379987470794325,
        0.4535934289051346,
        0.481573523111637,
        0.4205264481181842,
        0.3517253711119464,
        0.26060770629846103,
        0.2718818995954203,
        0.272830722888587,
        0.25616109475104926
    ],
    "inputs_max": [
        3.6759090732382447,
        4.20311586890831,
        4.96054098909512,
        4.690985517275611,
        4.902937024215772,
        4.7682731612393425,
        0.14981316300286596,
        4.910424815541635,
        4.965601581498401,
        4.977974766698853
    ],
    "eigs": [
        1.0086577645507417,
        0.9958875820344526,
        0.23461517364092976,
        0.2314618376771404,
        0.25196405562313917,
        0.23021716009372717,
        0.1115678852951663,
        0.11196566612311687,
        0.09573185849332551,
        0.17105964688753764
    ]
}