{
    "eigs_regret": [
        0.0350350733790572,
        -0.009127203330869471,
        0.05101302050263079,
        0.06107296390522646,
        0.03970253165655099,
        0.07089308672553579,
        0.08417950716801428,
        0.1486349449839573,
        0.14070959947642603,
        0.1252535476153346
    ],
    "eigs_max": [
        1.4126566935831932,
        0.9350823464093215,
        0.47396925368568754,
        0.30379604072308813,
        0.23500227537242613,
        0.26601562345629726,
        0.23770243597984184,
        0.24697195192890345,
        0.2522244471153491,
        0.24366932453888515
    ],
    "inputs_max": [
        3.442734200145389,
        0.11012703091206943,
        4.677286267852087,
        1.4310351322996921,
        0.2113926461915827,
        0.047799852744063176,
        0.03324833371859792,
        0.0878398345150111,
        0.08083512116676961,
        0.09834493863017824
    ],
    "eigs": [
        1.377621620204136,
        0.944209549740191,
        0.42295623318305675,
        0.24272307681786168,
        0.19529974371587513,
        0.19512253673076146,
        0.15352292881182755,
        0.09833700694494615,
        0.11151484763892304,
        0.11841577692355054
    ]
}