{
    "eigs_regret": [
        0.353227135839979,
        0.03431159733757927,
        0.046431721668264425,
        0.026252569059660585,
        0.08181156793544686,
        0.12274418158766581,
        0.1341286409068641,
        0.08764571938170779,
        0.1600514727218501,
        0.2209719567707768
    ],
    "eigs_max": [
        1.4129347574479785,
        1.005672579676612,
        0.37965065332368453,
        0.2648772582168185,
        0.27111381799173273,
        0.2562539063786461,
        0.2545534025531391,
        0.226636565991488,
        0.23749598171859623,
        0.28102677060594705
    ],
    "inputs_max": [
        2.962053754553484,
        4.983902931662424,
        0.9407770321520553,
        0.28119594143758475,
        0.03412576314604898,
        0.045372343894101164,
        0.19336496755280874,
        0.06380164665674537,
        0.05190772625317697,
        0.043439051144755214
    ],
    "eigs": [
        1.0597076216079995,
        0.9713609823390327,
        0.3332189316554201,
        0.23862468915715793,
        0.18930225005628587,
        0.13350972479098028,
        0.12042476164627496,
        0.1389908466097802,
        0.07744450899674614,
        0.06005481383517026
    ]
}