{
    "eigs_regret": [
        0.3099369344441174,
        0.0031664647251474776,
        0.17580023882168952,
        0.0958392141412365,
        0.22612654250511427,
        0.17655229458278265,
        0.18474326373195699,
        0.13079358294121932,
        0.12435473927216414,
        0.2313523830827866
    ],
    "eigs_max": [
        1.3661004442908025,
        1.0958570655539546,
        0.40405592178600547,
        0.333514764508563,
        0.3331795238432456,
        0.2888976586919755,
        0.2741774797901121,
        0.33339166701195005,
        0.191991196694546,
        0.31171629623345426
    ],
    "inputs_max": [
        4.868545469440701,
        4.980106962501532,
        0.7084956620314847,
        0.4983371567248501,
        0.014763266403777231,
        0.044452685711134365,
        0.12396496717302474,
        0.0012436418953226669,
        0.5007647175777763,
        0.008534751503129212
    ],
    "eigs": [
        1.056163509846685,
        1.092690600828807,
        0.22825568296431595,
        0.2376755503673265,
        0.10705298133813133,
        0.11234536410919284,
        0.08943421605815509,
        0.20259808407073074,
        0.06763645742238186,
        0.08036391315066767
    ]
}