{
    "eigs_regret": [
        0.06060029567442626,
        0.6815698967537689,
        0.16982473487399896,
        0.007365983185396718,
        0.015288078817077722,
        0.1465999441711554,
        0.1191149167860211,
        0.19661182699403895,
        0.1354683185689872,
        0.11086594611399098
    ],
    "eigs_max": [
        1.3219947866066093,
        1.1806005365482855,
        0.9148610694480905,
        0.5467366523353119,
        0.3709042674509686,
        0.26839831732368435,
        0.26453410372271713,
        0.2555558482875401,
        0.21535596822919742,
        0.21630120172008244
    ],
    "inputs_max": [
        3.7657084016204445,
        4.966192630833684,
        4.956894137940445,
        0.021190405472764073,
        4.901970314818894,
        0.044452685711134365,
        0.15760653806052793,
        0.002759349285731405,
        0.14484998435292773,
        0.09746955912675326
    ],
    "eigs": [
        1.261394490932183,
        0.4990306397945166,
        0.7450363345740916,
        0.5393706691499152,
        0.3556161886338909,
        0.12179837315252896,
        0.14541918693669603,
        0.05894402129350114,
        0.07988764966021022,
        0.10543525560609146
    ]
}