{
    "eigs_regret": [
        0.28695502868041567,
        0.0620561241691413,
        0.08918655409942478,
        0.008808125086837537,
        0.06018001634403075,
        0.146023303631482,
        0.1809156846686178,
        0.22541024106527796,
        0.1599112831603445,
        0.128118223701726
    ],
    "eigs_max": [
        1.352827749335908,
        1.3283676334412449,
        0.6091252433695704,
        0.3354732959132684,
        0.257202902487988,
        0.32112101901760837,
        0.2952004509316729,
        0.31658566177719144,
        0.3087065538285551,
        0.2777284487452786
    ],
    "inputs_max": [
        3.669059121409745,
        3.3895892186702055,
        1.5773209558811796,
        0.7772568871457747,
        3.4573894429628798,
        0.006893157574894837,
        0.013739309954575174,
        0.09719563369157247,
        0.009582410271053443,
        0.1480063151148331
    ],
    "eigs": [
        1.0658727206554923,
        1.2663115092721036,
        0.5199386892701456,
        0.3266651708264309,
        0.19702288614395724,
        0.17509771538612637,
        0.11428476626305513,
        0.0911754207119135,
        0.1487952706682106,
        0.1496102250435526
    ]
}