{
    "eigs_regret": [
        0.3606414505592621,
        0.0578212856285778,
        0.1773087201564718,
        0.14439082742651327,
        0.05564762699183473,
        0.20925314585442897,
        0.20629416604647072,
        0.22967196267317597,
        0.18611538678725864,
        0.23966853613362069
    ],
    "eigs_max": [
        1.3854947995848208,
        1.1280352391123447,
        0.4242470907651759,
        0.37563297408762675,
        0.3220986507040136,
        0.3178066585968062,
        0.2941004913081297,
        0.3143087681101237,
        0.2631851571161296,
        0.2809646801861739
    ],
    "inputs_max": [
        4.441464206869284,
        4.369237958756865,
        0.8350329114727495,
        0.59295471130768,
        0.01382126293691055,
        0.045372343894101164,
        0.040377556647400725,
        0.024883909777516644,
        0.05190772625317697,
        0.07224831938269671
    ],
    "eigs": [
        1.0248533490255587,
        1.070213953483767,
        0.2469383706087041,
        0.23124214666111348,
        0.2664510237121789,
        0.1085535127423772,
        0.087806325261659,
        0.08463680543694775,
        0.07706977032887095,
        0.0412961440525532
    ]
}