{
    "eigs_regret": [
        0.05166819267990164,
        0.5935617563043054,
        0.754545255413498,
        -0.11907748656071959,
        0.3708790082553922,
        0.3728251057070047,
        0.36667302073694935,
        0.4233349874950392,
        0.38023335178793594,
        0.38024072761792327
    ],
    "eigs_max": [
        1.4858341606372047,
        0.8646541229456538,
        0.9103231958065516,
        0.8668275888696142,
        0.48080013704392505,
        0.44702609806568755,
        0.445589373491963,
        0.48775440832104505,
        0.4429071382798839,
        0.424569730021057
    ],
    "inputs_max": [
        2.997060111385483,
        0.09648652221371845,
        0.05571195699729303,
        0.059450977365204105,
        0.2864825080579514,
        0.33049258054244746,
        0.3483198566147472,
        0.5584962178199232,
        0.36990378597147877,
        0.23480444999610273
    ],
    "eigs": [
        1.4341659679573031,
        0.27109236664134845,
        0.1557779403930536,
        0.9859050754303338,
        0.10992112878853283,
        0.07420099235868284,
        0.07891635275501363,
        0.06441942082600587,
        0.062673786491948,
        0.04432900240313373
    ]
}