{
    "eigs_regret": [
        0.07902929050251783,
        0.6194661366564195,
        0.6217397512440956,
        0.46107757139936606,
        0.5289593466411233,
        0.5564221706352396,
        0.18602349780004135,
        0.2835776268782988,
        0.3648086745251781,
        0.32008017651740306
    ],
    "eigs_max": [
        1.4114976946425044,
        0.9680837387789929,
        0.7718542345853074,
        0.9175533272149485,
        0.6606093194541872,
        0.6595045468326147,
        0.7723804881153629,
        0.3639662874936151,
        0.4379873038197297,
        0.38290345067967735
    ],
    "inputs_max": [
        4.888977055275767,
        0.01528216289070572,
        0.10604919480155295,
        0.013112869394907856,
        0.058295855439520206,
        0.07356256079836421,
        0.00536502927900584,
        0.033946111594862494,
        0.004683673385086351,
        0.03132364140812083
    ],
    "eigs": [
        1.3324684041399866,
        0.3486176021225734,
        0.15011448334121183,
        0.4564757558155825,
        0.13164997281306387,
        0.1030823761973751,
        0.5863569903153215,
        0.0803886606153163,
        0.07317862929455161,
        0.06282327416227428
    ]
}