{
    "eigs_regret": [
        0.3665212617149616,
        0.03174995219419374,
        0.1924513200108106,
        0.06765961277755689,
        0.08472825080655264,
        0.1036587785627883,
        0.12292237345947338,
        0.1631072181407108,
        0.15017492628220527,
        0.12642079475490967
    ],
    "eigs_max": [
        1.4025363896340723,
        1.225181831818577,
        0.5302859336584874,
        0.3467672007868453,
        0.2769146092572959,
        0.2627804724534431,
        0.24803463623910224,
        0.2697625866617808,
        0.2398349896229805,
        0.2352079377900529
    ],
    "inputs_max": [
        4.170524545191898,
        4.4052102779242555,
        0.8371045783048708,
        1.0094302968093576,
        0.2864825080579514,
        0.006893157574894837,
        0.013739309954575174,
        0.09719563369157247,
        0.05961166472344237,
        0.1480063151148331
    ],
    "eigs": [
        1.0360151279191108,
        1.1934318796243832,
        0.3378346136476768,
        0.2791075880092884,
        0.19218635845074325,
        0.1591216938906548,
        0.12511226277962886,
        0.10665536852107002,
        0.08966006334077523,
        0.10878714303514322
    ]
}