{
    "eigs_regret": [
        0.18282419753386137,
        0.08218433437300221,
        0.34835967301487214,
        0.169127577388337,
        0.3275498617780255,
        0.34424363689324977,
        0.31818695832561633,
        0.30506734418751924,
        0.3193704762468498,
        0.3167840123091101
    ],
    "eigs_max": [
        1.2645874598075466,
        1.4462634718151,
        0.655825427608318,
        0.5811251874560394,
        0.4309690788834723,
        0.43337737057067593,
        0.41324522271978786,
        0.4190702237518184,
        0.3937315907320026,
        0.3780377224791273
    ],
    "inputs_max": [
        3.9845537431093843,
        3.0759735944800886,
        0.9056516602130921,
        0.3457199922222537,
        0.3213308443849988,
        0.4656193819634813,
        0.4043689331442535,
        0.3016115138730485,
        0.31702943175072773,
        0.36714314777350043
    ],
    "eigs": [
        1.0817632622736852,
        1.3640791374420977,
        0.30746575459344583,
        0.41199761006770236,
        0.1034192171054468,
        0.08913373367742618,
        0.09505826439417153,
        0.11400287956429919,
        0.0743611144851528,
        0.06125371017001726
    ]
}