{
    "eigs_regret": [
        0.3604085503805263,
        0.03827974544978108,
        0.15916986930164778,
        0.07223632381544381,
        0.04174204760068187,
        0.09996224021964745,
        0.1349117826869928,
        0.14539548301782598,
        0.11671372790562286,
        0.16597236916929675
    ],
    "eigs_max": [
        1.4405145713549818,
        0.5556967119613629,
        0.3081044429920473,
        0.20914359578466632,
        0.19917938480675715,
        0.20124002198867516,
        0.2362399268164313,
        0.23038532655903338,
        0.19672861651961154,
        0.2331661066293057
    ],
    "inputs_max": [
        4.7576205475073365,
        4.8606736858521264,
        0.03438050497229894,
        0.24666654306357505,
        0.2157051673316296,
        0.047799852744063176,
        0.03324833371859792,
        0.03082660414109928,
        0.08083512116676961,
        0.06408214445777105
    ],
    "eigs": [
        1.0801060209744555,
        0.5174169665115819,
        0.14893457369039953,
        0.1369072719692225,
        0.15743733720607528,
        0.10127778176902771,
        0.1013281441294385,
        0.0849898435412074,
        0.08001488861398869,
        0.06719373746000894
    ]
}