{
    "eigs_regret": [
        0.044314555740231354,
        0.36761620379535614,
        0.6118553752309978,
        -0.2961543993475272,
        0.18061118510986734,
        0.1881591153171078,
        0.2448957039224312,
        0.2794073486690671,
        0.0615063463448165,
        0.2139656875832384
    ],
    "eigs_max": [
        1.348434372991966,
        0.8432072977283526,
        0.8421665751501808,
        0.6589514120862751,
        0.35305264579010204,
        0.36126545767550444,
        0.33538925486393556,
        0.3447922317515388,
        0.34524003153752086,
        0.2853644575846813
    ],
    "inputs_max": [
        3.690543456187055,
        0.08264561397775594,
        0.03438050497229894,
        0.24666654306357505,
        0.6918244169693005,
        0.6042345226130097,
        0.4293593277038815,
        0.763214399018563,
        0.24260159124544767,
        0.09453582895175505
    ],
    "eigs": [
        1.3041198172517345,
        0.4755910939329964,
        0.23031119991918303,
        0.9551058114338022,
        0.1724414606802347,
        0.17310634235839664,
        0.09049355094150437,
        0.06538488308247169,
        0.28373368519270437,
        0.07139877000144293
    ]
}