{
    "eigs_regret": [
        0.32229369374651606,
        0.044627491567789335,
        0.20235036039442258,
        0.040488268102170266,
        0.19754110158371183,
        0.15990614547708287,
        0.162948133524991,
        0.16912850371642518,
        0.13298719714198878,
        0.12661766257202525
    ],
    "eigs_max": [
        1.2852070277065,
        1.1498786328892723,
        0.4332760013056992,
        0.3496654754464656,
        0.31921836386042046,
        0.2771165133624182,
        0.31094137590602966,
        0.2787718465194154,
        0.2620346649338042,
        0.21657024632462724
    ],
    "inputs_max": [
        2.997941175523967,
        4.569792806280896,
        0.8165723330690483,
        0.6568575129680182,
        0.01382126293691055,
        0.045372343894101164,
        0.040377556647400725,
        0.06380164665674537,
        0.05190772625317697,
        0.07224831938269671
    ],
    "eigs": [
        0.9629133339599839,
        1.105251141321483,
        0.23092564091127663,
        0.3091772073442953,
        0.12167726227670864,
        0.11721036788533536,
        0.14799324238103867,
        0.10964334280299022,
        0.1290474677918154,
        0.08995258375260198
    ]
}