{
    "eigs_regret": [
        0.10995952592617231,
        0.5221069528044608,
        0.6278075393266542,
        0.409831432023573,
        0.5090830934111377,
        -0.031544320070796106,
        0.0443502616367652,
        0.12751302781904506,
        0.06750358253127199,
        0.14086687431397862
    ],
    "eigs_max": [
        1.500522361644697,
        1.0515567465961448,
        0.8390810853442654,
        0.8008515307120494,
        0.6577040590522019,
        0.6553784496507054,
        0.21766684253121915,
        0.267207041013433,
        0.15781168768993506,
        0.20901978091423684
    ],
    "inputs_max": [
        3.7657084016204445,
        0.0014335669090298486,
        0.025667028056202135,
        0.021190405472764073,
        0.027110140071088806,
        0.044452685711134365,
        0.12396496717302474,
        0.0012436418953226669,
        0.12529963139154776,
        0.026563560186408375
    ],
    "eigs": [
        1.3905628357185247,
        0.529449793791684,
        0.21127354601761122,
        0.3910200986884764,
        0.1486209656410642,
        0.6869227697215015,
        0.17331658089445395,
        0.13969401319438796,
        0.09030810515866307,
        0.06815290660025822
    ]
}