{
    "eigs_regret": [
        0.06238728029225138,
        -0.11301004267526871,
        0.2996433354008561,
        0.05962607005127962,
        0.21732393902853878,
        0.23190459015509873,
        0.21979329267247255,
        0.25294157831398256,
        0.2564300202405337,
        0.2309613831264844
    ],
    "eigs_max": [
        1.3590416962005327,
        0.8364058141080587,
        0.4941401139307477,
        0.47671996435832614,
        0.3562587625660108,
        0.32957133132282557,
        0.3387223346397333,
        0.32741583152321324,
        0.3092449129500172,
        0.3017515596016428
    ],
    "inputs_max": [
        2.997941175523967,
        0.12243112309108739,
        0.7432044976727264,
        0.6039977254298423,
        0.00012565203161452043,
        0.2858511367108951,
        0.32677602471733014,
        0.38541120748959934,
        0.2790230409726424,
        0.3392104843314081
    ],
    "eigs": [
        1.2966544159082813,
        0.9494158567833274,
        0.1944967785298916,
        0.4170938943070465,
        0.13893482353747202,
        0.09766674116772682,
        0.11892904196726073,
        0.07447425320923065,
        0.05281489270948355,
        0.07079017647515841
    ]
}