{
    "eigs_regret": [
        0.40702042243354764,
        0.03536102066851887,
        0.18815944073475005,
        0.13434140798743666,
        0.12512269561027597,
        0.12548077462870932,
        0.12335087790054117,
        0.24471722073969104,
        0.09296453561140455,
        0.20942577158350897
    ],
    "eigs_max": [
        1.4049345938313278,
        1.2697748154194306,
        0.5677559436227201,
        0.46605814996527883,
        0.296965609571518,
        0.27490452339003024,
        0.2588934837608469,
        0.3254666924398884,
        0.26884373582535476,
        0.2813593806667477
    ],
    "inputs_max": [
        3.537101724502485,
        2.895225267900866,
        0.6974552798273365,
        0.7411722321247255,
        0.027110140071088806,
        0.044452685711134365,
        0.12396496717302474,
        0.033336789887278284,
        0.14484998435292773,
        0.008534751503129212
    ],
    "eigs": [
        0.9979141713977802,
        1.2344137947509117,
        0.37959650288797003,
        0.3317167419778422,
        0.17184291396124204,
        0.14942374876132092,
        0.13554260586030575,
        0.08074947170019735,
        0.1758792002139502,
        0.07193360908323873
    ]
}