{
    "eigs_regret": [
        0.017184804568273426,
        0.0006659486402025294,
        0.10324382950562772,
        0.10707333370805239,
        0.23544013209290832,
        0.1858474514114211,
        0.07676422569759866,
        0.30165999628764617,
        0.15766152320905696,
        0.1945834184674546
    ],
    "eigs_max": [
        1.3859876172830716,
        1.0602524158132478,
        0.3194574858726997,
        0.32726923909029265,
        0.35703168383885203,
        0.29597342946207034,
        0.26370583021421257,
        0.3577326012364596,
        0.22635000910349032,
        0.3100469921315305
    ],
    "inputs_max": [
        2.6702838439289343,
        0.007151982433191151,
        0.6974552798273365,
        0.021190405472764073,
        0.014763266403777231,
        0.044452685711134365,
        0.15760653806052793,
        0.0012436418953226669,
        0.12529963139154776,
        0.026563560186408375
    ],
    "eigs": [
        1.3688028127147982,
        1.0595864671730453,
        0.21621365636707196,
        0.22019590538224026,
        0.12159155174594373,
        0.11012597805064925,
        0.1869416045166139,
        0.05607260494881346,
        0.06868848589443335,
        0.11546357366407586
    ]
}