{
    "eigs_regret": [
        0.05437544683419637,
        -0.13120949814096738,
        0.09935231183691101,
        0.135890441342387,
        0.18166959188791534,
        0.24772675754625062,
        0.2729921488299467,
        0.22961040399143645,
        0.3015341144262779,
        0.18571460646184879
    ],
    "eigs_max": [
        1.457379946858735,
        0.9180092849502511,
        0.4635674055885496,
        0.3144809701540429,
        0.2867764173665768,
        0.356405173608796,
        0.3676047400570109,
        0.32472394123245807,
        0.348477291179678,
        0.2672806809301009
    ],
    "inputs_max": [
        4.170524545191898,
        0.09648652221371845,
        0.8371045783048708,
        0.9191965810174929,
        0.5584450155845572,
        0.006893157574894837,
        0.013739309954575174,
        0.10767044970922401,
        0.009582410271053443,
        0.1480063151148331
    ],
    "eigs": [
        1.4030045000245386,
        1.0492187830912185,
        0.3642150937516386,
        0.1785905288116559,
        0.10510682547866143,
        0.10867841606254536,
        0.09461259122706418,
        0.09511353724102162,
        0.046943176753400075,
        0.08156607446825208
    ]
}