{
    "eigs_regret": [
        0.3176731361129894,
        0.025303008651285985,
        0.10083794427714293,
        0.048765206928805926,
        0.15173289409532295,
        0.19538265443857322,
        0.1888592443782397,
        0.17052502798946068,
        0.24791833733509258,
        0.17003031689688836
    ],
    "eigs_max": [
        1.3027864498272348,
        1.0919893852631009,
        0.4825469848360665,
        0.35740819359134274,
        0.28427013075233915,
        0.35391296067140715,
        0.3129292413518025,
        0.28217572544075586,
        0.3258791674718722,
        0.2561526600848999
    ],
    "inputs_max": [
        3.031117192644131,
        4.801757789449463,
        0.905272382984807,
        0.9758538501065,
        0.5554761197497965,
        0.006893157574894837,
        0.013739309954575174,
        0.10767044970922401,
        0.009582410271053443,
        0.1480063151148331
    ],
    "eigs": [
        0.9851133137142454,
        1.0666863766118149,
        0.3817090405589236,
        0.3086429866625368,
        0.1325372366570162,
        0.15853030623283393,
        0.12406999697356282,
        0.11165069745129519,
        0.0779608301367796,
        0.08612234318801154
    ]
}