{
    "eigs_regret": [
        0.08560401222699787,
        0.031807635491721165,
        0.6322840771043958,
        0.3020165943103407,
        0.0007426816336796871,
        0.1722855526469062,
        0.13521059683656922,
        0.12731013959717835,
        0.03027370719534392,
        0.049642617861299754
    ],
    "eigs_max": [
        1.3672806328476077,
        0.9896573036795352,
        1.131279247580875,
        0.48042483900161703,
        0.41983010236901736,
        0.2735026554979238,
        0.2343280267659805,
        0.2600746872738075,
        0.1709634823562284,
        0.1519766147971065
    ],
    "inputs_max": [
        2.3277166808528573,
        4.980106962501532,
        4.956894137940445,
        4.776303504982496,
        4.901970314818894,
        0.15691204293875938,
        0.12396496717302474,
        0.0012436418953226669,
        0.2899526592415541,
        0.026563560186408375
    ],
    "eigs": [
        1.2816766206206098,
        0.957849668187814,
        0.49899517047647923,
        0.1784082446912763,
        0.41908742073533767,
        0.10121710285101758,
        0.09911742992941129,
        0.13276454767662915,
        0.1406897751608845,
        0.10233399693580675
    ]
}