{
    "eigs_regret": [
        0.020036269072334578,
        -0.008059554450572493,
        0.3576430475161205,
        0.14108049468405282,
        0.17048707609740613,
        0.11967893738203111,
        0.1794714275390286,
        0.2106119768531956,
        0.2243843110678332,
        0.27341086482754556
    ],
    "eigs_max": [
        1.3582473088866014,
        0.9785611646715535,
        0.5497560112028336,
        0.4848818683776203,
        0.3207173148960817,
        0.28189388669912513,
        0.2872394341733809,
        0.3342802114633143,
        0.28995317734359805,
        0.3493160983613768
    ],
    "inputs_max": [
        2.6599470696542986,
        0.0014335669090298486,
        0.6745094668608548,
        0.7411722321247255,
        0.027110140071088806,
        0.044452685711134365,
        0.15760653806052793,
        0.033336789887278284,
        0.12529963139154776,
        0.026563560186408375
    ],
    "eigs": [
        1.3382110398142668,
        0.986620719122126,
        0.19211296368671305,
        0.3438013736935675,
        0.15023023879867556,
        0.16221494931709401,
        0.10776800663435229,
        0.12366823461011874,
        0.06556886627576484,
        0.0759052335338312
    ]
}