{
    "eigs_regret": [
        0.488963961998938,
        0.12090096518153692,
        0.2342004918941878,
        0.06877938963482133,
        0.1679601216975002,
        0.19586615242450095,
        0.24318057908905882,
        0.20416442767913906,
        0.21464479113347584,
        0.25639293623872217
    ],
    "eigs_max": [
        1.4869526186313156,
        1.3259473293161328,
        0.4544643190971018,
        0.4335690272218526,
        0.309683666415126,
        0.29336144120760504,
        0.31631208877365674,
        0.3167538594838304,
        0.30716719016028293,
        0.32010968814860563
    ],
    "inputs_max": [
        4.147704466599404,
        4.947312653105821,
        0.46895863526865533,
        0.43892288222545317,
        0.3307459966191062,
        0.045372343894101164,
        0.3043804093184055,
        0.06380164665674537,
        0.647109704180735,
        0.09784802374667723
    ],
    "eigs": [
        0.9979886566323776,
        1.2050463641345959,
        0.220263827202914,
        0.36478963758703126,
        0.14172354471762583,
        0.09749528878310408,
        0.07313150968459793,
        0.11258943180469135,
        0.0925223990268071,
        0.06371675190988343
    ]
}