{
    "eigs_regret": [
        0.33136833458934545,
        0.01476044858671477,
        0.11509898210524933,
        0.11972007788113348,
        0.22900420054623766,
        0.17676551556585088,
        0.17328809497074604,
        0.2851899001326277,
        0.20114240734857347,
        0.255528475856313
    ],
    "eigs_max": [
        1.3784283412353389,
        0.9515176461989947,
        0.3796272744212481,
        0.29172218138001954,
        0.345437849295266,
        0.3019919842097491,
        0.2718838553781585,
        0.35824096407708406,
        0.25054974575586225,
        0.32481974438933325
    ],
    "inputs_max": [
        4.2802268113119855,
        3.7193763185017046,
        1.3988296549105705,
        0.07827453892056302,
        0.014763266403777231,
        0.044452685711134365,
        0.22154098396211963,
        0.0012436418953226669,
        0.12529963139154776,
        0.026563560186408375
    ],
    "eigs": [
        1.0470600066459934,
        0.9367571976122799,
        0.2645282923159988,
        0.17200210349888606,
        0.11643364874902835,
        0.12522646864389822,
        0.09859576040741248,
        0.07305106394445639,
        0.049407338407288774,
        0.06929126853302026
    ]
}