{
    "eigs_regret": [
        0.06868232085069348,
        0.004203065469330358,
        0.24581040511694202,
        0.19220852233707247,
        0.11716580338326599,
        0.15256619959523057,
        0.13066292397987087,
        0.2014100835282515,
        0.13672420357843296,
        0.23009615071716802
    ],
    "eigs_max": [
        1.3285791257993977,
        0.967414065976968,
        0.6330488723515775,
        0.3507433735114475,
        0.30481708564333365,
        0.30640313379421913,
        0.25771731547559795,
        0.31184627695598804,
        0.22913296044110446,
        0.30758952836370496
    ],
    "inputs_max": [
        4.300433896157746,
        0.007151982433191151,
        0.5555869057787338,
        0.7045153102595125,
        0.027110140071088806,
        0.15691204293875938,
        0.12396496717302474,
        0.0012436418953226669,
        0.12529963139154776,
        0.026563560186408375
    ],
    "eigs": [
        1.2598968049487043,
        0.9632110005076376,
        0.38723846723463545,
        0.15853485117437505,
        0.18765128226006766,
        0.15383693419898856,
        0.1270543914957271,
        0.11043619342773656,
        0.09240875686267151,
        0.07749337764653694
    ]
}