{
    "eigs_regret": [
        0.06061115228305214,
        -0.1938680054231552,
        0.10734229374965576,
        0.14475044216654703,
        0.22213673698624992,
        0.24529772879218154,
        0.2467067589786088,
        0.25081615533063883,
        0.26090967047253494,
        0.27186904926222005
    ],
    "eigs_max": [
        1.284123546106805,
        0.7880399284176307,
        0.42126598247848507,
        0.29923378291313457,
        0.3513693386513094,
        0.32858913076618296,
        0.31948710570928074,
        0.3264837549141494,
        0.30922381987355835,
        0.3131961124555173
    ],
    "inputs_max": [
        4.886052093658279,
        0.12243112309108739,
        0.46895863526865533,
        0.28119594143758475,
        0.01382126293691055,
        0.5005919447040708,
        0.040377556647400725,
        0.024883909777516644,
        0.05190772625317697,
        0.32718547787561447
    ],
    "eigs": [
        1.2235123938237529,
        0.9819079338407859,
        0.3139236887288293,
        0.15448334074658754,
        0.1292326016650595,
        0.08329140197400142,
        0.07278034673067194,
        0.07566759958351053,
        0.0483141494010234,
        0.04132706319329725
    ]
}