{
    "eigs_regret": [
        0.35902537915436405,
        0.038676026050507906,
        0.10852218451499934,
        0.06913401991687446,
        0.1030331016697826,
        0.17855872036849915,
        0.15831063384828226,
        0.20994994378482154,
        0.20337541159526934,
        0.2029305855015841
    ],
    "eigs_max": [
        1.3715498450592987,
        1.162198988676261,
        0.4305649793687504,
        0.3691626432830964,
        0.22843126810215453,
        0.29032740792207484,
        0.29079474841932507,
        0.2912581450628043,
        0.2671215104386119,
        0.28510026382484105
    ],
    "inputs_max": [
        3.690543456187055,
        4.900007686649244,
        0.8242112986733185,
        0.8208047562496906,
        0.2850880662737165,
        0.047799852744063176,
        0.03324833371859792,
        0.03082660414109928,
        0.08083512116676961,
        0.09453582895175505
    ],
    "eigs": [
        1.0125244659049346,
        1.123522962625753,
        0.32204279485375104,
        0.30002862336622194,
        0.12539816643237192,
        0.11176868755357569,
        0.1324841145710428,
        0.08130820127798274,
        0.06374609884334255,
        0.08216967832325696
    ]
}