{
    "eigs_regret": [
        0.45037252335160405,
        0.06486026872690553,
        0.4099358596519619,
        0.11982433245524576,
        0.31334025935636417,
        0.3581609476939735,
        0.29048854150419984,
        0.057832365003105346,
        0.25244556684568353,
        0.2081005857284739
    ],
    "eigs_max": [
        1.469858647860241,
        1.4694560413749465,
        0.7321010801866276,
        0.5899033828864066,
        0.43505024369604256,
        0.43182157232666896,
        0.4239020878548064,
        0.3935623214003092,
        0.31348956130117817,
        0.24885540630715997
    ],
    "inputs_max": [
        3.6508755077930206,
        2.552814571871562,
        0.7550018439971568,
        0.4263921029049972,
        0.2864825080579514,
        0.4085009034102083,
        0.38501091226943895,
        0.3016115138730485,
        0.009582410271053443,
        0.1480063151148331
    ],
    "eigs": [
        1.0194861245086368,
        1.404595772648041,
        0.3221652205346657,
        0.4700790504311609,
        0.12170998433967839,
        0.07366062463269545,
        0.13341354635060654,
        0.3357299563972039,
        0.061043994455494605,
        0.04075482057868606
    ]
}