{
    "eigs_regret": [
        0.4216430303738743,
        0.10690454967937923,
        0.2965647114056055,
        0.03653826002263566,
        0.1751544271001611,
        0.15240025697657053,
        0.10073142583262565,
        0.10683559255732422,
        0.16941646290073323,
        0.13312172683678325
    ],
    "eigs_max": [
        1.437326927073732,
        1.5257873436547882,
        0.7864806604464187,
        0.4025771728717565,
        0.3305569737771596,
        0.2989614894506284,
        0.30474614431536495,
        0.2954212894044681,
        0.24764599783643126,
        0.2743541309676702
    ],
    "inputs_max": [
        3.690543456187055,
        3.104289051404219,
        0.6265437663704593,
        1.5849470611175742,
        1.4097258384145546,
        0.7136320270052371,
        0.03324833371859792,
        0.08251341710101556,
        0.08083512116676961,
        0.06408214445777105
    ],
    "eigs": [
        1.0156838966998578,
        1.418882793975409,
        0.48991594904081326,
        0.3660389128491208,
        0.1554025466769985,
        0.14656123247405786,
        0.2040147184827393,
        0.18858569684714388,
        0.07822953493569804,
        0.14123240413088695
    ]
}