{
    "eigs_regret": [
        0.038636136506855934,
        0.17731841032204487,
        0.02180870758403608,
        0.12696973802837422,
        0.06691898631017484,
        0.05189955029241555,
        0.11902008311450582,
        0.1934787108277029,
        0.1507922927951829,
        0.19448481651175198
    ],
    "eigs_max": [
        1.4262040978848507,
        1.0937974596267022,
        0.9431004265142331,
        0.30272932755237125,
        0.3295035341630683,
        0.2587196433593782,
        0.2467890354032552,
        0.2654652658291416,
        0.24235988012216594,
        0.2744556197934463
    ],
    "inputs_max": [
        4.49153757373886,
        4.900007686649244,
        4.9500987802559395,
        0.24666654306357505,
        4.799726784837103,
        0.047799852744063176,
        0.03324833371859792,
        0.0878398345150111,
        0.08083512116676961,
        0.09453582895175505
    ],
    "eigs": [
        1.3875679613779948,
        0.9164790493046573,
        0.921291718930197,
        0.17575958952399703,
        0.2625845478528935,
        0.20682009306696264,
        0.12776895228874938,
        0.07198655500143869,
        0.09156758732698306,
        0.07997080328169431
    ]
}