{
    "eigs_regret": [
        0.3079797257372092,
        0.18416997585275785,
        0.0734079870846272,
        0.14511271096418915,
        0.07163052835346981,
        0.15774959590774873,
        0.1580177976678908,
        0.15907741710274112,
        0.13954920023567235,
        0.1527983124251645
    ],
    "eigs_max": [
        1.3403739804308274,
        1.1811649686585115,
        0.44616529330718346,
        0.3920670898849371,
        0.3064191298740293,
        0.30293902102485853,
        0.2562754020101016,
        0.2472126519928869,
        0.2108637934396025,
        0.22661733213119997
    ],
    "inputs_max": [
        1.9589969748347564,
        4.735175112536514,
        3.7170068073324387,
        4.809065355051732,
        4.918190012115377,
        0.006893157574894837,
        0.14981316300286596,
        0.09719563369157247,
        0.05961166472344237,
        0.1480063151148331
    ],
    "eigs": [
        1.0323942546936182,
        0.9969949928057537,
        0.37275730622255626,
        0.24695437892074795,
        0.2347886015205595,
        0.1451894251171098,
        0.09825760434221083,
        0.08813523489014577,
        0.07131459320393012,
        0.07381901970603547
    ]
}