{
    "eigs_regret": [
        0.42801729787749165,
        0.2812267635035348,
        0.15030058121868453,
        0.1814071817102209,
        0.21838483903638836,
        0.23233304824643758,
        0.17420868541520934,
        0.24651276448450107,
        0.2656838467383677,
        0.23647966033281909
    ],
    "eigs_max": [
        1.4600274864399612,
        1.593265984727222,
        0.37986795084577685,
        0.32277758797246825,
        0.3553124985613684,
        0.34293385639780244,
        0.3467840391867114,
        0.3144336689600376,
        0.33547578668135347,
        0.3214103714332176
    ],
    "inputs_max": [
        3.936138951887555,
        3.0759735944800886,
        0.47441586318389295,
        0.379135588358252,
        0.5584450155845572,
        0.8191956008383283,
        0.4043689331442535,
        0.33562191299366384,
        0.42667562251379076,
        0.23480444999610273
    ],
    "eigs": [
        1.0320101885624695,
        1.312039221223687,
        0.22956736962709232,
        0.14137040626224734,
        0.13692765952498,
        0.11060080815136485,
        0.17257535377150207,
        0.06792090447553653,
        0.06979193994298578,
        0.08493071110039851
    ]
}