{
    "eigs_regret": [
        0.024552043071756957,
        -0.09518063919775266,
        0.3903552121588453,
        0.18654609023952007,
        0.061202193511163905,
        0.10668784033197118,
        0.17247242119264156,
        0.2241900135631471,
        0.12350345419249448,
        0.17900504172277218
    ],
    "eigs_max": [
        1.2742466681355604,
        0.884379429522676,
        0.5869457010757253,
        0.5909488491242709,
        0.4213920385072759,
        0.2619523371185703,
        0.28823974361923116,
        0.29983163524958856,
        0.24665032652579566,
        0.2713760344085492
    ],
    "inputs_max": [
        2.7403051629276316,
        0.08264561397775594,
        0.479635220072791,
        0.3409809871449143,
        0.39176853169281545,
        0.047799852744063176,
        0.03324833371859792,
        0.03082660414109928,
        0.08083512116676961,
        0.06408214445777105
    ],
    "eigs": [
        1.2496946250638035,
        0.9795600687204287,
        0.19659048891688005,
        0.40440275888475086,
        0.360189844996112,
        0.15526449678659912,
        0.11576732242658962,
        0.07564162168644147,
        0.12314687233330118,
        0.092370992685777
    ]
}