{
    "eigs_regret": [
        0.03976556409249632,
        -0.019434473541249164,
        0.0754341416108189,
        0.058169718091495126,
        0.15478634956850942,
        0.14156303983927007,
        0.2433724313561416,
        0.1958833710482446,
        0.1523244230837069,
        0.23350206758109843
    ],
    "eigs_max": [
        1.3187093745740415,
        0.9928268082984223,
        0.35955525433155516,
        0.3494445229449488,
        0.28594349476444164,
        0.27008323161474346,
        0.36926725737372135,
        0.2985032980309212,
        0.33721557695024645,
        0.30755483296935665
    ],
    "inputs_max": [
        2.346128054713877,
        0.01528216289070572,
        0.773877054997219,
        0.013112869394907856,
        0.058295855439520206,
        0.07356256079836421,
        0.00536502927900584,
        0.033946111594862494,
        0.004683673385086351,
        0.03132364140812083
    ],
    "eigs": [
        1.2789438104815452,
        1.0122612818396715,
        0.28412111272073626,
        0.2912748048534537,
        0.13115714519593222,
        0.12852019177547339,
        0.12589482601757976,
        0.10261992698267657,
        0.18489115386653956,
        0.07405276538825822
    ]
}