{
    "eigs_regret": [
        0.11455638195684026,
        0.6631075934802971,
        0.8207689611568271,
        0.6742275940355738,
        0.589763437623854,
        0.9276036050580716,
        0.8850566605723249,
        0.7796824254683276,
        0.9007584387452335,
        0.6699488843098058
    ],
    "eigs_max": [
        1.389459938049544,
        0.8952833202350187,
        0.9261678844714741,
        0.8240890244453021,
        0.6818746587009903,
        0.9925512047967977,
        0.9554707012850557,
        0.8374204478647873,
        0.9665991609993787,
        0.7205605491197344
    ],
    "inputs_max": [
        3.5514984854698555,
        0.09648652221371845,
        0.05571195699729303,
        0.059450977365204105,
        0.19647107237077077,
        0.006893157574894837,
        0.013739309954575174,
        0.10767044970922401,
        0.009582410271053443,
        0.16001089405819957
    ],
    "eigs": [
        1.2749035560927038,
        0.23217572675472153,
        0.10539892331464704,
        0.14986143040972827,
        0.09211122107713629,
        0.06494759973872613,
        0.07041404071273077,
        0.057738022396459754,
        0.0658407222541452,
        0.05061166480992857
    ]
}