{
    "eigs_regret": [
        0.09452096342564431,
        0.1565750948622181,
        0.4609475174440082,
        0.5074438055736756,
        0.20471015489277333,
        0.021366099723017284,
        0.1787106472007714,
        0.16135427664591137,
        0.20597538255459824,
        0.16847257315561365
    ],
    "eigs_max": [
        1.4008537550763913,
        0.8545031860144174,
        0.6412649975344368,
        0.613830162475162,
        0.45947307946555277,
        0.6858379856972949,
        0.31296223040147597,
        0.24790843539603555,
        0.2794337981492191,
        0.2361583105810237
    ],
    "inputs_max": [
        4.800107978385108,
        0.1155432909403098,
        0.05571195699729303,
        0.059450977365204105,
        0.19647107237077077,
        0.006893157574894837,
        0.013739309954575174,
        0.09719563369157247,
        0.009582410271053443,
        0.1480063151148331
    ],
    "eigs": [
        1.306332791650747,
        0.6979280911521993,
        0.18031748009042856,
        0.10638635690148629,
        0.25476292457277944,
        0.6644718859742776,
        0.13425158320070457,
        0.08655415875012418,
        0.07345841559462087,
        0.06768573742541005
    ]
}