{
    "eigs_regret": [
        0.35582392285221554,
        0.027150173172119096,
        0.2280251183990623,
        0.09223356020188633,
        0.23294009224425866,
        0.15492812923287486,
        0.23863500893738104,
        0.23788715462414434,
        -0.019881095098442603,
        0.12581662082904893
    ],
    "eigs_max": [
        1.404210325848235,
        1.4524940544625997,
        0.6885917029127305,
        0.5464528523741046,
        0.349735874178719,
        0.3199014085647945,
        0.3274527063016932,
        0.3159830443938322,
        0.2890171239038901,
        0.25424679036412257
    ],
    "inputs_max": [
        4.345905758412082,
        3.1703922309919026,
        0.7095926929981483,
        0.590866783387271,
        0.5408176454195168,
        0.6476797767532755,
        0.03324833371859792,
        0.03082660414109928,
        0.37756592163810887,
        0.06408214445777105
    ],
    "eigs": [
        1.0483864029960195,
        1.4253438812904806,
        0.4605665845136682,
        0.45421929217221824,
        0.11679578193446032,
        0.16497327933191963,
        0.08881769736431218,
        0.07809588976968784,
        0.3088982190023327,
        0.12843016953507363
    ]
}