{
    "eigs_regret": [
        0.33877952619175566,
        0.016059338738821483,
        0.2895312915411658,
        0.10409476002426554,
        0.12135631038184774,
        0.08269186301496281,
        0.09460563284312143,
        0.21826340575214767,
        0.13135392300587248,
        0.16640227166791494
    ],
    "eigs_max": [
        1.3535409079282095,
        1.3662216740635371,
        0.6062406484329987,
        0.4914148407338885,
        0.3002571060386624,
        0.27351073773427115,
        0.2331192243617807,
        0.29719862318656026,
        0.20461620874053552,
        0.28875156678660224
    ],
    "inputs_max": [
        3.8903713539059197,
        4.109069078086852,
        0.6745094668608548,
        0.5813471440313622,
        0.4680310781893182,
        0.20889207816380873,
        0.12396496717302474,
        0.0012436418953226669,
        0.12529963139154776,
        0.008534751503129212
    ],
    "eigs": [
        1.0147613817364538,
        1.3501623353247156,
        0.31670935689183294,
        0.387320080709623,
        0.17890079565681466,
        0.19081887471930833,
        0.13851359151865927,
        0.07893521743441259,
        0.07326228573466304,
        0.1223492951186873
    ]
}