{
    "eigs_regret": [
        0.43404181280563425,
        0.03667985323111744,
        0.11497717258931706,
        0.16521041709748668,
        0.050131735192126436,
        0.11925139769782861,
        0.12360022149691298,
        0.13548070668470757,
        0.1805413803700465,
        0.10550573349486649
    ],
    "eigs_max": [
        1.438333475325359,
        1.4787011686210203,
        0.5029455926174612,
        0.37550277174774965,
        0.3156485095646967,
        0.27473944913217657,
        0.2400487114462796,
        0.23314743242825398,
        0.2662939308002375,
        0.2108819224843591
    ],
    "inputs_max": [
        3.669059121409745,
        4.57224018772219,
        4.385463815617662,
        4.919442808028726,
        4.318936450846576,
        0.032248080631644416,
        0.013739309954575174,
        0.14535755352864,
        0.1309809243276383,
        0.23480444999610273
    ],
    "eigs": [
        1.0042916625197247,
        1.4420213153899029,
        0.38796842002814413,
        0.21029235465026297,
        0.26551677437257026,
        0.15548805143434796,
        0.11644848994936662,
        0.09766672574354641,
        0.085752550430191,
        0.10537618898949262
    ]
}