{
    "eigs_regret": [
        0.007254237133370589,
        -0.15936337025419478,
        0.20662741923036795,
        0.09559832731059659,
        0.15516691948915487,
        0.20358693742201991,
        0.1518610596793572,
        0.22018788070970027,
        0.2212576159276948,
        0.21747524718827205
    ],
    "eigs_max": [
        1.3153587543327836,
        0.7875033957526512,
        0.39974766953145185,
        0.40694946949128097,
        0.2897911698100103,
        0.33324247757458797,
        0.2973780415907039,
        0.3035578119104398,
        0.2946847765928469,
        0.2908234716745002
    ],
    "inputs_max": [
        3.053519131280072,
        0.11012703091206943,
        0.9184123399529492,
        0.7457931086998548,
        0.39176853169281545,
        0.047799852744063176,
        0.3089967215647327,
        0.0878398345150111,
        0.15290265808431902,
        0.09453582895175505
    ],
    "eigs": [
        1.308104517199413,
        0.9468667660068459,
        0.1931202503010839,
        0.3113511421806844,
        0.13462425032085543,
        0.12965554015256806,
        0.1455169819113467,
        0.08336993120073952,
        0.07342716066515212,
        0.07334822448622813
    ]
}