{
    "eigs_regret": [
        0.08686732234481198,
        -0.08810831017468779,
        0.2791126140957635,
        0.2004094610912086,
        0.0776736656824702,
        0.008479622439395762,
        0.13558292601975533,
        0.0773737212448368,
        0.1207774126475144,
        0.03531898956028527
    ],
    "eigs_max": [
        1.4293299063847613,
        0.9139263292429103,
        0.4395845791577874,
        0.49251190443905646,
        0.3497653017893432,
        0.2926564389881472,
        0.30924176662183356,
        0.2357071802797489,
        0.2945782127817283,
        0.14451282033609208
    ],
    "inputs_max": [
        3.968757450889636,
        0.01528216289070572,
        0.38736199084186906,
        0.4248067305803066,
        0.32344948924047934,
        0.07356256079836421,
        0.00536502927900584,
        0.033946111594862494,
        0.004683673385086351,
        0.03132364140812083
    ],
    "eigs": [
        1.3424625840399493,
        1.002034639417598,
        0.16047196506202394,
        0.29210244334784785,
        0.272091636106873,
        0.28417681654875143,
        0.17365884060207823,
        0.1583334590349121,
        0.1738008001342139,
        0.10919383077580681
    ]
}