{
    "eigs_regret": [
        0.048774876544900314,
        -0.1749051721608874,
        0.34044697819453473,
        0.2025524585109848,
        0.022084735935499922,
        0.18258203918863353,
        0.19521560692156792,
        0.221517356524556,
        0.20036693498448427,
        0.20819801671683996
    ],
    "eigs_max": [
        1.3443864070726053,
        0.880854741467707,
        0.5168100153121273,
        0.5070050861075373,
        0.39533214411673634,
        0.29770953440419223,
        0.30242341323214394,
        0.2932245827549931,
        0.2699305138511497,
        0.2583588139103725
    ],
    "inputs_max": [
        4.26437235800535,
        0.11012703091206943,
        0.5469187365242145,
        0.590866783387271,
        0.40058457819720394,
        0.3525558601115747,
        0.03324833371859792,
        0.03082660414109928,
        0.24260159124544767,
        0.2181734541599495
    ],
    "eigs": [
        1.295611530527705,
        1.0557599136285944,
        0.17636303711759257,
        0.30445262759655245,
        0.3732474081812364,
        0.11512749521555872,
        0.10720780631057601,
        0.07170722623043707,
        0.06956357886666543,
        0.05016079719353257
    ]
}