{
    "eigs_regret": [
        0.26672641925654217,
        0.05938638623135173,
        0.316258880732604,
        0.03179957512656095,
        0.026810053597521644,
        0.09925047699670056,
        0.22411142377357252,
        0.23042007148496885,
        0.16808956733421476,
        0.2129414700329535
    ],
    "eigs_max": [
        1.3056202972641147,
        1.390209370685627,
        0.5275626479755504,
        0.5160582621861642,
        0.27927986525795895,
        0.2660715937397674,
        0.3342192592988931,
        0.3106316343939133,
        0.24382200559033124,
        0.2892912576896586
    ],
    "inputs_max": [
        3.442734200145389,
        2.91363999017761,
        0.9184123399529492,
        0.7457931086998548,
        0.8478300500672264,
        0.047799852744063176,
        0.03324833371859792,
        0.03082660414109928,
        0.08083512116676961,
        0.06408214445777105
    ],
    "eigs": [
        1.0388938780075725,
        1.3308229844542754,
        0.2113037672429464,
        0.4842586870596033,
        0.2524698116604373,
        0.16682111674306685,
        0.11010783552532061,
        0.08021156290894442,
        0.07573243825611646,
        0.07634978765670508
    ]
}