{
    "eigs_regret": [
        0.36603219486128546,
        0.05753930768622517,
        0.31053223709935374,
        0.07726377961010206,
        0.2932232511125713,
        0.24726365436882053,
        0.29942530967014386,
        0.3286005066599357,
        0.26375749874264304,
        0.30040409185593014
    ],
    "eigs_max": [
        1.367397056955558,
        1.4517418981820256,
        0.6791515524420465,
        0.5710799798600809,
        0.43303333243830516,
        0.37831027566864084,
        0.365701378653344,
        0.3972441977433777,
        0.37064453664124014,
        0.35807366605786367
    ],
    "inputs_max": [
        4.227300765263701,
        4.112697599100887,
        0.6974552798273365,
        0.7411722321247255,
        0.5175267463907585,
        0.5855601745140715,
        0.434837329259537,
        0.48230457880764854,
        0.5007647175777763,
        0.2810561875821044
    ],
    "eigs": [
        1.0013648620942726,
        1.3942025904958004,
        0.36861931534269277,
        0.4938162002499788,
        0.13981008132573386,
        0.1310466212998203,
        0.06627606898320017,
        0.06864369108344207,
        0.1068870378985971,
        0.05766957420193354
    ]
}