{
    "eigs_regret": [
        0.03266400558756577,
        -0.10570667294279457,
        0.3839350864625021,
        0.04624555973670841,
        0.1639298615479422,
        0.18850082360272308,
        0.13522852337162672,
        0.15446647307936934,
        0.14918386106391698,
        0.13439627432209295
    ],
    "eigs_max": [
        1.2622829681806953,
        0.8920213411138453,
        0.576109161329232,
        0.5614182071805655,
        0.33692254082597434,
        0.30778081515826716,
        0.2857877485407386,
        0.26858723427698317,
        0.24314124171664836,
        0.24439366078092775
    ],
    "inputs_max": [
        4.147704466599404,
        0.12243112309108739,
        0.7155334277333392,
        0.6626159952491145,
        0.03412576314604898,
        0.045372343894101164,
        0.040377556647400725,
        0.06380164665674537,
        0.05190772625317697,
        0.043439051144755214
    ],
    "eigs": [
        1.2296189625931295,
        0.9977280140566399,
        0.19217407486672988,
        0.515172647443857,
        0.17299267927803214,
        0.11927999155554408,
        0.15055922516911185,
        0.11412076119761383,
        0.09395738065273138,
        0.10999738645883479
    ]
}