{
    "eigs_regret": [
        0.05716599806190148,
        -0.18519252247450546,
        0.14627118868346264,
        0.08457201256977742,
        0.14961575018477796,
        0.20165505210322968,
        0.2255237409676345,
        0.17042179324252507,
        0.2038829895722498,
        0.20930901290487142
    ],
    "eigs_max": [
        1.482051910921642,
        0.8733102523302785,
        0.36548011317097656,
        0.4006528749768944,
        0.2829060005368897,
        0.3319847629230896,
        0.3122635362763039,
        0.26615362813541715,
        0.2759208756430261,
        0.2810751604513545
    ],
    "inputs_max": [
        4.208737483985555,
        0.12243112309108739,
        0.7432044976727264,
        0.43892288222545317,
        0.01382126293691055,
        0.045372343894101164,
        0.040377556647400725,
        0.06380164665674537,
        0.05190772625317697,
        0.043439051144755214
    ],
    "eigs": [
        1.4248859128597404,
        1.058502774804784,
        0.21920892448751392,
        0.31608086240711697,
        0.13329025035211173,
        0.13032971081985992,
        0.08673979530866938,
        0.09573183489289208,
        0.0720378860707763,
        0.07176614754648307
    ]
}