{
    "eigs_regret": [
        0.08547514913434395,
        -0.09154077356721879,
        -0.014536460735292356,
        0.04703925473106674,
        0.072509741864489,
        0.16091411754682605,
        0.1446323109051929,
        0.1521522298070116,
        0.188247966465733,
        0.16036443646547174
    ],
    "eigs_max": [
        1.390651208513876,
        0.9174366836351177,
        0.7041179541298798,
        0.3400461282819672,
        0.21683584490212726,
        0.2709135427926589,
        0.2418104490093694,
        0.22834567391777486,
        0.2625293027423336,
        0.21486393681830893
    ],
    "inputs_max": [
        3.5514984854698555,
        0.08309836389464031,
        4.878050338938918,
        0.9407808099168846,
        0.2864825080579514,
        0.006893157574894837,
        0.013739309954575174,
        0.09719563369157247,
        0.009582410271053443,
        0.20191834798802488
    ],
    "eigs": [
        1.305176059379532,
        1.0089774572023364,
        0.7186544148651721,
        0.29300687355090044,
        0.14432610303763826,
        0.10999942524583284,
        0.0971781381041765,
        0.07619344411076324,
        0.07428133627660062,
        0.05449950035283719
    ]
}