{
    "eigs_regret": [
        0.4165938085924743,
        0.03209967007488701,
        0.16592363557015571,
        0.21301456183801143,
        0.2118715370955898,
        0.23994394443131928,
        0.26187586481981445,
        0.27409894155149056,
        0.2780910265684695,
        0.29511547163967106
    ],
    "eigs_max": [
        1.424755785491316,
        1.580977406938055,
        0.559548135803751,
        0.36115044585674216,
        0.34654107214009394,
        0.35196432249120785,
        0.35292398828036825,
        0.35731662397384867,
        0.34674407232888454,
        0.3468979511973443
    ],
    "inputs_max": [
        2.4317032073827023,
        3.2154409129891173,
        0.4527097786966672,
        0.021190405472764073,
        0.4680310781893182,
        0.5946712538865484,
        0.44881111975310806,
        0.4582501910676845,
        0.5007647175777763,
        0.5034068067793945
    ],
    "eigs": [
        1.0081619768988417,
        1.548877736863168,
        0.39362450023359524,
        0.14813588401873073,
        0.13466953504450413,
        0.11202037805988857,
        0.0910481234605538,
        0.08321768242235811,
        0.06865304576041503,
        0.05178247955767324
    ]
}