{
    "eigs_regret": [
        0.24566392539151938,
        0.057339222368205656,
        0.20377590759931036,
        0.07285512499231395,
        0.027181704214369162,
        0.1746724399115814,
        0.16591493998710113,
        0.20801450054139056,
        0.18183728584523012,
        0.1802987029774608
    ],
    "eigs_max": [
        1.4018605571989937,
        1.3065256788632627,
        0.5598994632672756,
        0.39620277380529195,
        0.29761799669497113,
        0.28376728306384935,
        0.27691932631321536,
        0.28784698067697534,
        0.25474123392451703,
        0.27382556540631586
    ],
    "inputs_max": [
        3.568117866015543,
        3.4688412683647467,
        0.5828321104465944,
        0.9541211871033028,
        0.9484676785238189,
        0.047799852744063176,
        0.03324833371859792,
        0.0878398345150111,
        0.08083512116676961,
        0.06408214445777105
    ],
    "eigs": [
        1.1561966318074743,
        1.249186456495057,
        0.3561235556679652,
        0.323347648812978,
        0.27043629248060197,
        0.10909484315226795,
        0.11100438632611423,
        0.07983248013558478,
        0.07290394807928692,
        0.09352686242885505
    ]
}