{
    "eigs_regret": [
        0.37354456694576066,
        0.046813940678914756,
        0.2954888884030089,
        0.3084029866609315,
        0.2477887509457979,
        0.06898934799196621,
        0.14397906192895418,
        0.20871991319650285,
        0.17204549886357612,
        0.24232174523640998
    ],
    "eigs_max": [
        1.3871895177301992,
        1.244090177153831,
        0.5290322709305413,
        0.4458300852816158,
        0.37107858847357567,
        0.417794642466147,
        0.28742171132628425,
        0.2734400622284244,
        0.25798879725001755,
        0.3127793930231758
    ],
    "inputs_max": [
        4.008947510644123,
        4.983902931662424,
        0.7155334277333392,
        0.6568575129680182,
        0.7918678524929557,
        0.5139408744403201,
        0.0918596343503536,
        0.024883909777516644,
        0.05190772625317697,
        0.07224831938269671
    ],
    "eigs": [
        1.0136449507844385,
        1.1972762364749163,
        0.23354338252753234,
        0.13742709862068425,
        0.12328983752777779,
        0.3488052944741808,
        0.14344264939733006,
        0.06472014903192154,
        0.08594329838644142,
        0.07045764778676585
    ]
}