{
    "eigs_regret": [
        0.32753114597794464,
        0.09005706133496583,
        0.29670670427641455,
        0.036577259135141926,
        0.13170304446546083,
        0.2029401267163426,
        0.17609152481413537,
        0.17835499024754126,
        0.24789381324965884,
        0.2583683630581454
    ],
    "eigs_max": [
        1.3766618095800622,
        1.394069480008726,
        0.6068845681023317,
        0.5039628978831835,
        0.2985264182417378,
        0.3080680913150877,
        0.2956834029327149,
        0.2793094670443512,
        0.30591027946853344,
        0.3269455946380615
    ],
    "inputs_max": [
        4.521930255207571,
        3.627578634877543,
        0.7849035841342372,
        0.5755196585521966,
        0.058295855439520206,
        0.07356256079836421,
        0.00536502927900584,
        0.033946111594862494,
        0.004683673385086351,
        0.032080126783987084
    ],
    "eigs": [
        1.0491306636021176,
        1.3040124186737603,
        0.31017786382591717,
        0.46738563874804157,
        0.16682337377627698,
        0.10512796459874514,
        0.1195918781185795,
        0.10095447679680995,
        0.058016466218874595,
        0.06857723157991609
    ]
}