{
    "eigs_regret": [
        0.3447001023353431,
        0.028128549271432268,
        0.1612948983909151,
        0.22216673860776157,
        0.18118591982908247,
        0.26214205466691565,
        0.2625463483297878,
        0.267612902228969,
        0.26659989297478215,
        0.2677744766864362
    ],
    "eigs_max": [
        1.3880677201365215,
        1.276119519303078,
        0.4994042005015938,
        0.3515642320638783,
        0.3286952272654712,
        0.3534391562113307,
        0.3412051034690389,
        0.3276696573914676,
        0.3168113676747478,
        0.3284866762735417
    ],
    "inputs_max": [
        3.2927666852209354,
        4.709001892682208,
        0.5526218363786883,
        0.013112869394907856,
        0.32344948924047934,
        0.28493500412539396,
        0.00536502927900584,
        0.38079911395649757,
        0.3224852824962793,
        0.22928971722316727
    ],
    "eigs": [
        1.0433676178011784,
        1.2479909700316458,
        0.3381093021106787,
        0.12939749345611676,
        0.1475093074363887,
        0.09129710154441507,
        0.0786587551392511,
        0.06005675516249857,
        0.05021147469996565,
        0.060712199587105484
    ]
}