{
    "eigs_regret": [
        0.060035744381641054,
        -0.17105099160979287,
        0.06910752837647918,
        0.1002872552354348,
        0.261179467889678,
        0.17858703332921655,
        0.17659235481529872,
        0.21054980179178828,
        0.21399106888828706,
        0.17981626201986933
    ],
    "eigs_max": [
        1.4110640362660891,
        0.8555379173062918,
        0.2910409284153585,
        0.3188146952767344,
        0.36405754248712857,
        0.30422138113419694,
        0.2909487504768678,
        0.30123445470332594,
        0.2833742917769945,
        0.256617671758181
    ],
    "inputs_max": [
        4.008947510644123,
        0.12243112309108739,
        0.09131874612983815,
        0.17292624489679276,
        0.00012565203161452043,
        0.045372343894101164,
        0.040377556647400725,
        0.06380164665674537,
        0.05190772625317697,
        0.10615400777861772
    ],
    "eigs": [
        1.351028291884448,
        1.0265889089160847,
        0.22193340003887932,
        0.2185274400412996,
        0.10287807459745059,
        0.1256343478049804,
        0.11435639566156908,
        0.09068465291153766,
        0.06938322288870748,
        0.07680140973831169
    ]
}