{
    "eigs_regret": [
        0.44341863575938656,
        0.06151895684025366,
        0.2968255914800254,
        0.02094066514389681,
        0.14309614278380287,
        0.1260254742762128,
        0.21142010105270762,
        0.1761210657964443,
        0.15459269273592705,
        0.21021817249327165
    ],
    "eigs_max": [
        1.417381947060435,
        1.4526842333436338,
        0.6907950831717605,
        0.33958856893119627,
        0.3094143599483471,
        0.29654448085625573,
        0.3122873492370711,
        0.3033169865881368,
        0.2503443854896997,
        0.28199218342535326
    ],
    "inputs_max": [
        3.3765507705826376,
        3.2888594044587682,
        0.8350329114727495,
        0.34309275142297035,
        0.01382126293691055,
        0.045372343894101164,
        0.0918596343503536,
        0.024883909777516644,
        0.05190772625317697,
        0.043439051144755214
    ],
    "eigs": [
        0.9739633113010484,
        1.3911652765033802,
        0.3939694916917351,
        0.31864790378729946,
        0.16631821716454423,
        0.17051900658004293,
        0.10086724818436346,
        0.12719592079169253,
        0.09575169275377263,
        0.0717740109320816
    ]
}