{
    "eigs_regret": [
        0.09189097333540941,
        -0.049598369301535494,
        0.22335330228799316,
        0.07143121175136485,
        0.18303016507666703,
        0.1989745718375901,
        0.2244781284605249,
        0.2762168624719813,
        0.2695345372956294,
        0.27099175771874284
    ],
    "eigs_max": [
        1.4083473609538888,
        0.9760352689916506,
        0.550927149019752,
        0.4707913919295567,
        0.3178608622609505,
        0.2990203320162783,
        0.3002071204795201,
        0.3307336679353388,
        0.3229298826251854,
        0.31596467514529175
    ],
    "inputs_max": [
        2.8453237453747287,
        0.007151982433191151,
        1.3473206422209656,
        1.031115858182448,
        0.027110140071088806,
        0.044452685711134365,
        0.7091756211610334,
        0.002759349285731405,
        0.5007647175777763,
        0.046256428875183775
    ],
    "eigs": [
        1.3164563876184794,
        1.025633638293186,
        0.3275738467317589,
        0.39936018017819186,
        0.13483069718428348,
        0.10004576017868821,
        0.0757289920189952,
        0.054516805463357534,
        0.05339534532955605,
        0.04497291742654893
    ]
}