{
    "eigs_regret": [
        0.32066495480064905,
        0.01760882376518058,
        0.22963798484062103,
        0.1435704574099353,
        0.20634376969630203,
        0.21553232723187526,
        0.26182579934548655,
        0.2253955303678732,
        0.2610463247481285,
        0.24073453144174498
    ],
    "eigs_max": [
        1.3448518833918375,
        1.0991394177572293,
        0.487007131573492,
        0.3662695331501487,
        0.33718933727703326,
        0.3126609168791159,
        0.34568067219394155,
        0.3031948630259757,
        0.32256758140893227,
        0.2989640192588155
    ],
    "inputs_max": [
        4.35627753280348,
        4.590777851280905,
        0.6446207347294852,
        0.725494346505744,
        0.058295855439520206,
        0.32495737513486167,
        0.00536502927900584,
        0.033946111594862494,
        0.004683673385086351,
        0.03132364140812083
    ],
    "eigs": [
        1.0241869285911884,
        1.0815305939920488,
        0.257369146732871,
        0.22269907574021341,
        0.13084556758073124,
        0.09712858964724065,
        0.083854872848455,
        0.0777993326581025,
        0.06152125666080379,
        0.05822948781707052
    ]
}