{
    "eigs_regret": [
        0.024393761804183844,
        0.008550384506452818,
        0.03933064559058848,
        0.011961029728583233,
        0.03441742138518529,
        0.014166765715999202
    ],
    "eigs_max": [
        0.14966796715402944,
        0.15334426008145044,
        0.15246305502175442,
        0.1632230297394621,
        0.1506474735684883,
        0.14447219978190803
    ],
    "inputs_max": [
        [
            1,
            5
        ],
        [
            5,
            4
        ],
        [
            0,
            2
        ],
        [
            4,
            4
        ],
        [
            0,
            2
        ],
        [
            5,
            3
        ]
    ],
    "eigs": [
        0.1252742053498456,
        0.14479387557499762,
        0.11313240943116594,
        0.15126200001087886,
        0.116230052183303,
        0.13030543406590883
    ]
}