{
    "eigs_regret": [
        0.04790900058705523,
        0.016388317394241375,
        0.04226409077830161
    ],
    "eigs_max": [
        0.1627244589980215,
        0.15722758384944877,
        0.15821971941391996
    ],
    "inputs_max": [
        [
            1,
            5
        ],
        [
            0,
            1
        ],
        [
            2,
            1
        ]
    ],
    "eigs": [
        0.11481545841096626,
        0.1408392664552074,
        0.11595562863561835
    ]
}