{
    "eigs_regret": [
        0.04854645248288396,
        0.026205915300639898,
        0.03102352303251997,
        0.05176654118329027,
        0.04483646590694351,
        0.05259222582257657,
        0.025124885574067307,
        0.01846790267292653,
        0.03466588893516759,
        0.02244528480936961
    ],
    "eigs_max": [
        0.15149280114240987,
        0.14996272416252499,
        0.15262010274230392,
        0.16236248968888692,
        0.15787141878751187,
        0.14673026679559623,
        0.15766254375620084,
        0.1546656298289576,
        0.14688608354001995,
        0.14770866702561844
    ],
    "inputs_max": [
        [
            3,
            3
        ],
        [
            3,
            3
        ],
        [
            4,
            1
        ],
        [
            0,
            1
        ],
        [
            5,
            5
        ],
        [
            3,
            3
        ],
        [
            1,
            5
        ],
        [
            5,
            4
        ],
        [
            5,
            4
        ],
        [
            1,
            4
        ]
    ],
    "eigs": [
        0.10294634865952591,
        0.12375680886188509,
        0.12159657970978395,
        0.11059594850559665,
        0.11303495288056836,
        0.09413804097301966,
        0.13253765818213353,
        0.13619772715603107,
        0.11222019460485236,
        0.12526338221624883
    ]
}