{
    "eigs_regret": [
        0.05214092273455241,
        0.041733511198095236,
        0.025943531339208736,
        0.0152778423888833,
        0.025256072789200584,
        0.020808043961623085,
        0.008341884462751581,
        0.05040772527473188,
        0.0029453472741274578,
        0.06165452166753184
    ],
    "eigs_max": [
        0.15295995536309856,
        0.1568107660370318,
        0.15141003250939222,
        0.15003209745230187,
        0.15487831246152836,
        0.14414528482604,
        0.14361253097765034,
        0.1491260864691198,
        0.15464350857525686,
        0.16667676045909247
    ],
    "inputs_max": [
        [
            2,
            3
        ],
        [
            4,
            3
        ],
        [
            1,
            5
        ],
        [
            1,
            5
        ],
        [
            4,
            4
        ],
        [
            5,
            1
        ],
        [
            1,
            5
        ],
        [
            4,
            3
        ],
        [
            2,
            5
        ],
        [
            4,
            4
        ]
    ],
    "eigs": [
        0.10081903262854615,
        0.11507725483893658,
        0.1254665011701835,
        0.13475425506341857,
        0.12962223967232778,
        0.12333724086441691,
        0.13527064651489876,
        0.09871836119438791,
        0.1516981613011294,
        0.10502223879156063
    ]
}