{
    "eigs_regret": [
        0.04365170233600234,
        0.01761161839581568,
        0.06198490073094652,
        0.026475336590517165,
        0.014484696976836381,
        0.027952470395456286,
        0.036006838602599706,
        0.05141115870746045,
        0.03131742203886133,
        0.03801854253913399
    ],
    "eigs_max": [
        0.1632232384248514,
        0.15736681834303487,
        0.16690250937624046,
        0.14715644217273227,
        0.15479889955218606,
        0.1504402078783482,
        0.14634839118675455,
        0.16500864726392228,
        0.14908418817032307,
        0.15660958407732184
    ],
    "inputs_max": [
        [
            0,
            4
        ],
        [
            2,
            5
        ],
        [
            5,
            0
        ],
        [
            5,
            1
        ],
        [
            3,
            5
        ],
        [
            1,
            1
        ],
        [
            5,
            0
        ],
        [
            1,
            1
        ],
        [
            1,
            3
        ],
        [
            1,
            1
        ]
    ],
    "eigs": [
        0.11957153608884906,
        0.1397551999472192,
        0.10491760864529394,
        0.1206811055822151,
        0.14031420257534968,
        0.1224877374828919,
        0.11034155258415485,
        0.11359748855646183,
        0.11776676613146174,
        0.11859104153818785
    ]
}