{
    "eigs_regret": [
        0.0012450556370179333,
        0.029004527544046088,
        0.012164003514500032,
        0.01794427464184664,
        0.019989459227575,
        0.03078344553337256,
        -0.003034365540563466,
        0.04559852290134689,
        0.06350350924599253,
        0.022875490324848674,
        0.05955888302003791
    ],
    "eigs_max": [
        0.15630002374373383,
        0.15403312531427701,
        0.1494882660884764,
        0.15414561462187215,
        0.14900214660843034,
        0.15011899349195834,
        0.1411074757365654,
        0.177768449684046,
        0.17037328161282245,
        0.1604924965787191,
        0.14164657277843054
    ],
    "inputs_max": [
        [
            0,
            1
        ],
        [
            1,
            2
        ],
        [
            3,
            3
        ],
        [
            1,
            5
        ],
        [
            2,
            4
        ],
        [
            0,
            1
        ],
        [
            0,
            1
        ],
        [
            5,
            5
        ],
        [
            1,
            5
        ],
        [
            3,
            2
        ],
        [
            4,
            5
        ]
    ],
    "eigs": [
        0.1550549681067159,
        0.12502859777023093,
        0.13732426257397637,
        0.1362013399800255,
        0.12901268738085533,
        0.11933554795858578,
        0.14414184127712887,
        0.13216992678269912,
        0.10686977236682992,
        0.13761700625387044,
        0.08208768975839263
    ]
}