{
    "eigs_regret": [
        0.025882905282660462,
        0.04384103940083463,
        0.021184694338843263,
        0.012826787824257196,
        0.01722603292504002,
        0.01876432043042961,
        0.029897024750677625,
        0.03942097929830683,
        -0.005328656252724773,
        0.016404608768329276
    ],
    "eigs_max": [
        0.1590880511185257,
        0.1541476368121605,
        0.16142916635666898,
        0.14825535956472796,
        0.1474898527213575,
        0.15039724133483223,
        0.14714354325729415,
        0.15935256610071097,
        0.14468001465496394,
        0.14612137328344474
    ],
    "inputs_max": [
        [
            4,
            4
        ],
        [
            5,
            4
        ],
        [
            0,
            3
        ],
        [
            0,
            0
        ],
        [
            3,
            0
        ],
        [
            3,
            4
        ],
        [
            4,
            4
        ],
        [
            4,
            5
        ],
        [
            5,
            4
        ],
        [
            4,
            4
        ]
    ],
    "eigs": [
        0.13320514583586524,
        0.11030659741132588,
        0.14024447201782572,
        0.13542857174047077,
        0.1302638197963175,
        0.13163292090440262,
        0.11724651850661652,
        0.11993158680240414,
        0.1500086709076887,
        0.12971676451511546
    ]
}