{
    "eigs_regret": [
        0.029783068753562708,
        0.05813987701081788,
        0.01953300515330303,
        0.04702492519499517,
        0.04668982520896371,
        0.02518829091696015,
        0.020418418933241117,
        0.035282038482503414,
        0.028411667640707725,
        0.03757526013952775
    ],
    "eigs_max": [
        0.15787110906839294,
        0.1668074803436452,
        0.15299008191166255,
        0.16587704943414316,
        0.1597895710007924,
        0.14646980413893823,
        0.14957985974807428,
        0.15426602308666254,
        0.15129402070283515,
        0.14597370116151137
    ],
    "inputs_max": [
        [
            5,
            5
        ],
        [
            4,
            2
        ],
        [
            4,
            3
        ],
        [
            4,
            4
        ],
        [
            4,
            4
        ],
        [
            1,
            4
        ],
        [
            3,
            2
        ],
        [
            3,
            4
        ],
        [
            1,
            2
        ],
        [
            5,
            3
        ]
    ],
    "eigs": [
        0.12808804031483023,
        0.10866760333282732,
        0.13345707675835952,
        0.118852124239148,
        0.1130997457918287,
        0.12128151322197808,
        0.12916144081483316,
        0.11898398460415913,
        0.12288235306212743,
        0.10839844102198362
    ]
}