{
    "eigs_regret": [
        0.0019820695194415483,
        0.0059651350147672255,
        0.03338809688307842,
        0.035933283483180437,
        0.020522241966699606,
        0.05401969407734883,
        0.03702615911354906,
        0.039341980789087655,
        0.027423252049685196,
        0.04598645004888631
    ],
    "eigs_max": [
        0.15093263745793956,
        0.15343048446485552,
        0.161746195834212,
        0.15852551439687115,
        0.14962638542473752,
        0.16316754662681035,
        0.15406672028027332,
        0.15556912194684036,
        0.15208947013381424,
        0.16311045464577797
    ],
    "inputs_max": [
        [
            5,
            4
        ],
        [
            5,
            5
        ],
        [
            4,
            2
        ],
        [
            4,
            1
        ],
        [
            4,
            4
        ],
        [
            5,
            0
        ],
        [
            5,
            4
        ],
        [
            4,
            4
        ],
        [
            2,
            5
        ],
        [
            3,
            4
        ]
    ],
    "eigs": [
        0.148950567938498,
        0.1474653494500883,
        0.12835809895113356,
        0.12259223091369072,
        0.12910414345803792,
        0.10914785254946152,
        0.11704056116672426,
        0.1162271411577527,
        0.12466621808412905,
        0.11712400459689166
    ]
}