{
    "eigs_regret": [
        0.02405184743088279,
        0.044812426296761784,
        0.024988670530949247,
        0.04742358196442524,
        0.06263424575618926,
        0.022567837228035154,
        0.062238720093216474,
        0.04180573450402521,
        0.02701508849760524,
        0.05099648214045174
    ],
    "eigs_max": [
        0.16014802946992376,
        0.16284430584427975,
        0.15218493742430608,
        0.15050350570358986,
        0.14369535342704826,
        0.15814491082638496,
        0.15986802838503142,
        0.161182115205069,
        0.1450729409984138,
        0.15897027199090025
    ],
    "inputs_max": [
        [
            1,
            2
        ],
        [
            3,
            3
        ],
        [
            0,
            3
        ],
        [
            3,
            3
        ],
        [
            1,
            2
        ],
        [
            5,
            2
        ],
        [
            1,
            4
        ],
        [
            1,
            4
        ],
        [
            3,
            2
        ],
        [
            5,
            5
        ]
    ],
    "eigs": [
        0.13609618203904097,
        0.11803187954751797,
        0.12719626689335684,
        0.10307992373916462,
        0.081061107670859,
        0.1355770735983498,
        0.09762930829181495,
        0.1193763807010438,
        0.11805785250080857,
        0.1079737898504485
    ]
}