{
    "eigs_regret": [
        0.061778752774998016,
        0.042063785259194075,
        0.027563294057686094,
        0.071243047355575,
        0.053823129232624514,
        0.06262803351069414,
        0.037973466866436004,
        0.015718205976283817,
        0.026651170725593698,
        0.03796559974141066
    ],
    "eigs_max": [
        0.16118965173765112,
        0.15404975999079537,
        0.15753183430451112,
        0.1628029631805452,
        0.16196028499046075,
        0.15720439978417836,
        0.15638566239634463,
        0.15156457328570122,
        0.15615345021222618,
        0.15194416819439882
    ],
    "inputs_max": [
        [
            1,
            2
        ],
        [
            3,
            1
        ],
        [
            3,
            5
        ],
        [
            3,
            4
        ],
        [
            2,
            5
        ],
        [
            1,
            4
        ],
        [
            2,
            5
        ],
        [
            1,
            4
        ],
        [
            5,
            5
        ],
        [
            0,
            3
        ]
    ],
    "eigs": [
        0.09941089896265311,
        0.1119859747316013,
        0.12996854024682503,
        0.09155991582497021,
        0.10813715575783624,
        0.09457636627348422,
        0.11841219552990863,
        0.1358463673094174,
        0.12950227948663248,
        0.11397856845298816
    ]
}