{
    "eigs_regret": [
        0.0485862907086619,
        0.039357688017709766,
        0.03756940713592964,
        0.04681179947350503,
        0.04145365984330082,
        0.03371090430599011,
        0.029645967079680424,
        0.018698887127074848,
        0.012930148181352658,
        0.012001144527382185
    ],
    "eigs_max": [
        0.15706194300814508,
        0.1488426109216474,
        0.15855969934067002,
        0.15785621068881955,
        0.1435109768728835,
        0.1517542918154776,
        0.15128149109416256,
        0.15634994983543812,
        0.14779892402269332,
        0.13858561392573843
    ],
    "inputs_max": [
        [
            2,
            4
        ],
        [
            2,
            5
        ],
        [
            4,
            2
        ],
        [
            1,
            4
        ],
        [
            1,
            4
        ],
        [
            0,
            3
        ],
        [
            3,
            2
        ],
        [
            2,
            3
        ],
        [
            4,
            0
        ],
        [
            3,
            0
        ]
    ],
    "eigs": [
        0.10847565229948318,
        0.10948492290393765,
        0.12099029220474038,
        0.11104441121531453,
        0.10205731702958268,
        0.11804338750948748,
        0.12163552401448213,
        0.13765106270836328,
        0.13486877584134066,
        0.12658446939835624
    ]
}