{
    "eigs_regret": [
        0.03984312123103709,
        0.004499932395174933,
        0.05445254625541618,
        0.03361472088135084,
        0.057331818328895,
        0.02934414990933587,
        0.03314164280233246,
        0.034442628624921284,
        0.016477343892229324,
        0.02068872283750195
    ],
    "eigs_max": [
        0.15611087089554782,
        0.15945815471588384,
        0.15415579058480994,
        0.152413783062721,
        0.1521471007128631,
        0.14910047041198965,
        0.1494686712779807,
        0.1482499606948536,
        0.14678749378609493,
        0.15995963437568173
    ],
    "inputs_max": [
        [
            5,
            0
        ],
        [
            4,
            1
        ],
        [
            2,
            4
        ],
        [
            3,
            5
        ],
        [
            0,
            0
        ],
        [
            1,
            0
        ],
        [
            1,
            1
        ],
        [
            0,
            3
        ],
        [
            5,
            1
        ],
        [
            3,
            1
        ]
    ],
    "eigs": [
        0.11626774966451073,
        0.1549582223207089,
        0.09970324432939376,
        0.11879906218137015,
        0.09481528238396811,
        0.11975632050265378,
        0.11632702847564823,
        0.11380733206993232,
        0.1303101498938656,
        0.13927091153817978
    ]
}