{
    "eigs_regret": [
        0.023900603823298366,
        0.057119052022177416,
        0.03911286927648311,
        0.05146930985091425,
        0.04126876394696248,
        0.01333697982689816,
        0.015886482239266447,
        0.0413635790033485,
        0.024359383223251846
    ],
    "eigs_max": [
        0.15959965564712322,
        0.16768112076270353,
        0.14989001493710805,
        0.1614573497150314,
        0.16326006236634635,
        0.15306202382570747,
        0.14938376031572909,
        0.15294623670696114,
        0.14135647757838524
    ],
    "inputs_max": [
        [
            0,
            0
        ],
        [
            3,
            1
        ],
        [
            2,
            5
        ],
        [
            4,
            2
        ],
        [
            0,
            4
        ],
        [
            2,
            5
        ],
        [
            2,
            4
        ],
        [
            5,
            5
        ],
        [
            3,
            5
        ]
    ],
    "eigs": [
        0.13569905182382486,
        0.11056206874052611,
        0.11077714566062494,
        0.10998803986411715,
        0.12199129841938387,
        0.1397250439988093,
        0.13349727807646264,
        0.11158265770361264,
        0.11699709435513339
    ]
}