{
    "eigs_regret": [
        0.012747950043204337,
        0.027950876250232043,
        0.04730043541190966,
        0.05542825922227754,
        0.02738010463926005,
        0.019068399000609804,
        0.03745414539402711,
        0.03142058785056043,
        0.06504444299782039,
        0.020629106614283244
    ],
    "eigs_max": [
        0.15409822341291105,
        0.15975237055359212,
        0.15112030103525148,
        0.1708050589242337,
        0.14850469810610653,
        0.15852050926786382,
        0.14662684669675566,
        0.14145105141000147,
        0.15006094391161143,
        0.15215230864229176
    ],
    "inputs_max": [
        [
            0,
            2
        ],
        [
            2,
            3
        ],
        [
            3,
            3
        ],
        [
            4,
            4
        ],
        [
            1,
            1
        ],
        [
            0,
            2
        ],
        [
            0,
            4
        ],
        [
            2,
            2
        ],
        [
            3,
            3
        ],
        [
            3,
            2
        ]
    ],
    "eigs": [
        0.1413502733697067,
        0.13180149430336008,
        0.10381986562334182,
        0.11537679970195616,
        0.12112459346684648,
        0.13945211026725401,
        0.10917270130272855,
        0.11003046355944104,
        0.08501650091379104,
        0.13152320202800852
    ]
}