{
    "eigs_regret": [
        0.04667832794173514,
        0.01442392743065643,
        0.0004604616116157534,
        0.038587194766515745,
        0.003598013166873998,
        0.017244200197463727,
        0.05214797792362677,
        0.04125517584582801,
        0.019786607198159945,
        0.008052177280699041
    ],
    "eigs_max": [
        0.16602319743898034,
        0.1620034362831958,
        0.15162170218527837,
        0.15548621339960658,
        0.149540460889923,
        0.14704667731297574,
        0.16449656673725616,
        0.16254209631179128,
        0.15861212834717225,
        0.14453103957421254
    ],
    "inputs_max": [
        [
            3,
            5
        ],
        [
            5,
            3
        ],
        [
            3,
            5
        ],
        [
            0,
            3
        ],
        [
            5,
            0
        ],
        [
            4,
            0
        ],
        [
            4,
            1
        ],
        [
            0,
            4
        ],
        [
            0,
            3
        ],
        [
            0,
            4
        ]
    ],
    "eigs": [
        0.1193448694972452,
        0.14757950885253937,
        0.15116124057366262,
        0.11689901863309084,
        0.145942447723049,
        0.12980247711551202,
        0.11234858881362939,
        0.12128692046596327,
        0.1388255211490123,
        0.1364788622935135
    ]
}