{
    "eigs_regret": [
        0.03359896874081526,
        0.027750818307989922,
        0.05051725290589466,
        0.034663789119952104,
        0.03679093932385753,
        0.013661455748595203,
        0.02405424428332764,
        0.024695776050570425,
        0.04870718361394445,
        0.05741213680907596,
        0.049662948421440575,
        0.038299723320146764
    ],
    "eigs_max": [
        0.15508149571767776,
        0.15803330120014095,
        0.16477788430172227,
        0.16058285821976806,
        0.14361340324040203,
        0.15409098978340774,
        0.16416155933411658,
        0.1486212251077027,
        0.1493818312876766,
        0.14830984067440817,
        0.16443801773011318,
        0.15720767723485246
    ],
    "inputs_max": [
        [
            0,
            1
        ],
        [
            2,
            0
        ],
        [
            1,
            2
        ],
        [
            4,
            0
        ],
        [
            5,
            0
        ],
        [
            2,
            2
        ],
        [
            2,
            2
        ],
        [
            5,
            3
        ],
        [
            2,
            5
        ],
        [
            3,
            4
        ],
        [
            5,
            0
        ],
        [
            4,
            0
        ]
    ],
    "eigs": [
        0.1214825269768625,
        0.13028248289215102,
        0.11426063139582761,
        0.12591906909981596,
        0.1068224639165445,
        0.14042953403481254,
        0.14010731505078894,
        0.12392544905713228,
        0.10067464767373215,
        0.0908977038653322,
        0.11477506930867261,
        0.1189079539147057
    ]
}