{
    "eigs_regret": [
        0.027665660568296696,
        0.030417332849370732,
        0.03006362851106334,
        0.03005333589065319,
        0.042719446694757815,
        0.06482792443228806,
        0.04272761698146743,
        0.015161233030404175,
        0.013430899097162441
    ],
    "eigs_max": [
        0.1628412315834084,
        0.1525864592516097,
        0.16066471592515444,
        0.1445514331628432,
        0.15396963472346123,
        0.15387454952404664,
        0.16222598973690117,
        0.1558520842758104,
        0.15178907463753621
    ],
    "inputs_max": [
        [
            2,
            5
        ],
        [
            4,
            2
        ],
        [
            3,
            4
        ],
        [
            3,
            3
        ],
        [
            2,
            1
        ],
        [
            3,
            1
        ],
        [
            2,
            1
        ],
        [
            4,
            5
        ],
        [
            0,
            4
        ]
    ],
    "eigs": [
        0.1351755710151117,
        0.12216912640223898,
        0.1306010874140911,
        0.11449809727219,
        0.11125018802870341,
        0.08904662509175858,
        0.11949837275543373,
        0.14069085124540623,
        0.13835817554037377
    ]
}