{
    "eigs_regret": [
        0.03719523503035706,
        0.03105147158023641,
        0.0093316558700767,
        0.01005090501758732,
        0.021001469918729337,
        0.024308817557877005,
        0.036388890025554885,
        0.02380184378310307,
        0.013430099959001851,
        0.021912069632066072
    ],
    "eigs_max": [
        0.1599245058652141,
        0.1587901116452899,
        0.15039107035676844,
        0.15093300888897207,
        0.14873592440366734,
        0.15302623442313898,
        0.1450761601551796,
        0.15458885438249506,
        0.15454752434972427,
        0.14922578003409928
    ],
    "inputs_max": [
        [
            4,
            1
        ],
        [
            0,
            2
        ],
        [
            0,
            5
        ],
        [
            1,
            5
        ],
        [
            4,
            1
        ],
        [
            5,
            5
        ],
        [
            0,
            5
        ],
        [
            1,
            5
        ],
        [
            5,
            5
        ],
        [
            0,
            2
        ]
    ],
    "eigs": [
        0.12272927083485703,
        0.12773864006505348,
        0.14105941448669174,
        0.14088210387138475,
        0.127734454484938,
        0.12871741686526197,
        0.10868727012962472,
        0.130787010599392,
        0.14111742439072242,
        0.1273137104020332
    ]
}