{
    "eigs_regret": [
        0.04331983626565904,
        0.04580338399978677,
        0.03535799621533087,
        0.05336427835219057,
        0.025106613166228198,
        0.0588722846976969,
        0.04319705297238263,
        0.034526990471118985,
        0.048529156315868974,
        0.017848257716969962
    ],
    "eigs_max": [
        0.16173259517128236,
        0.1564884733382207,
        0.16120412505126058,
        0.15459211517119545,
        0.15467448552447705,
        0.15638591300477941,
        0.15965877141614782,
        0.1643159853992757,
        0.1461967203575452,
        0.14904625155373502
    ],
    "inputs_max": [
        [
            5,
            0
        ],
        [
            4,
            3
        ],
        [
            1,
            0
        ],
        [
            3,
            4
        ],
        [
            5,
            0
        ],
        [
            2,
            4
        ],
        [
            0,
            2
        ],
        [
            0,
            2
        ],
        [
            1,
            0
        ],
        [
            5,
            2
        ]
    ],
    "eigs": [
        0.11841275890562332,
        0.11068508933843392,
        0.12584612883592972,
        0.10122783681900488,
        0.12956787235824885,
        0.09751362830708252,
        0.11646171844376518,
        0.1297889949281567,
        0.09766756404167622,
        0.13119799383676506
    ]
}