{
    "eigs_regret": [
        0.03633016999138208,
        0.041150545984249456,
        0.0036020090740644106,
        0.013807439664826338,
        0.022863607252057716,
        0.02691599547724799,
        0.04295142711425652,
        0.02453546039473306,
        0.02610268831860127,
        0.04378774235761261
    ],
    "eigs_max": [
        0.16699159097864838,
        0.15669465353416295,
        0.16786510450018946,
        0.15029047081884192,
        0.15266932515680734,
        0.14856125579413548,
        0.1571659988793902,
        0.1569454953160035,
        0.14978278783080276,
        0.14647170019248468
    ],
    "inputs_max": [
        [
            3,
            2
        ],
        [
            3,
            5
        ],
        [
            0,
            0
        ],
        [
            1,
            0
        ],
        [
            0,
            5
        ],
        [
            3,
            2
        ],
        [
            1,
            2
        ],
        [
            4,
            4
        ],
        [
            1,
            3
        ],
        [
            3,
            0
        ]
    ],
    "eigs": [
        0.1306614209872663,
        0.1155441075499135,
        0.16426309542612505,
        0.13648303115401558,
        0.12980571790474962,
        0.1216452603168875,
        0.11421457176513368,
        0.13241003492127043,
        0.12368009951220149,
        0.10268395783487207
    ]
}