{
    "eigs_regret": [
        0.05196114504950794,
        0.0636793895534037,
        0.016027741986091748,
        0.05278862033583187,
        0.044628628586624836,
        0.04163661806371069,
        0.048424191142521764,
        0.052864979600914325,
        0.043027420914581796,
        0.06467130727470935
    ],
    "eigs_max": [
        0.16904112164501303,
        0.1628789798379604,
        0.15132033717550078,
        0.1551709842426095,
        0.16763883792615747,
        0.15387928549163551,
        0.15158783902556247,
        0.15054592399974148,
        0.1650522175212267,
        0.1653867503752701
    ],
    "inputs_max": [
        [
            5,
            2
        ],
        [
            2,
            1
        ],
        [
            1,
            3
        ],
        [
            5,
            4
        ],
        [
            1,
            0
        ],
        [
            1,
            0
        ],
        [
            0,
            0
        ],
        [
            4,
            1
        ],
        [
            1,
            3
        ],
        [
            2,
            1
        ]
    ],
    "eigs": [
        0.11707997659550509,
        0.0991995902845567,
        0.13529259518940903,
        0.10238236390677763,
        0.12301020933953263,
        0.11224266742792482,
        0.10316364788304071,
        0.09768094439882716,
        0.1220247966066449,
        0.10071544310056074
    ]
}