{
    "eigs_regret": [
        0.049046919995776164,
        0.013400787283486731,
        0.013217191709801096,
        0.02989776140645717,
        0.03076166369191323,
        0.0339542143526661,
        0.005469889775961245,
        0.01878644755544695,
        0.031520800650288144,
        -0.005723898835618829
    ],
    "eigs_max": [
        0.1443449654575539,
        0.1502428477604725,
        0.15189837399745323,
        0.16173385510345814,
        0.15262185325816888,
        0.16194381502908264,
        0.15402008729906838,
        0.15452257869476313,
        0.15165858784631375,
        0.1491179188566225
    ],
    "inputs_max": [
        [
            5,
            4
        ],
        [
            1,
            0
        ],
        [
            2,
            1
        ],
        [
            4,
            2
        ],
        [
            3,
            4
        ],
        [
            3,
            4
        ],
        [
            3,
            4
        ],
        [
            3,
            5
        ],
        [
            3,
            4
        ],
        [
            2,
            4
        ]
    ],
    "eigs": [
        0.09529804546177774,
        0.13684206047698577,
        0.13868118228765214,
        0.13183609369700097,
        0.12186018956625565,
        0.12798960067641654,
        0.14855019752310714,
        0.13573613113931618,
        0.12013778719602561,
        0.15484181769224134
    ]
}