{
    "eigs_regret": [
        0.029629283820767932,
        0.04852441691554295,
        0.023271763393469758,
        0.0211086444571294,
        0.03578021393945083,
        0.07116376675927849,
        0.021175662818458868,
        0.01570878197759737,
        0.037794149541318295,
        0.05575908955735491
    ],
    "eigs_max": [
        0.15562364742947182,
        0.15938970050921314,
        0.14853517138084754,
        0.15378354874912895,
        0.14804217297085825,
        0.1622076621602328,
        0.15480348145747705,
        0.15662182834836266,
        0.16059432425752204,
        0.15282160994552443
    ],
    "inputs_max": [
        [
            1,
            3
        ],
        [
            3,
            3
        ],
        [
            2,
            1
        ],
        [
            4,
            2
        ],
        [
            1,
            2
        ],
        [
            3,
            4
        ],
        [
            0,
            2
        ],
        [
            0,
            2
        ],
        [
            2,
            2
        ],
        [
            3,
            4
        ]
    ],
    "eigs": [
        0.1259943636087039,
        0.11086528359367019,
        0.12526340798737778,
        0.13267490429199955,
        0.11226195903140743,
        0.09104389540095431,
        0.13362781863901818,
        0.1409130463707653,
        0.12280017471620375,
        0.09706252038816952
    ]
}