{
    "eigs_regret": [
        0.04901758231467081,
        0.021565330289845225,
        -0.0037471918456084274,
        0.022341689006125348,
        0.03494941023461491,
        0.05001044672983743,
        0.02953706948986355,
        0.031143409135411887,
        0.028131426084859718,
        0.03827524200065256
    ],
    "eigs_max": [
        0.1631356987993762,
        0.15906237670581203,
        0.15182448437801782,
        0.15038881129122847,
        0.15612012424939017,
        0.16083147289188854,
        0.14772618046143807,
        0.1545792690687247,
        0.15428080884161358,
        0.1493842819958927
    ],
    "inputs_max": [
        [
            5,
            4
        ],
        [
            2,
            5
        ],
        [
            1,
            2
        ],
        [
            0,
            5
        ],
        [
            2,
            5
        ],
        [
            5,
            4
        ],
        [
            3,
            3
        ],
        [
            0,
            5
        ],
        [
            2,
            1
        ],
        [
            2,
            4
        ]
    ],
    "eigs": [
        0.11411811648470539,
        0.1374970464159668,
        0.15557167622362625,
        0.12804712228510312,
        0.12117071401477526,
        0.11082102616205111,
        0.11818911097157452,
        0.12343585993331282,
        0.12614938275675386,
        0.11110903999524015
    ]
}