{
    "eigs_regret": [
        0.0023432197642404284,
        0.013274035063187778,
        0.039268728527232316,
        0.02065676337439351,
        0.026669680681491975,
        0.03541899975904232,
        0.07660943627075596,
        0.05087934069128178,
        0.01196540788353928,
        0.043151120366016205
    ],
    "eigs_max": [
        0.15407302945178067,
        0.15558078536397552,
        0.1643260439073103,
        0.14726602045018425,
        0.15404625748591616,
        0.15963361179971203,
        0.17148474213711995,
        0.1576106475096173,
        0.16339372929288618,
        0.15789685417085833
    ],
    "inputs_max": [
        [
            4,
            4
        ],
        [
            0,
            2
        ],
        [
            0,
            3
        ],
        [
            1,
            4
        ],
        [
            5,
            2
        ],
        [
            5,
            3
        ],
        [
            5,
            0
        ],
        [
            5,
            0
        ],
        [
            3,
            0
        ],
        [
            4,
            3
        ]
    ],
    "eigs": [
        0.15172980968754024,
        0.14230675030078774,
        0.12505731538007797,
        0.12660925707579074,
        0.12737657680442419,
        0.1242146120406697,
        0.09487530586636399,
        0.10673130681833554,
        0.1514283214093469,
        0.11474573380484213
    ]
}