{
    "eigs_regret": [
        0.023745575575024824,
        0.05029880186012495,
        0.02309817218298213,
        0.036474820090998214,
        0.05046982514896403,
        0.07164771262045,
        0.02758546866794384,
        0.010639721227745869,
        0.022003462392865325,
        0.04330664536676597
    ],
    "eigs_max": [
        0.15400497674548275,
        0.1531641562645715,
        0.1578605346486419,
        0.1566071913237965,
        0.15866492547920757,
        0.16265526174200626,
        0.15453572225099768,
        0.15649210274512237,
        0.15172861588403502,
        0.1567396063797425
    ],
    "inputs_max": [
        [
            3,
            5
        ],
        [
            5,
            5
        ],
        [
            3,
            5
        ],
        [
            0,
            2
        ],
        [
            5,
            5
        ],
        [
            1,
            2
        ],
        [
            3,
            1
        ],
        [
            3,
            3
        ],
        [
            3,
            3
        ],
        [
            4,
            4
        ]
    ],
    "eigs": [
        0.13025940117045792,
        0.10286535440444655,
        0.13476236246565976,
        0.12013237123279828,
        0.10819510033024354,
        0.09100754912155626,
        0.12695025358305384,
        0.1458523815173765,
        0.1297251534911697,
        0.11343296101297652
    ]
}