{
    "eigs_regret": [
        0.020025513787621213,
        0.038880510280277086,
        0.04227443379587076,
        0.0353324190845227,
        0.03769191639518721,
        0.020767881383410458,
        0.03117453565613089,
        0.01663779790641806,
        -0.002598683828685028,
        0.034311266879731
    ],
    "eigs_max": [
        0.16120705232105753,
        0.15178250788269493,
        0.16666495730202519,
        0.16168935169016294,
        0.16210532511533607,
        0.15377047103081487,
        0.149853160002606,
        0.15859612552221963,
        0.14929336672523127,
        0.1496309183829323
    ],
    "inputs_max": [
        [
            1,
            5
        ],
        [
            3,
            5
        ],
        [
            3,
            2
        ],
        [
            1,
            3
        ],
        [
            1,
            3
        ],
        [
            5,
            3
        ],
        [
            3,
            3
        ],
        [
            5,
            3
        ],
        [
            2,
            5
        ],
        [
            4,
            4
        ]
    ],
    "eigs": [
        0.14118153853343632,
        0.11290199760241784,
        0.12439052350615443,
        0.12635693260564024,
        0.12441340872014886,
        0.1330025896474044,
        0.11867862434647512,
        0.14195832761580157,
        0.1518920505539163,
        0.1153196515032013
    ]
}