{
    "eigs_regret": [
        0.05690554122216501,
        0.04612537214519537,
        0.0447823763043997,
        0.002590770158033995,
        0.018225159815609016,
        0.035187153224584294,
        0.02554574609499119,
        0.008372430913924117,
        0.03738548010197747,
        0.03364978659260208,
        0.03440240992164052,
        0.054070789870123134,
        0.026941440245214637,
        0.047516112992786366
    ],
    "eigs_max": [
        0.15542059260765873,
        0.1567303044485383,
        0.15142154609946995,
        0.16503390192425627,
        0.14710280434688458,
        0.15875637796772132,
        0.14734721454111122,
        0.1496183062423538,
        0.14520830052760067,
        0.15259681663980995,
        0.15015027383780255,
        0.16156788113193632,
        0.1559650554722714,
        0.15621638581820957
    ],
    "inputs_max": [
        [
            2,
            1
        ],
        [
            4,
            2
        ],
        [
            3,
            1
        ],
        [
            4,
            4
        ],
        [
            2,
            3
        ],
        [
            5,
            0
        ],
        [
            4,
            2
        ],
        [
            3,
            4
        ],
        [
            3,
            5
        ],
        [
            5,
            4
        ],
        [
            4,
            3
        ],
        [
            2,
            4
        ],
        [
            3,
            0
        ],
        [
            5,
            4
        ]
    ],
    "eigs": [
        0.09851505138549371,
        0.11060493230334294,
        0.10663916979507025,
        0.16244313176622227,
        0.12887764453127556,
        0.12356922474313703,
        0.12180146844612003,
        0.1412458753284297,
        0.1078228204256232,
        0.11894703004720787,
        0.11574786391616203,
        0.10749709126181319,
        0.12902361522705677,
        0.1087002728254232
    ]
}