{
    "eigs_regret": [
        0.04004353632252808,
        0.041760519950024916,
        0.034994517324890756,
        0.066554380221908,
        0.06256637320786991,
        0.05324828446031697,
        0.10626907013397696,
        0.08026661810971773,
        0.06947779338720263,
        0.054080354580928816
    ],
    "eigs_max": [
        0.17110343320144683,
        0.1585499148753318,
        0.16489839981297683,
        0.16411139087369153,
        0.15238017148882818,
        0.15859473539841998,
        0.15841457096418185,
        0.16157152657090218,
        0.1589412900109001,
        0.15613871456862946
    ],
    "inputs_max": [
        [
            5,
            0
        ],
        [
            1,
            0
        ],
        [
            4,
            2
        ],
        [
            1,
            1
        ],
        [
            2,
            5
        ],
        [
            3,
            5
        ],
        [
            5,
            1
        ],
        [
            4,
            2
        ],
        [
            0,
            3
        ],
        [
            1,
            1
        ]
    ],
    "eigs": [
        0.13105989687891875,
        0.11678939492530688,
        0.12990388248808607,
        0.09755701065178353,
        0.08981379828095827,
        0.105346450938103,
        0.052145500830204895,
        0.08130490846118445,
        0.08946349662369747,
        0.10205835998770064
    ]
}