{
    "eigs_regret": [
        0.04432727245370324,
        0.03735489958783217,
        0.052042202072775406,
        0.033200538765167445,
        0.03612851564978754,
        0.03837647123571601,
        0.048689299337144845,
        0.04663876628792883,
        0.05601337437142789
    ],
    "eigs_max": [
        0.1629265296913284,
        0.16441205074452855,
        0.16856481096056122,
        0.15085742030052246,
        0.15000227534050853,
        0.1507197811648303,
        0.15922480748633014,
        0.15322942013558144,
        0.15368165481558027
    ],
    "inputs_max": [
        [
            2,
            1
        ],
        [
            5,
            2
        ],
        [
            4,
            2
        ],
        [
            4,
            2
        ],
        [
            1,
            4
        ],
        [
            2,
            4
        ],
        [
            2,
            4
        ],
        [
            0,
            2
        ],
        [
            1,
            1
        ]
    ],
    "eigs": [
        0.11859925723762516,
        0.12705715115669639,
        0.11652260888778582,
        0.11765688153535502,
        0.11387375969072099,
        0.1123433099291143,
        0.1105355081491853,
        0.10659065384765261,
        0.09766828044415238
    ]
}