{
    "eigs_regret": [
        0.03550198449682662,
        0.01956718404578975,
        0.03380527463150694,
        0.037883301198180674,
        0.02223604479331931,
        0.038890626050630844,
        0.034947396790575916,
        0.028790573640263883,
        0.0638571014312764
    ],
    "eigs_max": [
        0.1714767959231302,
        0.1498654774767312,
        0.15577030843412643,
        0.15674802388857167,
        0.15447629459062198,
        0.15946314374660195,
        0.158538385074642,
        0.16060041585875626,
        0.1646495517769685
    ],
    "inputs_max": [
        [
            5,
            4
        ],
        [
            3,
            0
        ],
        [
            5,
            4
        ],
        [
            5,
            1
        ],
        [
            1,
            5
        ],
        [
            1,
            1
        ],
        [
            3,
            1
        ],
        [
            3,
            1
        ],
        [
            5,
            3
        ]
    ],
    "eigs": [
        0.13597481142630358,
        0.13029829343094146,
        0.12196503380261949,
        0.118864722690391,
        0.13224024979730267,
        0.1205725176959711,
        0.12359098828406608,
        0.13180984221849237,
        0.10079245034569209
    ]
}