{
    "eigs_regret": [
        0.010879776861393575,
        0.042112197437996615,
        0.018695806181611513,
        0.06404038579552267,
        0.05079120771760165,
        0.015869156889597197,
        0.02834584848116259,
        0.01874753519445324,
        0.027948071160954074,
        0.044551046032657346
    ],
    "eigs_max": [
        0.15208817128679597,
        0.15288825161540853,
        0.1439630453959183,
        0.1613351382032098,
        0.16188692210794287,
        0.15179520675797023,
        0.15705939147217235,
        0.14651715660140657,
        0.15080727051430515,
        0.15251897890107022
    ],
    "inputs_max": [
        [
            3,
            0
        ],
        [
            0,
            2
        ],
        [
            0,
            2
        ],
        [
            1,
            3
        ],
        [
            1,
            4
        ],
        [
            3,
            5
        ],
        [
            2,
            0
        ],
        [
            1,
            4
        ],
        [
            1,
            0
        ],
        [
            1,
            1
        ]
    ],
    "eigs": [
        0.1412083944254024,
        0.11077605417741192,
        0.1252672392143068,
        0.09729475240768713,
        0.11109571439034122,
        0.13592604986837303,
        0.12871354299100976,
        0.12776962140695333,
        0.12285919935335107,
        0.10796793286841287
    ]
}