{
    "eigs_regret": [
        0.039770574749737136,
        0.06357799433205163,
        0.03588226380338527,
        0.029871491627464872,
        0.04069291625218775,
        0.08089027399790051,
        0.04221813441968403,
        0.017707286623723645
    ],
    "eigs_max": [
        0.15754373996604698,
        0.16817586769645806,
        0.171622088531789,
        0.14679869957343236,
        0.15101837023492598,
        0.15882316922417022,
        0.15462559155235517,
        0.15341759208137823
    ],
    "inputs_max": [
        [
            1,
            0
        ],
        [
            0,
            4
        ],
        [
            5,
            1
        ],
        [
            2,
            2
        ],
        [
            1,
            4
        ],
        [
            2,
            0
        ],
        [
            0,
            5
        ],
        [
            5,
            4
        ]
    ],
    "eigs": [
        0.11777316521630984,
        0.10459787336440643,
        0.13573982472840374,
        0.11692720794596749,
        0.11032545398273823,
        0.07793289522626971,
        0.11240745713267114,
        0.13571030545765458
    ]
}