{
    "eigs_regret": [
        0.05277346838216396,
        0.023303449718729496,
        0.03135066545945467,
        0.02297799244910853,
        0.05069270266650609,
        0.05527321004361231
    ],
    "eigs_max": [
        0.16541182806608062,
        0.1571347582162103,
        0.1500782678451573,
        0.15277311501023988,
        0.1519854128833915,
        0.1609892461222484
    ],
    "inputs_max": [
        [
            2,
            4
        ],
        [
            5,
            3
        ],
        [
            2,
            3
        ],
        [
            3,
            2
        ],
        [
            4,
            1
        ],
        [
            4,
            4
        ]
    ],
    "eigs": [
        0.11263835968391667,
        0.13383130849748082,
        0.11872760238570262,
        0.12979512256113135,
        0.10129271021688542,
        0.1057160360786361
    ]
}