{
    "eigs_regret": [
        0.0303879636801887,
        0.01984398895118933,
        0.04745227069418073,
        0.005623540896152801,
        0.01274052435731951,
        0.041030219013743846,
        0.03607345795105249,
        0.018471552182143414
    ],
    "eigs_max": [
        0.15125659211931342,
        0.1472678119055207,
        0.1606107950822315,
        0.15045885880703458,
        0.1504966488682944,
        0.15255665855149395,
        0.1606887812914394,
        0.15497962290616038
    ],
    "inputs_max": [
        [
            3,
            5
        ],
        [
            5,
            5
        ],
        [
            3,
            3
        ],
        [
            4,
            3
        ],
        [
            5,
            5
        ],
        [
            4,
            5
        ],
        [
            5,
            5
        ],
        [
            5,
            3
        ]
    ],
    "eigs": [
        0.12086862843912471,
        0.12742382295433138,
        0.11315852438805077,
        0.14483531791088178,
        0.13775612451097488,
        0.1115264395377501,
        0.12461532334038691,
        0.13650807072401697
    ]
}