{
    "eigs_regret": [
        0.04929551944421651,
        0.031106855967637126,
        0.036438863266663554,
        0.021055928330228152,
        0.049980238101179394,
        0.05558793520904938,
        0.025262287976512837,
        0.03149133168193112,
        0.022338200614434117,
        0.047887021701636126
    ],
    "eigs_max": [
        0.1742343559449464,
        0.16210898774280108,
        0.15207452270239377,
        0.15071218808427744,
        0.15533407580544487,
        0.1689589818428729,
        0.15809478311345768,
        0.15011284983031345,
        0.15704151421376486,
        0.1522749948158333
    ],
    "inputs_max": [
        [
            0,
            1
        ],
        [
            3,
            1
        ],
        [
            1,
            4
        ],
        [
            0,
            0
        ],
        [
            5,
            2
        ],
        [
            4,
            4
        ],
        [
            1,
            5
        ],
        [
            2,
            3
        ],
        [
            0,
            5
        ],
        [
            1,
            3
        ]
    ],
    "eigs": [
        0.1249388365007299,
        0.13100213177516395,
        0.11563565943573022,
        0.1296562597540493,
        0.10535383770426547,
        0.11337104663382351,
        0.13283249513694484,
        0.11862151814838233,
        0.13470331359933074,
        0.10438797311419716
    ]
}