{
    "eigs_regret": [
        0.03415480356959824,
        0.051797521864765675,
        0.048657379803999506,
        0.04531421368046973,
        0.043895867834613814,
        0.06043135309103251,
        0.0397166807518933,
        0.06444750834698618,
        0.04076413058820938,
        0.05046218883431394
    ],
    "eigs_max": [
        0.15487934574227546,
        0.15778618519643936,
        0.16041321930068891,
        0.15520769964056993,
        0.1526665026833388,
        0.15903104741513904,
        0.17080549618452096,
        0.1514069363737003,
        0.14839334430502782,
        0.16507016099869867
    ],
    "inputs_max": [
        [
            4,
            2
        ],
        [
            3,
            2
        ],
        [
            4,
            2
        ],
        [
            0,
            5
        ],
        [
            2,
            0
        ],
        [
            1,
            5
        ],
        [
            5,
            0
        ],
        [
            1,
            3
        ],
        [
            4,
            4
        ],
        [
            5,
            4
        ]
    ],
    "eigs": [
        0.12072454217267722,
        0.10598866333167369,
        0.11175583949668941,
        0.1098934859601002,
        0.108770634848725,
        0.09859969432410653,
        0.13108881543262765,
        0.08695942802671414,
        0.10762921371681844,
        0.11460797216438473
    ]
}