{
    "eigs_regret": [
        0.028710613348645025,
        0.03525850017910524,
        0.0362485415181098,
        0.030968018044873577,
        0.058481738509607376,
        0.03865369920906098,
        0.07163041068122618,
        0.06105074752162319,
        0.049709116520221724
    ],
    "eigs_max": [
        0.15994412130980537,
        0.1526157648381436,
        0.15465266055206664,
        0.1524210743513885,
        0.16700848652067482,
        0.15846518379579072,
        0.15167588358709147,
        0.1619329915217072,
        0.1578598282052206
    ],
    "inputs_max": [
        [
            5,
            3
        ],
        [
            3,
            0
        ],
        [
            0,
            3
        ],
        [
            0,
            2
        ],
        [
            5,
            3
        ],
        [
            0,
            1
        ],
        [
            5,
            4
        ],
        [
            0,
            1
        ],
        [
            1,
            1
        ]
    ],
    "eigs": [
        0.13123350796116035,
        0.11735726465903835,
        0.11840411903395684,
        0.12145305630651491,
        0.10852674801106744,
        0.11981148458672974,
        0.08004547290586529,
        0.10088224400008401,
        0.10815071168499887
    ]
}