{
    "eigs_regret": [
        0.2803838663128395,
        0.07676202751069283,
        0.04675961352614244,
        0.063521414855442,
        0.08852437287030474,
        0.15695298534636007,
        0.19514329923595325,
        0.18047544344129118,
        0.15297657743577958,
        0.20963662454108573
    ],
    "eigs_max": [
        1.3012029189647794,
        1.2632115511554871,
        0.5080033359181605,
        0.3164673830341562,
        0.26760690218243327,
        0.2996718877991363,
        0.26940795156360764,
        0.26006961991547184,
        0.23970174570483804,
        0.2783138679815537
    ],
    "inputs_max": [
        3.020044091136131,
        4.900007686649244,
        1.0838793092505288,
        2.9113148052763576,
        0.2113926461915827,
        0.047799852744063176,
        0.03324833371859792,
        0.10638678544178659,
        0.08083512116676961,
        0.06408214445777105
    ],
    "eigs": [
        1.0208190526519398,
        1.1864495236447943,
        0.46124372239201805,
        0.25294596817871423,
        0.17908252931212854,
        0.14271890245277621,
        0.07426465232765438,
        0.07959417647418064,
        0.08672516826905848,
        0.06867724344046801
    ]
}