{
    "eigs_regret": [
        0.025922033816929008,
        0.028237140960299945,
        0.015741837863393005,
        0.021591644838943963,
        0.034858935486329345,
        0.06229282546143086,
        0.020797313764517794,
        0.060194335362398155,
        0.02741369049304572,
        0.02359470030451785,
        0.04634744911200708,
        0.00824513834212659
    ],
    "eigs_max": [
        0.15739319918013386,
        0.15541934038230681,
        0.14632042730463765,
        0.14846647606452498,
        0.15203310591210784,
        0.1637519660311127,
        0.15440609131595007,
        0.16517213914648277,
        0.15122776596340942,
        0.1689048550558269,
        0.17141506718310445,
        0.14129695807090414
    ],
    "inputs_max": [
        [
            5,
            0
        ],
        [
            0,
            2
        ],
        [
            5,
            2
        ],
        [
            4,
            4
        ],
        [
            3,
            3
        ],
        [
            4,
            4
        ],
        [
            4,
            1
        ],
        [
            3,
            5
        ],
        [
            1,
            3
        ],
        [
            4,
            1
        ],
        [
            1,
            4
        ],
        [
            1,
            4
        ]
    ],
    "eigs": [
        0.13147116536320486,
        0.12718219942200687,
        0.13057858944124465,
        0.12687483122558102,
        0.11717417042577849,
        0.10145914056968183,
        0.13360877755143227,
        0.10497780378408461,
        0.1238140754703637,
        0.14531015475130904,
        0.12506761807109737,
        0.13305181972877755
    ]
}