{
    "eigs_regret": [
        0.02920842415815253,
        0.037800475050802085,
        0.04235085899920164,
        0.03358319421355482,
        0.03441347886843317,
        0.02188566433218969,
        0.05284413457452132,
        0.023142514361374072,
        0.04251513294516
    ],
    "eigs_max": [
        0.1522670035457952,
        0.14246787948532708,
        0.15409767661565357,
        0.15920699372720792,
        0.1494613842945058,
        0.15553718506205008,
        0.15519531436852207,
        0.16243489483700374,
        0.15435953840977107
    ],
    "inputs_max": [
        [
            3,
            4
        ],
        [
            0,
            2
        ],
        [
            3,
            0
        ],
        [
            2,
            3
        ],
        [
            3,
            4
        ],
        [
            4,
            4
        ],
        [
            4,
            0
        ],
        [
            3,
            1
        ],
        [
            0,
            1
        ]
    ],
    "eigs": [
        0.12305857938764267,
        0.10466740443452499,
        0.11174681761645193,
        0.1256237995136531,
        0.11504790542607264,
        0.1336515207298604,
        0.10235117979400075,
        0.13929238047562967,
        0.11184440546461107
    ]
}