{
    "eigs_regret": [
        0.04543703916804691,
        0.029764847308132864,
        0.041093131270287256,
        0.04591772302155453,
        0.057883992885327404
    ],
    "eigs_max": [
        0.16603245315883805,
        0.15185958851833753,
        0.15564291566773686,
        0.14897898369530213,
        0.16217558067490892
    ],
    "inputs_max": [
        [
            3,
            0
        ],
        [
            3,
            5
        ],
        [
            5,
            4
        ],
        [
            0,
            1
        ],
        [
            3,
            4
        ]
    ],
    "eigs": [
        0.12059541399079114,
        0.12209474121020467,
        0.1145497843974496,
        0.1030612606737476,
        0.10429158778958152
    ]
}