{
    "eigs_regret": [
        0.004612561747956517,
        -0.0020503162259178365,
        0.041858815477171504,
        0.024662567197985333,
        0.05285236830014681,
        0.045767940680819685,
        0.022453465314890758,
        0.0034353334726708318,
        0.013946853262197967,
        0.003687060502187728
    ],
    "eigs_max": [
        0.15550141423622083,
        0.14485150283943524,
        0.15604157187971146,
        0.14352784532128182,
        0.15604654311945457,
        0.14633162225363391,
        0.15351575793026245,
        0.14193772385925943,
        0.14859365160875881,
        0.14795274147063997
    ],
    "inputs_max": [
        [
            2,
            0
        ],
        [
            2,
            0
        ],
        [
            0,
            4
        ],
        [
            5,
            3
        ],
        [
            5,
            4
        ],
        [
            3,
            4
        ],
        [
            5,
            2
        ],
        [
            1,
            1
        ],
        [
            4,
            1
        ],
        [
            5,
            2
        ]
    ],
    "eigs": [
        0.1508888524882643,
        0.14690181906535307,
        0.11418275640253996,
        0.11886527812329649,
        0.10319417481930776,
        0.10056368157281423,
        0.1310622926153717,
        0.1385023903865886,
        0.13464679834656085,
        0.14426568096845224
    ]
}