{
    "eigs_regret": [
        0.005567754182371459,
        0.015288268313355169,
        0.028168783500809647,
        0.012194400634216535,
        0.02397519243870272,
        0.029913094845134894,
        0.030345610408746435,
        -0.005327844497328038,
        0.05473801020400186,
        0.04863178791669534
    ],
    "eigs_max": [
        0.14758893654033353,
        0.1521391869756331,
        0.161445722158226,
        0.14302902330197348,
        0.1564044486516607,
        0.14548065826756304,
        0.15127078707826766,
        0.1541907834785194,
        0.1576149222507507,
        0.16057924807896395
    ],
    "inputs_max": [
        [
            0,
            0
        ],
        [
            2,
            5
        ],
        [
            2,
            2
        ],
        [
            4,
            1
        ],
        [
            5,
            4
        ],
        [
            5,
            2
        ],
        [
            1,
            4
        ],
        [
            2,
            4
        ],
        [
            2,
            4
        ],
        [
            5,
            3
        ]
    ],
    "eigs": [
        0.14202118235796207,
        0.13685091866227794,
        0.13327693865741636,
        0.13083462266775694,
        0.13242925621295798,
        0.11556756342242815,
        0.12092517666952123,
        0.15951862797584743,
        0.10287691204674883,
        0.11194746016226861
    ]
}