{
    "eigs_regret": [
        0.03919773342836691,
        -0.0041554006000240895,
        0.022685042162637878,
        0.009756254859322078,
        0.04498737734230389,
        0.0004737311733705729,
        0.02658118236529096,
        0.04873127303397122,
        0.007360038811431713
    ],
    "eigs_max": [
        0.1523250001148775,
        0.1485639061218492,
        0.14639689643234544,
        0.14578855805883498,
        0.15512104894383674,
        0.15234213734030294,
        0.14953002814568497,
        0.1570967405825025,
        0.160157481058444
    ],
    "inputs_max": [
        [
            1,
            1
        ],
        [
            3,
            2
        ],
        [
            4,
            1
        ],
        [
            3,
            2
        ],
        [
            2,
            0
        ],
        [
            0,
            3
        ],
        [
            5,
            4
        ],
        [
            0,
            4
        ],
        [
            4,
            1
        ]
    ],
    "eigs": [
        0.1131272666865106,
        0.15271930672187328,
        0.12371185426970756,
        0.1360323031995129,
        0.11013367160153285,
        0.15186840616693237,
        0.12294884578039401,
        0.10836546754853128,
        0.15279744224701228
    ]
}