{
    "eigs_regret": [
        0.04082785710358541,
        0.04154224067757893,
        0.041913401640554515,
        0.044051454175007054,
        0.04576929969868304,
        0.03182007765237309,
        0.06954238838975518,
        0.051885482366468325,
        0.0415597995918391,
        0.04368926085201491
    ],
    "eigs_max": [
        0.15516511986657172,
        0.15663278795110647,
        0.1728666036325723,
        0.15267958408481064,
        0.1560036329812557,
        0.1561260785437547,
        0.1626023909593294,
        0.15844991623442803,
        0.15526903441855214,
        0.14685007010473855
    ],
    "inputs_max": [
        [
            5,
            1
        ],
        [
            4,
            5
        ],
        [
            2,
            1
        ],
        [
            5,
            5
        ],
        [
            3,
            0
        ],
        [
            2,
            0
        ],
        [
            3,
            5
        ],
        [
            4,
            5
        ],
        [
            5,
            5
        ],
        [
            2,
            1
        ]
    ],
    "eigs": [
        0.11433726276298631,
        0.11509054727352754,
        0.1309532019920178,
        0.10862812990980358,
        0.11023433328257265,
        0.12430600089138162,
        0.09306000256957422,
        0.1065644338679597,
        0.11370923482671304,
        0.10316080925272364
    ]
}