{
    "eigs_regret": [
        0.017200917789375242,
        0.05904997530798811,
        0.026424965021955543,
        0.042308735636223366,
        0.009031323682388376,
        0.041454745815998936,
        0.032854660732455326,
        0.006252415079168017,
        0.0065440118494823896
    ],
    "eigs_max": [
        0.16386810566792884,
        0.15767706504375223,
        0.14783877796460876,
        0.1569761968838658,
        0.14952509148349194,
        0.1570512516160306,
        0.16303936147009312,
        0.14565623512270676,
        0.16155187995527223
    ],
    "inputs_max": [
        [
            3,
            3
        ],
        [
            2,
            5
        ],
        [
            2,
            2
        ],
        [
            4,
            3
        ],
        [
            2,
            4
        ],
        [
            3,
            3
        ],
        [
            2,
            4
        ],
        [
            3,
            4
        ],
        [
            5,
            3
        ]
    ],
    "eigs": [
        0.1466671878785536,
        0.09862708973576412,
        0.12141381294265322,
        0.11466746124764243,
        0.14049376780110356,
        0.11559650580003165,
        0.1301847007376378,
        0.13940382004353874,
        0.15500786810578984
    ]
}