{
    "eigs_regret": [
        0.03371190014292594,
        0.04926822656379093,
        0.03329065821112001,
        0.03792881456105884,
        0.03935390145722316,
        0.05207259518387733,
        0.028433947877231358,
        0.031979301071122,
        -0.0014115331931635333,
        0.020984878271876423
    ],
    "eigs_max": [
        0.15975627182182936,
        0.16144005432975603,
        0.15296684112155085,
        0.16373929355052824,
        0.14998940306558983,
        0.1497509008997643,
        0.14282246533963813,
        0.1536477826648689,
        0.15062012794069432,
        0.1518440490009707
    ],
    "inputs_max": [
        [
            4,
            5
        ],
        [
            4,
            5
        ],
        [
            1,
            2
        ],
        [
            4,
            4
        ],
        [
            4,
            3
        ],
        [
            1,
            4
        ],
        [
            2,
            2
        ],
        [
            5,
            1
        ],
        [
            2,
            2
        ],
        [
            1,
            0
        ]
    ],
    "eigs": [
        0.12604437167890342,
        0.1121718277659651,
        0.11967618291043083,
        0.1258104789894694,
        0.11063550160836667,
        0.09767830571588698,
        0.11438851746240677,
        0.1216684815937469,
        0.15203166113385785,
        0.13085917072909428
    ]
}