{
    "eigs_regret": [
        0.00347670065825767,
        0.022439737182922692,
        0.027650643959107574,
        0.015709539468800826,
        0.023447245767523828,
        0.019072687329260735,
        0.0536497503964012,
        0.014467271501288959,
        0.06451935930394213,
        0.01988334397329053
    ],
    "eigs_max": [
        0.15436826377655466,
        0.1588878727188346,
        0.1619339377629212,
        0.1483556015213971,
        0.15473991444054427,
        0.14139305119005383,
        0.1571133454329583,
        0.1548362345763487,
        0.17014048315864086,
        0.15259661592464585
    ],
    "inputs_max": [
        [
            0,
            2
        ],
        [
            3,
            5
        ],
        [
            4,
            2
        ],
        [
            4,
            3
        ],
        [
            0,
            3
        ],
        [
            4,
            0
        ],
        [
            2,
            5
        ],
        [
            1,
            1
        ],
        [
            2,
            1
        ],
        [
            3,
            5
        ]
    ],
    "eigs": [
        0.150891563118297,
        0.1364481355359119,
        0.13428329380381362,
        0.13264606205259627,
        0.13129266867302045,
        0.12232036386079309,
        0.1034635950365571,
        0.14036896307505975,
        0.10562112385469873,
        0.13271327195135532
    ]
}