{
    "eigs_regret": [
        0.05059944105199013,
        0.01633616606254451,
        0.03707146881356119,
        0.01927119709754882,
        0.03383914892975025,
        0.029377390296610212,
        0.014507480400746092,
        0.037416353913915734,
        0.03619897793325985,
        0.02922412510633436,
        0.024495850118583073,
        0.061737988712525435,
        0.03895513829568989,
        0.03571374345435922,
        0.031568562681911966,
        0.02505633181789957,
        0.00948240715351839
    ],
    "eigs_max": [
        0.15301854016401273,
        0.15143465590049315,
        0.1632445853262454,
        0.14806197732931128,
        0.1493852521677436,
        0.1568621573831316,
        0.14526295165437766,
        0.15028894478031854,
        0.14480538578294444,
        0.15057885689226153,
        0.15643374814061076,
        0.15387863002122837,
        0.15408726677187576,
        0.15153838730392122,
        0.15821820788746607,
        0.15684612798228956,
        0.14679733335338577
    ],
    "inputs_max": [
        [
            2,
            4
        ],
        [
            0,
            1
        ],
        [
            1,
            2
        ],
        [
            2,
            1
        ],
        [
            2,
            3
        ],
        [
            1,
            5
        ],
        [
            5,
            1
        ],
        [
            3,
            4
        ],
        [
            4,
            3
        ],
        [
            3,
            2
        ],
        [
            3,
            3
        ],
        [
            3,
            3
        ],
        [
            1,
            5
        ],
        [
            3,
            2
        ],
        [
            5,
            2
        ],
        [
            3,
            2
        ],
        [
            3,
            5
        ]
    ],
    "eigs": [
        0.1024190991120226,
        0.13509848983794864,
        0.1261731165126842,
        0.12879078023176246,
        0.11554610323799334,
        0.1274847670865214,
        0.13075547125363157,
        0.1128725908664028,
        0.10860640784968459,
        0.12135473178592716,
        0.13193789802202768,
        0.09214064130870293,
        0.11513212847618587,
        0.115824643849562,
        0.1266496452055541,
        0.13178979616439,
        0.13731492619986738
    ]
}