{
    "eigs_regret": [
        0.05202219397893128,
        0.025989534392487162,
        0.04284202669365991,
        0.04215811155433047,
        0.03746789138108986,
        0.03756597785586925,
        0.02074887283404825,
        0.023213093166075643,
        0.022634454006466548,
        0.02031598915798205,
        0.027806396075130246,
        0.06547184132439762,
        0.016837628226082757
    ],
    "eigs_max": [
        0.1511703264863415,
        0.15087983985515874,
        0.15120753404728812,
        0.1517295822670557,
        0.1699692306335954,
        0.15575973807936805,
        0.1506396002204971,
        0.15250287672361923,
        0.14673749733864522,
        0.15201029160285084,
        0.1510616944858773,
        0.1604442674368493,
        0.16136360864991559
    ],
    "inputs_max": [
        [
            4,
            0
        ],
        [
            5,
            1
        ],
        [
            1,
            5
        ],
        [
            5,
            2
        ],
        [
            1,
            1
        ],
        [
            0,
            4
        ],
        [
            0,
            4
        ],
        [
            0,
            1
        ],
        [
            3,
            2
        ],
        [
            4,
            2
        ],
        [
            0,
            4
        ],
        [
            3,
            2
        ],
        [
            3,
            2
        ]
    ],
    "eigs": [
        0.09914813250741021,
        0.12489030546267157,
        0.10836550735362821,
        0.10957147071272524,
        0.13250133925250554,
        0.1181937602234988,
        0.12989072738644886,
        0.12928978355754359,
        0.12410304333217867,
        0.1316943024448688,
        0.12325529841074706,
        0.09497242611245169,
        0.14452598042383283
    ]
}