{
    "eigs_regret": [
        0.03450001492415253,
        -0.0015098866667405397,
        0.0488901146689778,
        0.024959558152127137,
        0.026693425157649775,
        0.012929822672944957,
        0.035482795428971786,
        0.056028485518654775,
        0.060684009356906835,
        0.017897162450966703
    ],
    "eigs_max": [
        0.1590409314513606,
        0.15145300224000224,
        0.16011226335823886,
        0.1587289125444836,
        0.17064914421299812,
        0.15870798829321436,
        0.15474762472822431,
        0.14810602966857161,
        0.15944881467720007,
        0.14652806174966
    ],
    "inputs_max": [
        [
            3,
            0
        ],
        [
            3,
            5
        ],
        [
            5,
            3
        ],
        [
            3,
            2
        ],
        [
            2,
            4
        ],
        [
            5,
            3
        ],
        [
            1,
            2
        ],
        [
            5,
            3
        ],
        [
            3,
            3
        ],
        [
            2,
            4
        ]
    ],
    "eigs": [
        0.12454091652720808,
        0.15296288890674278,
        0.11122214868926106,
        0.13376935439235646,
        0.14395571905534835,
        0.1457781656202694,
        0.11926482929925253,
        0.09207754414991684,
        0.09876480532029323,
        0.12863089929869329
    ]
}