{
    "eigs_regret": [
        0.045847568179827394,
        0.02642445507484084
    ],
    "eigs_max": [
        0.15168006896115088,
        0.1437529458011914
    ],
    "inputs_max": [
        [
            0,
            2
        ],
        [
            4,
            0
        ]
    ],
    "eigs": [
        0.10583250078132349,
        0.11732849072635057
    ]
}