{
    "eigs_regret": [
        0.04528872873435495,
        0.05061576107841696,
        0.03530351595911814,
        0.031419927494617333,
        0.02891698366194212,
        0.024498550450037654,
        0.056252590581730655,
        0.03862638490592063,
        0.018227408017888747,
        0.04301384586008225
    ],
    "eigs_max": [
        0.14751037209228923,
        0.16555331457941694,
        0.15381047371730122,
        0.1504675977953112,
        0.15780287280704247,
        0.15586912324305505,
        0.1546458645686714,
        0.14944549027563767,
        0.15363679264825433,
        0.16354871872050214
    ],
    "inputs_max": [
        [
            0,
            3
        ],
        [
            1,
            1
        ],
        [
            5,
            3
        ],
        [
            1,
            4
        ],
        [
            0,
            4
        ],
        [
            5,
            5
        ],
        [
            0,
            3
        ],
        [
            2,
            4
        ],
        [
            3,
            3
        ],
        [
            3,
            5
        ]
    ],
    "eigs": [
        0.10222164335793428,
        0.11493755350099998,
        0.11850695775818308,
        0.11904767030069385,
        0.12888588914510035,
        0.1313705727930174,
        0.09839327398694075,
        0.11081910536971704,
        0.1354093846303656,
        0.12053487286041989
    ]
}