{
    "eigs_regret": [
        0.04004457419691093,
        0.026142070319063224,
        0.0423346858250675,
        0.06888047471475137,
        0.04055610515821911,
        0.04021125775973711,
        0.02178188015863497,
        0.02533968389443267,
        0.03654406800648255,
        0.0311526342787542
    ],
    "eigs_max": [
        0.15198425395146728,
        0.1498396654180915,
        0.15221121583427805,
        0.15712893197858765,
        0.15681160887339626,
        0.1550248585289104,
        0.15516787273309982,
        0.15281298480910158,
        0.16026052928360196,
        0.1545769630859033
    ],
    "inputs_max": [
        [
            5,
            2
        ],
        [
            4,
            4
        ],
        [
            2,
            4
        ],
        [
            2,
            4
        ],
        [
            2,
            4
        ],
        [
            5,
            4
        ],
        [
            0,
            4
        ],
        [
            4,
            3
        ],
        [
            1,
            4
        ],
        [
            1,
            5
        ]
    ],
    "eigs": [
        0.11193967975455635,
        0.12369759509902827,
        0.10987653000921055,
        0.08824845726383629,
        0.11625550371517715,
        0.1148136007691733,
        0.13338599257446485,
        0.1274733009146689,
        0.12371646127711941,
        0.1234243288071491
    ]
}