{
    "eigs_regret": [
        0.03744137955722637,
        -0.012020202274087982,
        0.02587738489524713,
        0.027808990182750903,
        0.04079671664494658,
        0.042586998179490715,
        0.05860177638396247,
        0.03134624673544742,
        0.04028252994798941,
        0.021361741378051274,
        0.05586557268550915,
        0.054420537968704746
    ],
    "eigs_max": [
        0.16150254626300933,
        0.1598047552522175,
        0.1542867615286076,
        0.1525122290286565,
        0.1481789331643531,
        0.14798140093333184,
        0.1548118833041686,
        0.1523614109180437,
        0.14834769977858708,
        0.15725264902955935,
        0.16099991238581998,
        0.1591824780322814
    ],
    "inputs_max": [
        [
            1,
            1
        ],
        [
            3,
            3
        ],
        [
            3,
            5
        ],
        [
            3,
            1
        ],
        [
            1,
            4
        ],
        [
            3,
            0
        ],
        [
            5,
            5
        ],
        [
            3,
            4
        ],
        [
            1,
            1
        ],
        [
            3,
            5
        ],
        [
            4,
            5
        ],
        [
            1,
            2
        ]
    ],
    "eigs": [
        0.12406116670578296,
        0.17182495752630547,
        0.12840937663336047,
        0.12470323884590559,
        0.10738221651940652,
        0.10539440275384113,
        0.09621010692020612,
        0.12101516418259628,
        0.10806516983059768,
        0.13589090765150807,
        0.10513433970031083,
        0.10476194006357664
    ]
}