{
    "eigs_regret": [
        0.05970209603006556,
        0.0500597766197481,
        0.02488515894916124,
        0.02742561194922201,
        0.03563404225883714,
        0.04760479392476642
    ],
    "eigs_max": [
        0.1577903262333309,
        0.16096399136581455,
        0.16709222099246326,
        0.14924776257007247,
        0.15338782019976765,
        0.16794766383191415
    ],
    "inputs_max": [
        [
            3,
            2
        ],
        [
            3,
            3
        ],
        [
            5,
            1
        ],
        [
            3,
            4
        ],
        [
            2,
            1
        ],
        [
            3,
            5
        ]
    ],
    "eigs": [
        0.09808823020326533,
        0.11090421474606645,
        0.14220706204330202,
        0.12182215062085046,
        0.11775377794093052,
        0.12034286990714772
    ]
}