{
    "eigs_regret": [
        0.03546620989064331,
        0.039455143211200944,
        0.028133170879728456,
        0.03814603369881189,
        0.027434558165204237,
        0.02122684499499168,
        0.02874401512394467,
        0.017340776814118608,
        0.028324544210149946
    ],
    "eigs_max": [
        0.1547511721758662,
        0.15862658020729564,
        0.1498474810489368,
        0.14982493053968898,
        0.1530211376061521,
        0.14411972768474693,
        0.1483451048198081,
        0.15080892703517715,
        0.15067345391273992
    ],
    "inputs_max": [
        [
            4,
            1
        ],
        [
            5,
            4
        ],
        [
            5,
            1
        ],
        [
            4,
            0
        ],
        [
            4,
            4
        ],
        [
            3,
            4
        ],
        [
            5,
            2
        ],
        [
            3,
            3
        ],
        [
            4,
            1
        ]
    ],
    "eigs": [
        0.1192849622852229,
        0.1191714369960947,
        0.12171431016920835,
        0.11167889684087709,
        0.12558657944094787,
        0.12289288268975525,
        0.11960108969586342,
        0.13346815022105854,
        0.12234890970258998
    ]
}