{
    "eigs_regret": [
        0.03417521954615896,
        0.024230133515563468,
        0.039860261575188904,
        0.016254546721245933,
        0.04082098557749196,
        0.05854772208756347,
        0.020181670809051033,
        0.036070426303323314,
        0.035283649191389724,
        -0.01353788093019137
    ],
    "eigs_max": [
        0.15537739451503885,
        0.15888164584886705,
        0.1561793561754637,
        0.1495044181123352,
        0.15264224603258134,
        0.1449898003273536,
        0.15799776668946144,
        0.15677518679951924,
        0.15642192060294388,
        0.14917470006197486
    ],
    "inputs_max": [
        [
            5,
            4
        ],
        [
            5,
            3
        ],
        [
            3,
            3
        ],
        [
            4,
            2
        ],
        [
            1,
            0
        ],
        [
            4,
            1
        ],
        [
            2,
            4
        ],
        [
            1,
            0
        ],
        [
            2,
            1
        ],
        [
            4,
            2
        ]
    ],
    "eigs": [
        0.12120217496887989,
        0.13465151233330358,
        0.11631909460027479,
        0.13324987139108926,
        0.11182126045508937,
        0.08644207823979012,
        0.1378160958804104,
        0.12070476049619593,
        0.12113827141155416,
        0.16271258099216623
    ]
}