{
    "eigs_regret": [
        0.08082146920869174,
        0.027205007116267416,
        0.009053186197361479,
        0.037030137552376344,
        0.024753665144521486,
        0.05364568337081234,
        0.023824446863997234,
        0.054920833941393854
    ],
    "eigs_max": [
        0.16000313370315838,
        0.15177579172369804,
        0.14819829837969467,
        0.15922622032195147,
        0.15506541502734222,
        0.16974295562310188,
        0.16274067205429185,
        0.1575342457300323
    ],
    "inputs_max": [
        [
            3,
            1
        ],
        [
            2,
            3
        ],
        [
            5,
            2
        ],
        [
            2,
            1
        ],
        [
            5,
            4
        ],
        [
            1,
            5
        ],
        [
            1,
            2
        ],
        [
            2,
            3
        ]
    ],
    "eigs": [
        0.07918166449446665,
        0.12457078460743062,
        0.1391451121823332,
        0.12219608276957512,
        0.13031174988282074,
        0.11609727225228954,
        0.13891622519029462,
        0.10261341178863845
    ]
}