{
    "eigs_regret": [
        0.050508823917832,
        0.06975064149407528,
        0.030101185879601366,
        0.02138802174329213,
        0.050202858649036994,
        0.044140429871711004,
        0.03864796817011401,
        0.025073143858022895,
        0.026964830251455324,
        0.054819569957541545
    ],
    "eigs_max": [
        0.15993927211445652,
        0.1565301478491886,
        0.15619739870112376,
        0.15397637655700008,
        0.17041269121280725,
        0.1568230769321712,
        0.1650594351998219,
        0.15237852635622665,
        0.1566600411585115,
        0.16202131833226605
    ],
    "inputs_max": [
        [
            0,
            2
        ],
        [
            3,
            4
        ],
        [
            2,
            2
        ],
        [
            4,
            3
        ],
        [
            1,
            5
        ],
        [
            0,
            1
        ],
        [
            5,
            4
        ],
        [
            1,
            4
        ],
        [
            1,
            2
        ],
        [
            1,
            2
        ]
    ],
    "eigs": [
        0.10943044819662452,
        0.0867795063551133,
        0.1260962128215224,
        0.13258835481370795,
        0.12020983256377026,
        0.1126826470604602,
        0.1264114670297079,
        0.12730538249820375,
        0.12969521090705619,
        0.1072017483747245
    ]
}