{
    "eigs_regret": [
        0.032767064860859785,
        0.03936992949594874,
        0.05120055840850467,
        0.06278401246884512,
        0.03561008230505601,
        0.03600430511529536,
        0.01738944281382951,
        0.02516263013164516,
        0.03779943769814517,
        0.03154588821235646
    ],
    "eigs_max": [
        0.15527777535584295,
        0.1539089365441792,
        0.16132456226185377,
        0.15148207626223387,
        0.15641496748476447,
        0.1518116513988336,
        0.14426340455984682,
        0.14502126412731528,
        0.16379813694885917,
        0.14411159508180157
    ],
    "inputs_max": [
        [
            5,
            0
        ],
        [
            1,
            0
        ],
        [
            3,
            4
        ],
        [
            1,
            4
        ],
        [
            4,
            1
        ],
        [
            5,
            4
        ],
        [
            1,
            2
        ],
        [
            4,
            0
        ],
        [
            4,
            0
        ],
        [
            5,
            4
        ]
    ],
    "eigs": [
        0.12251071049498316,
        0.11453900704823046,
        0.1101240038533491,
        0.08869806379338875,
        0.12080488517970846,
        0.11580734628353824,
        0.1268739617460173,
        0.11985863399567012,
        0.125998699250714,
        0.11256570686944511
    ]
}