{
    "eigs_regret": [
        0.02403705569779732,
        0.025442479296242826,
        0.047117791526550754,
        0.056134103097399635,
        0.010982694737334986,
        0.060492654258886835,
        0.06523625662461797,
        0.05179266646928682,
        0.05444682471058815
    ],
    "eigs_max": [
        0.1540077677213219,
        0.1595479609591856,
        0.1479284771374942,
        0.15207527070873464,
        0.17075740616100146,
        0.15607919818227353,
        0.1734979226469101,
        0.17802113515005633,
        0.1806107893407313
    ],
    "inputs_max": [
        [
            5,
            1
        ],
        [
            5,
            4
        ],
        [
            1,
            4
        ],
        [
            4,
            5
        ],
        [
            4,
            5
        ],
        [
            0,
            2
        ],
        [
            0,
            3
        ],
        [
            0,
            2
        ],
        [
            0,
            3
        ]
    ],
    "eigs": [
        0.1299707120235246,
        0.13410548166294278,
        0.10081068561094346,
        0.095941167611335,
        0.15977471142366648,
        0.0955865439233867,
        0.10826166602229213,
        0.1262284686807695,
        0.12616396463014315
    ]
}