{
    "eigs_regret": [
        0.049888981249035916,
        0.05269722410359004,
        0.03721021575994203,
        0.03743173793270295,
        0.027971229064860492,
        0.05375788240432679,
        0.03040527296254321,
        0.025048308019276808,
        0.04664028715416503
    ],
    "eigs_max": [
        0.16275962529685434,
        0.16477572364468432,
        0.15538717947636396,
        0.15324191790372452,
        0.153876697420028,
        0.1604580281394976,
        0.1552140761516388,
        0.14829824825833507,
        0.14927968955610135
    ],
    "inputs_max": [
        [
            4,
            0
        ],
        [
            0,
            1
        ],
        [
            3,
            5
        ],
        [
            2,
            0
        ],
        [
            5,
            1
        ],
        [
            2,
            5
        ],
        [
            5,
            4
        ],
        [
            3,
            4
        ],
        [
            2,
            0
        ]
    ],
    "eigs": [
        0.11287064404781842,
        0.11207849954109428,
        0.11817696371642193,
        0.11581017997102157,
        0.1259054683551675,
        0.10670014573517082,
        0.12480880318909558,
        0.12324994023905826,
        0.10263940240193632
    ]
}