{
    "eigs_regret": [
        0.015748192047855353,
        0.03370976732773556,
        0.04750508096632075,
        0.023903030363977562,
        0.05113797044738666,
        0.02492055344739827,
        0.024015340625509835,
        0.015536869990702196,
        0.022049068316992354,
        0.017116259922753646
    ],
    "eigs_max": [
        0.14976482045490638,
        0.15310317284147504,
        0.1571740040463321,
        0.16199456551571653,
        0.1611264711322766,
        0.15278446848296798,
        0.15985002202527174,
        0.16314400094816375,
        0.15009442579753576,
        0.15170393779618138
    ],
    "inputs_max": [
        [
            4,
            4
        ],
        [
            1,
            5
        ],
        [
            2,
            0
        ],
        [
            1,
            3
        ],
        [
            2,
            4
        ],
        [
            1,
            4
        ],
        [
            4,
            5
        ],
        [
            5,
            3
        ],
        [
            5,
            2
        ],
        [
            5,
            0
        ]
    ],
    "eigs": [
        0.13401662840705103,
        0.11939340551373948,
        0.10966892308001136,
        0.13809153515173897,
        0.10998850068488994,
        0.1278639150355697,
        0.1358346813997619,
        0.14760713095746156,
        0.1280453574805434,
        0.13458767787342774
    ]
}