{
    "eigs_regret": [
        0.03766959555760105,
        0.02185800148000469,
        0.014503045043836954,
        0.024685669498987928,
        0.02549554037311963,
        0.033258294672507335,
        0.05807904650021137,
        0.030161466764268535,
        0.05211147374864142,
        0.015695031792443498
    ],
    "eigs_max": [
        0.16129972260879383,
        0.16803368197972052,
        0.156121360684274,
        0.1651151350882629,
        0.154660504440113,
        0.155737131927136,
        0.15900460997110455,
        0.15205313731320189,
        0.1560307188248092,
        0.14935106172033255
    ],
    "inputs_max": [
        [
            5,
            4
        ],
        [
            4,
            1
        ],
        [
            2,
            1
        ],
        [
            4,
            2
        ],
        [
            2,
            1
        ],
        [
            3,
            4
        ],
        [
            1,
            4
        ],
        [
            5,
            5
        ],
        [
            1,
            5
        ],
        [
            3,
            1
        ]
    ],
    "eigs": [
        0.12363012705119278,
        0.14617568049971583,
        0.14161831564043706,
        0.14042946558927497,
        0.12916496406699338,
        0.12247883725462867,
        0.10092556347089318,
        0.12189167054893335,
        0.10391924507616779,
        0.13365602992788905
    ]
}