{
    "eigs_regret": [
        0.052771520719543094,
        0.03919402719302549,
        0.04707225830792487,
        0.06941457475413478,
        0.05011039230009193,
        0.0184017667846946,
        0.06154389212492278,
        0.04038645828613699,
        0.06162494736906837
    ],
    "eigs_max": [
        0.1550040984502361,
        0.14747464902691337,
        0.15041194364526894,
        0.16526385658161508,
        0.16295221993815165,
        0.15119944113876688,
        0.1530140147206036,
        0.1505990374475643,
        0.15239247918774831
    ],
    "inputs_max": [
        [
            1,
            0
        ],
        [
            3,
            5
        ],
        [
            4,
            4
        ],
        [
            3,
            2
        ],
        [
            1,
            5
        ],
        [
            2,
            3
        ],
        [
            1,
            3
        ],
        [
            2,
            5
        ],
        [
            0,
            3
        ]
    ],
    "eigs": [
        0.10223257773069301,
        0.10828062183388788,
        0.10333968533734407,
        0.0958492818274803,
        0.11284182763805972,
        0.13279767435407228,
        0.09147012259568083,
        0.11021257916142732,
        0.09076753181867994
    ]
}