{
    "eigs_regret": [
        0.024723093675347918,
        0.045446752811710664,
        0.020041951364102473,
        0.017751966267216285,
        0.03632901385703062,
        0.00892718783342003,
        0.061038689429188234,
        0.026875987147083294,
        0.0115447317304255,
        0.03537107129733377
    ],
    "eigs_max": [
        0.1645573302811,
        0.1654902375617447,
        0.1565177817772457,
        0.1546839757393608,
        0.15731492675219894,
        0.15337438392955619,
        0.170266646548113,
        0.14987462394091344,
        0.14415781391080545,
        0.15855022604520036
    ],
    "inputs_max": [
        [
            4,
            4
        ],
        [
            5,
            4
        ],
        [
            5,
            2
        ],
        [
            3,
            3
        ],
        [
            1,
            0
        ],
        [
            5,
            4
        ],
        [
            5,
            2
        ],
        [
            5,
            1
        ],
        [
            4,
            3
        ],
        [
            1,
            2
        ]
    ],
    "eigs": [
        0.1398342366057521,
        0.12004348475003403,
        0.13647583041314323,
        0.1369320094721445,
        0.12098591289516832,
        0.14444719609613615,
        0.10922795711892476,
        0.12299863679383015,
        0.13261308218037995,
        0.12317915474786659
    ]
}