{
    "eigs_regret": [
        0.04740297254326853,
        0.04357125157674238,
        0.012878319929334858,
        0.05013453280929933,
        0.03984704429467355,
        0.021282139521101417,
        0.044398059415426974,
        0.02634272586263324,
        0.054560306222459096,
        0.0595145845482796
    ],
    "eigs_max": [
        0.15237095866170344,
        0.15594400300695202,
        0.147106114992547,
        0.14591612212953492,
        0.15989401887174828,
        0.1528046038635869,
        0.15160411418315117,
        0.15037818985292617,
        0.15442325012019856,
        0.16341645511170722
    ],
    "inputs_max": [
        [
            5,
            1
        ],
        [
            4,
            5
        ],
        [
            5,
            4
        ],
        [
            1,
            5
        ],
        [
            1,
            5
        ],
        [
            0,
            2
        ],
        [
            0,
            4
        ],
        [
            3,
            0
        ],
        [
            3,
            0
        ],
        [
            1,
            5
        ]
    ],
    "eigs": [
        0.10496798611843491,
        0.11237275143020964,
        0.13422779506321214,
        0.09578158932023559,
        0.12004697457707474,
        0.1315224643424855,
        0.1072060547677242,
        0.12403546399029293,
        0.09986294389773946,
        0.10390187056342762
    ]
}