{
    "eigs_regret": [
        0.10998879046938118,
        0.22181870983023705,
        0.03653929728890298,
        0.040981883418027804,
        0.22574593188213776,
        0.28185185365314286,
        0.23907366427296742,
        0.04319677067197569,
        0.0715553184568641,
        0.08285114558694326
    ],
    "eigs_max": [
        0.2608712339271376,
        0.2302887725124046,
        0.2513950898901923,
        0.26211366666320124,
        0.23820652927878191,
        0.2815822414446531,
        0.24705606810489092,
        0.24292997834458074,
        0.08043317221303325,
        0.3081795990541933
    ],
    "inputs_max": [
        86,
        2,
        13,
        47,
        28,
        31,
        68,
        88,
        24,
        42
    ],
    "eigs": [
        0.15088244345775645,
        0.008470062682167556,
        0.21485579260128934,
        0.22113178324517344,
        0.012460597396644155,
        -0.00026961220848977874,
        0.007982403831923493,
        0.19973320767260505,
        0.008877853756169157,
        0.22532845346725003
    ]
}