{
    "eigs_regret": [
        0.01684996539269701,
        0.12020135219294584,
        0.09335564083659859,
        0.03632351509161019,
        0.07885867840730842,
        0.06007738728041609,
        0.06359582839989356,
        0.09215192670063277,
        0.11263723444957333,
        0.12704450919854324
    ],
    "eigs_max": [
        0.26995223578560934,
        0.24756764262369754,
        0.28469981147109175,
        0.23988479163929763,
        0.2537669608276994,
        0.218504105111978,
        0.22636957847591915,
        0.204691779650927,
        0.14205353029700493,
        0.13121764808032763
    ],
    "inputs_max": [
        46,
        67,
        78,
        50,
        58,
        42,
        85,
        56,
        55,
        24
    ],
    "eigs": [
        0.25310227039291233,
        0.1273662904307517,
        0.19134417063449316,
        0.20356127654768744,
        0.17490828242039097,
        0.1584267178315619,
        0.1627737500760256,
        0.11253985295029423,
        0.029416295847431606,
        0.004173138881784377
    ]
}