{
    "eigs_regret": [
        0.09415574493458703,
        0.044557548729227014,
        0.02439650342486213,
        0.003181852925410407,
        0.05266085121530541,
        0.027314253982218834,
        0.02919008597026107,
        0.04751229475510168,
        0.034975492468767924,
        0.04036307027780884
    ],
    "eigs_max": [
        0.24953502977268258,
        0.2316241615174717,
        0.25980027201025835,
        0.0030254285727703057,
        0.06575273814989085,
        0.04560106257472368,
        0.029090090969927773,
        0.047412299754768385,
        0.03504543622896751,
        0.0403061512782556
    ],
    "inputs_max": [
        46,
        2,
        21,
        27,
        24,
        55,
        91,
        29,
        24,
        91
    ],
    "eigs": [
        0.15537928483809554,
        0.18706661278824468,
        0.23540376858539622,
        -0.00015642435264010102,
        0.01309188693458545,
        0.01828680859250485,
        -9.999500033329728e-05,
        -9.999500033329728e-05,
        6.994376019958937e-05,
        -5.6918999553244434e-05
    ]
}