{
    "eigs_regret": [
        0.16925834078404617,
        0.14273912011731293,
        0.07168725294665887,
        0.0009986184238346407,
        0.045981531311350826,
        0.03753471602179839,
        0.03719480862768476,
        0.08355351051258353,
        0.008461505149160421,
        0.07154395016842559
    ],
    "eigs_max": [
        0.28975537085027203,
        0.27971843319424605,
        0.28635386270614077,
        0.26480750104470324,
        0.25960031036030723,
        0.2313456671884454,
        0.198913847057909,
        0.23025186857894664,
        0.06380235072488269,
        0.0714439551680923
    ],
    "inputs_max": [
        80,
        90,
        16,
        37,
        34,
        57,
        11,
        30,
        9,
        9
    ],
    "eigs": [
        0.12049703006622585,
        0.13697931307693312,
        0.2146666097594819,
        0.2638088826208686,
        0.2136187790489564,
        0.193810951166647,
        0.16171903843022423,
        0.1466983580663631,
        0.05534084557572227,
        -9.999500033329728e-05
    ]
}