{
    "eigs_regret": [
        0.1275815605740997,
        0.07878322644224578,
        0.05061829846553356,
        0.21949698491403152,
        0.07514831258364707,
        0.035911959659252146,
        0.08814139437324711,
        0.06597921629072123,
        0.06849813635839223,
        0.15959261000118705
    ],
    "eigs_max": [
        0.25933957119713485,
        0.2533006780950642,
        0.26775165206535645,
        0.23355828188892416,
        0.26778165716345403,
        0.2237839978082742,
        0.1956550639965286,
        0.2118343899454376,
        0.19096498241198942,
        0.1757258772149349
    ],
    "inputs_max": [
        1,
        25,
        64,
        95,
        60,
        85,
        85,
        89,
        54,
        40
    ],
    "eigs": [
        0.13175801062303516,
        0.1745174516528184,
        0.2171333535998229,
        0.014061296974892652,
        0.19263334457980696,
        0.18787203814902206,
        0.10751366962328149,
        0.14585517365471637,
        0.12246684605359719,
        0.016133267213747866
    ]
}