{
    "eigs_regret": [
        0.09718487607457174,
        0.12145688348346462,
        0.056847634527849134,
        0.10692284548070419,
        0.21659488204505556,
        0.1083010187060352,
        -0.00964292215190704,
        0.16832422986112955,
        0.2192828622555688,
        0.24523737356484585
    ],
    "eigs_max": [
        0.2527693920534657,
        0.25542606241267785,
        0.30898356690713336,
        0.2988899951493571,
        0.2272655692096135,
        0.2642547213962327,
        0.25211216356834015,
        0.2355732208331319,
        0.2318712916200854,
        0.2470884084443536
    ],
    "inputs_max": [
        10,
        6,
        5,
        10,
        50,
        14,
        21,
        51,
        86,
        69
    ],
    "eigs": [
        0.15558451597889397,
        0.13396917892921323,
        0.2521359323792842,
        0.19196714966865291,
        0.010670687164557947,
        0.15595370269019748,
        0.2617550857202472,
        0.06724899097200235,
        0.012588429364516592,
        0.0018510348795077525
    ]
}