{
    "eigs_regret": [
        0.14793299209002747,
        0.046787999857744095,
        0.05473083113742568,
        0.014179667819067023,
        0.056898296150598285,
        0.004415967509239771,
        0.013514428211170076,
        0.04642496796606762,
        0.1616059220885357,
        0.06971077864330216
    ],
    "eigs_max": [
        0.2686702772153169,
        0.23667421459864982,
        0.05463083613709239,
        0.027783513791874895,
        0.05679830115026499,
        0.004315972508906474,
        0.08959012975175754,
        0.05282878977325146,
        0.16150592708820238,
        0.06961078364296887
    ],
    "inputs_max": [
        28,
        90,
        73,
        88,
        25,
        40,
        73,
        31,
        44,
        66
    ],
    "eigs": [
        0.12073728512528942,
        0.18988621474090572,
        -9.999500033329728e-05,
        0.013603845972807872,
        -9.999500033329728e-05,
        -9.999500033329728e-05,
        0.07607570154058746,
        0.00640382180718384,
        -9.999500033329728e-05,
        -9.999500033329728e-05
    ]
}