{
    "eigs_regret": [
        0.03852310547102822,
        0.074689652610191,
        0.07742340064626432,
        0.015864685041796903,
        0.0143550726101639,
        0.013801924719585357,
        0.08073780319116979,
        0.05958440143511542,
        0.051551162619758166,
        0.027994169485102673
    ],
    "eigs_max": [
        0.25482506771859825,
        0.26352469261941,
        0.2586606665811302,
        0.039202642344786424,
        0.014255077609830602,
        0.07107024942056249,
        0.08064028645466012,
        0.06153689617361646,
        0.05149463418293884,
        0.027894174484769375
    ],
    "inputs_max": [
        42,
        43,
        37,
        84,
        31,
        21,
        71,
        31,
        66,
        22
    ],
    "eigs": [
        0.21630196224757003,
        0.18883504000921897,
        0.18123726593486586,
        0.023337957302989522,
        -9.999500033329728e-05,
        0.05726832470097713,
        -9.751673650966114e-05,
        0.0019524947385010445,
        -5.6528436819321184e-05,
        -9.999500033329728e-05
    ]
}