{
    "eigs_regret": [
        0.10422966783097187,
        0.21791518724854622,
        0.045309883385105304,
        0.2544645008956419,
        0.021352675400660298,
        0.24351852754612568,
        0.039287745857775364,
        0.24712660734130965,
        0.02695500375760526,
        0.1315589038564053
    ],
    "eigs_max": [
        0.24626898286562704,
        0.21794806557979723,
        0.22929440749551128,
        0.2625698268903162,
        0.2580752566121116,
        0.24307984265886848,
        0.2531967030010976,
        0.26495182039105436,
        0.23987676094139795,
        0.18506979366535917
    ],
    "inputs_max": [
        44,
        40,
        4,
        72,
        94,
        92,
        42,
        4,
        83,
        48
    ],
    "eigs": [
        0.14203931503465517,
        3.287833125101369e-05,
        0.18398452411040597,
        0.008105325994674334,
        0.23672258121145132,
        -0.00043868488725719914,
        0.21390895714332223,
        0.017825213049744708,
        0.2129217571837927,
        0.053510889808953854
    ]
}