{
    "eigs_regret": [
        0.01083446364496718,
        0.2655446500850483,
        0.05348351517475222,
        0.04488303348765055,
        0.085050893914071,
        0.08358678244754585,
        0.03693528831721407,
        0.03497784123996294,
        0.006690762658086465,
        0.04440993698303399
    ],
    "eigs_max": [
        0.2574658261031178,
        0.2653699320700185,
        0.2674688609829148,
        0.25413167401289843,
        0.21170647908251586,
        0.08348678744721255,
        0.09312301088963396,
        0.034877846239629647,
        0.018074325619935598,
        0.0443099419827007
    ],
    "inputs_max": [
        69,
        51,
        68,
        40,
        91,
        52,
        19,
        7,
        52,
        74
    ],
    "eigs": [
        0.24663136245815062,
        -0.00017471801502977723,
        0.21398534580816256,
        0.2092486405252479,
        0.12665558516844486,
        -9.999500033329728e-05,
        0.056187722572419885,
        -9.999500033329728e-05,
        0.011383562961849133,
        -9.999500033329728e-05
    ]
}