{
    "eigs_regret": [
        0.02752031714633743,
        0.06449453515209216,
        0.08785843219119768,
        0.03997790770550144,
        0.02464581561017884,
        0.0482543528078766,
        0.045563230763610935,
        0.03511581880007425,
        0.04564038997982238,
        0.1131837890963911
    ],
    "eigs_max": [
        0.27497725190771954,
        0.2736834696994872,
        0.2613938667615529,
        0.23953186063334797,
        0.23128695649372707,
        0.22157334412251467,
        0.20002834396909067,
        0.1660710248227645,
        0.15023095704027076,
        0.1339314215863409
    ],
    "inputs_max": [
        50,
        92,
        1,
        36,
        88,
        58,
        15,
        93,
        81,
        78
    ],
    "eigs": [
        0.2474569347613821,
        0.20918893454739504,
        0.17353543457035522,
        0.19955395292784653,
        0.20664114088354824,
        0.17331899131463807,
        0.15446511320547973,
        0.13095520602269026,
        0.10459056706044838,
        0.020747632489949795
    ]
}