{
    "eigs_regret": [
        0.11755103180143087,
        0.12385085917834374,
        0.029107628338494673,
        0.09127472543941825,
        0.06694669065994385,
        0.2533384671235216,
        0.04052179542258888,
        0.19586003076141742,
        0.05700084599508451,
        0.03868900196539174
    ],
    "eigs_max": [
        0.26723328556329207,
        0.2972006219856219,
        0.25436730580199585,
        0.3136644636012023,
        0.2173874279055979,
        0.2632379022683585,
        0.267219750638819,
        0.23358887664116193,
        0.24725553956095878,
        0.21767782824201906
    ],
    "inputs_max": [
        1,
        87,
        51,
        93,
        84,
        88,
        21,
        63,
        95,
        44
    ],
    "eigs": [
        0.1496822537618612,
        0.17334976280727818,
        0.22525967746350117,
        0.22238973816178406,
        0.15044073724565404,
        0.009899435144836932,
        0.2266979552162301,
        0.03772884587974451,
        0.19025469356587427,
        0.17898882627662732
    ]
}