{
    "eigs_regret": [
        0.1187635976409323,
        0.02437601229350056,
        0.023131041262367282,
        0.05119960582648926,
        0.02288147923230686,
        0.05040475358529368,
        0.022881606487115798,
        0.07590535342339762,
        0.024290027129511393,
        0.04997392731863767
    ],
    "eigs_max": [
        0.2616977260723171,
        0.22795323700970024,
        0.026292481490629054,
        0.05109961082615597,
        0.022781484231973563,
        0.05729770951445497,
        0.06477853837834431,
        0.07580535842306432,
        0.0679261276670285,
        0.053316276175824066
    ],
    "inputs_max": [
        86,
        29,
        26,
        69,
        39,
        69,
        99,
        69,
        99,
        78
    ],
    "eigs": [
        0.1429341284313848,
        0.20357722471619968,
        0.0031614402282617734,
        -9.999500033329728e-05,
        -9.999500033329728e-05,
        0.006892955929161287,
        0.04189693189122851,
        -9.999500033329728e-05,
        0.04363610053751711,
        0.0033423488571863924
    ]
}