{
    "eigs_regret": [
        0.13457334418638556,
        0.07814811902463584,
        0.04574449234514322,
        0.116139545593622,
        0.1886679014035265,
        0.2277751261933976,
        0.23776806219990576,
        0.22535960425701074,
        0.02240290860632585,
        0.23786732754885934
    ],
    "eigs_max": [
        0.25005386436916816,
        0.2553725231901109,
        0.28136576289727794,
        0.29200587427058655,
        0.24811948018352548,
        0.24323924024698942,
        0.2467257070432826,
        0.25370631153329865,
        0.24387272721090897,
        0.26652633865587155
    ],
    "inputs_max": [
        45,
        44,
        42,
        71,
        29,
        23,
        33,
        33,
        43,
        31
    ],
    "eigs": [
        0.1154805201827826,
        0.17722440416547505,
        0.23562127055213472,
        0.17586632867696456,
        0.05945157877999898,
        0.015464114053591816,
        0.008957644843376822,
        0.028346707276287908,
        0.22146981860458312,
        0.028659011107012224
    ]
}