{
    "eigs_regret": [
        0.11844604424210264,
        0.037089090306720446,
        0.009364091952476351,
        0.04793250900413988,
        0.025942930967636925,
        0.001953438712052574,
        0.04422294724014833,
        0.05104446193542734,
        0.036724774519373664,
        0.07574592333850766
    ],
    "eigs_max": [
        0.25486372317636796,
        0.2687636052581545,
        0.009264096952143053,
        0.05848863986517211,
        0.025720450733658324,
        0.002749655781880099,
        0.05853428631220697,
        0.050944466935094045,
        0.03662477951904037,
        0.08789223878987627
    ],
    "inputs_max": [
        79,
        40,
        60,
        13,
        18,
        67,
        69,
        39,
        78,
        78
    ],
    "eigs": [
        0.13641767893426532,
        0.23167451495143407,
        -9.999500033329728e-05,
        0.01055613086103223,
        -0.00022248023397860008,
        0.000796217069827525,
        0.014311339072058645,
        -9.999500033329728e-05,
        -9.999500033329728e-05,
        0.012146315451368617
    ]
}