{
    "eigs_regret": [
        0.12343672062995378,
        0.10501584223471166,
        0.0759421341574486,
        0.046119761033459966,
        0.052803113498305576,
        0.09349492089043752,
        0.12481804407729057,
        0.1235449817847437,
        0.04088045872958426,
        0.018632039639140924
    ],
    "eigs_max": [
        0.27066241622417436,
        0.29616194814373203,
        0.2780583234829179,
        0.23812131006410148,
        0.21013522755097092,
        0.2024058919648972,
        0.21060150887474358,
        0.21254724255119656,
        0.19359428168370707,
        0.16550742057250697
    ],
    "inputs_max": [
        61,
        65,
        88,
        68,
        82,
        30,
        5,
        39,
        90,
        39
    ],
    "eigs": [
        0.14722569559422058,
        0.19114610590902037,
        0.20211618932546932,
        0.1920015490306415,
        0.15733211405266534,
        0.10891097107445967,
        0.08578346479745301,
        0.08900226076645286,
        0.1527138229541228,
        0.14687538093336605
    ]
}