{
    "eigs_regret": [
        0.061756881364476185,
        0.02705029577544993,
        0.05310141148096107,
        0.18927409849748147,
        0.059563859510768265,
        0.06797056994523,
        0.017947635237636282,
        0.017717881165923443,
        0.01802598680342444,
        0.03944513239546485
    ],
    "eigs_max": [
        0.26407240504725227,
        0.29074961849182374,
        0.05605244200263354,
        0.26681566345880003,
        0.05946386451043497,
        0.0678705749448967,
        0.035305687995669646,
        0.017617886165590145,
        0.01989091286128951,
        0.048701000648505924
    ],
    "inputs_max": [
        61,
        12,
        22,
        59,
        94,
        90,
        8,
        24,
        31,
        52
    ],
    "eigs": [
        0.20231552368277608,
        0.2636993227163738,
        0.0029510305216724725,
        0.07754156496131856,
        -9.999500033329728e-05,
        -9.999500033329728e-05,
        0.017358052758033364,
        -9.999500033329728e-05,
        0.0018649260578650682,
        0.009255868253041073
    ]
}