{
    "eigs_regret": [
        0.052710989654107976,
        0.053153341039069546,
        0.022596179653988184,
        0.12642093311974634,
        0.011050899346434004,
        0.05824804338371435,
        0.01402103792667422,
        0.04744645733750623,
        0.01572526307085865,
        0.04673773528158432
    ],
    "eigs_max": [
        0.28374569092725654,
        0.05305334603873625,
        0.022496184653654886,
        0.12632093811941303,
        0.015800352386361908,
        0.05814804838338106,
        0.010984504828379048,
        0.047346462337172934,
        0.05760172010580573,
        0.0466377377028181
    ],
    "inputs_max": [
        69,
        56,
        31,
        56,
        29,
        90,
        24,
        5,
        22,
        79
    ],
    "eigs": [
        0.23103470127314857,
        -9.999500033329728e-05,
        -9.999500033329728e-05,
        -9.999500033329728e-05,
        0.004749453039927904,
        -9.999500033329728e-05,
        -0.0030365330982951716,
        -9.999500033329728e-05,
        0.04187645703494708,
        -9.999757876621848e-05
    ]
}