{
    "eigs_regret": [
        0.047156022050577395,
        0.05488707484907826,
        0.02515555401256367,
        0.06713675210809547,
        0.05813104703989869,
        0.0964730744952583,
        0.025313974224129288,
        0.19135386200016685,
        0.22611767343676356,
        0.21966764615090853
    ],
    "eigs_max": [
        0.2775037374761979,
        0.25768644585069717,
        0.2696763689140854,
        0.2565540818530158,
        0.20698531357117678,
        0.22762004994289908,
        0.21567512411004625,
        0.23359364993669635,
        0.24012638210237805,
        0.23457149269861718
    ],
    "inputs_max": [
        39,
        43,
        69,
        97,
        64,
        1,
        74,
        3,
        96,
        46
    ],
    "eigs": [
        0.2303477154256205,
        0.2027993710016189,
        0.24452081490152175,
        0.18941732974492034,
        0.1488542665312781,
        0.13114697544764078,
        0.19036114988591696,
        0.04223978793652949,
        0.014008708665614485,
        0.014903846547708651
    ]
}