{
    "eigs_regret": [
        0.12461924721848763,
        0.06529587955246285,
        0.11307357462646003,
        0.04685834768059588,
        0.05123919403078207,
        0.07571955533398779,
        0.0658680833254849,
        0.05519371387336099,
        0.013255353060792242,
        0.017242990249364282
    ],
    "eigs_max": [
        0.25950341724849346,
        0.2762344397783751,
        0.2982094888347115,
        0.2510045112208165,
        0.05113919903044878,
        0.08098979597445367,
        0.0657680883251516,
        0.0550937188730277,
        0.019979485234172426,
        0.017142995249030984
    ],
    "inputs_max": [
        44,
        92,
        90,
        77,
        6,
        69,
        99,
        47,
        99,
        26
    ],
    "eigs": [
        0.13488417003000583,
        0.21093856022591223,
        0.18513591420825146,
        0.20414616354022064,
        -9.999500033329728e-05,
        0.00527024064046589,
        -9.999500033329728e-05,
        -9.999500033329728e-05,
        0.006724132173380184,
        -9.999500033329728e-05
    ]
}