{
    "eigs_regret": [
        -0.003422183595837347,
        0.1297454579093415,
        0.08701647164021259,
        0.08036711086118789,
        0.2343525120850466,
        0.103602809698922,
        0.03669413868587401,
        0.04762382124713935,
        0.11473275670318521,
        0.08733841935300796
    ],
    "eigs_max": [
        0.2487720822279585,
        0.26327545791965373,
        0.3038356066959875,
        0.24098406154278149,
        0.27901148316285834,
        0.28514660767089445,
        0.21867007634044905,
        0.20573671703721375,
        0.18151822219083233,
        0.13529441977130435
    ],
    "inputs_max": [
        12,
        37,
        60,
        40,
        42,
        62,
        71,
        45,
        91,
        39
    ],
    "eigs": [
        0.25219426582379584,
        0.13353000001031223,
        0.21681913505577494,
        0.1606169506815936,
        0.04465897107781175,
        0.18154379797197245,
        0.18197593765457504,
        0.1581128957900744,
        0.06678546548764712,
        0.047956000418296396
    ]
}