{
    "eigs_regret": [
        0.1403444322304621,
        0.10269362017783992,
        0.2526694926207541,
        0.0907259730533845,
        0.07543672231183074,
        0.08196628345818935,
        0.11021302068003334,
        0.15753412294199443,
        0.1629274892606944,
        0.04476472037936716
    ],
    "eigs_max": [
        0.26141373068532536,
        0.2852826477990053,
        0.2524368624341278,
        0.2671077574388878,
        0.25853671639819636,
        0.25136522169222714,
        0.2107871935662875,
        0.22126804244215756,
        0.20354265898476046,
        0.19846460125148044
    ],
    "inputs_max": [
        54,
        51,
        32,
        49,
        17,
        25,
        76,
        87,
        24,
        80
    ],
    "eigs": [
        0.12106929845486326,
        0.18258902762116538,
        -0.0002326301866263114,
        0.1763817843855033,
        0.18309999408636563,
        0.1693989382340378,
        0.10057417288625416,
        0.06373391950016313,
        0.04061516972406606,
        0.15369988087211328
    ]
}