{
    "eigs_regret": [
        0.049860869742927666,
        0.05991076837432216,
        0.04909634312690069,
        0.05498844968601395,
        0.03964006257738033,
        -0.0006382322152270956,
        0.035220919300370114,
        0.04431519709512107,
        0.03694638272621112,
        0.022611425158682853
    ],
    "eigs_max": [
        0.26791189963582074,
        0.06325943506576909,
        0.0489963481265674,
        0.100438663262215,
        0.03954006757704703,
        0.039770665676380046,
        0.03512092430003682,
        0.04421520209478778,
        0.06821575568456009,
        0.02392951428049418
    ],
    "inputs_max": [
        63,
        24,
        53,
        55,
        20,
        17,
        55,
        91,
        91,
        55
    ],
    "eigs": [
        0.21805102989289307,
        0.003348666691446926,
        -9.999500033329728e-05,
        0.04545021357620105,
        -9.999500033329728e-05,
        0.04040889789160714,
        -9.999500033329728e-05,
        -9.999500033329728e-05,
        0.03126937295834897,
        0.0013180891218113255
    ]
}