{
    "eigs_regret": [
        0.11149312894208793,
        0.034063606937711044,
        0.10526367351197252,
        0.11147417464207972,
        0.033425321019578624,
        0.05202461231820627,
        0.03675758962262195,
        0.029483470731149344,
        0.023784121456955708,
        -0.0054966601511232255
    ],
    "eigs_max": [
        0.2574171368378834,
        0.24930144628458567,
        0.3165132807531253,
        0.11137417964174642,
        0.03736601761370488,
        0.06013965108328748,
        0.03665759462228865,
        0.029383475730816046,
        0.023682357362416438,
        0.06033408821519272
    ],
    "inputs_max": [
        14,
        80,
        78,
        56,
        94,
        79,
        51,
        5,
        24,
        79
    ],
    "eigs": [
        0.1459240078957955,
        0.21523783934687463,
        0.21124960724115277,
        -9.999500033329728e-05,
        0.003940696594126259,
        0.008115038765081212,
        -9.999500033329728e-05,
        -9.999500033329728e-05,
        -0.00010176409453927089,
        0.06583074836631594
    ]
}