{
    "eigs_regret": [
        0.1371822823584339,
        0.031596705839653405,
        0.02652165705305718,
        0.026351760081019953,
        0.006075699645942505,
        0.08287115238970703,
        0.029233408161542893,
        0.028439654367017477,
        0.04614197159023675,
        0.04273638602073923
    ],
    "eigs_max": [
        0.26554630643496846,
        0.2269653377331527,
        0.041347835178954975,
        0.026251765080686655,
        0.005975704645609208,
        0.08277115738937374,
        0.03384320680000575,
        0.02833965936668418,
        0.04604197658990346,
        0.04263639102040594
    ],
    "inputs_max": [
        23,
        42,
        56,
        56,
        33,
        31,
        56,
        31,
        24,
        31
    ],
    "eigs": [
        0.12836402407653455,
        0.1953686318934993,
        0.014826178125897796,
        -9.999500033329728e-05,
        -9.999500033329728e-05,
        -9.999500033329728e-05,
        0.004609798638462859,
        -9.999500033329728e-05,
        -9.999500033329728e-05,
        -9.999500033329728e-05
    ]
}