{
    "eigs_regret": [
        0.12306654350356971,
        0.0528639139298446,
        0.006091534108868535,
        0.0402999585232639,
        0.06674176660550141,
        0.23844114162744545,
        0.17290181490766787,
        0.046485051390439014,
        0.032509346642175474,
        0.0037579129102247523
    ],
    "eigs_max": [
        0.2724375292382442,
        0.2682001934543336,
        0.3074117230994977,
        0.2583443911255021,
        0.2244362229285697,
        0.23950624530990325,
        0.2037983635680493,
        0.22205346557774375,
        0.052580860613870815,
        0.003657917909891455
    ],
    "inputs_max": [
        63,
        38,
        13,
        64,
        50,
        31,
        13,
        5,
        24,
        91
    ],
    "eigs": [
        0.1493709857346745,
        0.215336279524489,
        0.3013201889906292,
        0.21804443260223821,
        0.1576944563230683,
        0.0010651036824578025,
        0.030896548660381426,
        0.17556841418730473,
        0.020071513971695338,
        -9.999500033329728e-05
    ]
}