{
    "eigs_regret": [
        0.06392626027012321,
        0.08860416262079934,
        0.1948032294864455,
        0.0739411927485305,
        0.1800126655312762,
        0.11022118909112189,
        0.10340799002308604,
        0.1971276368790765,
        0.037261887387241927,
        0.049148029800366505
    ],
    "eigs_max": [
        0.27066813772574233,
        0.2532754178654954,
        0.286637316964662,
        0.2807460257809173,
        0.27363361482168885,
        0.2644211459040859,
        0.24506921095714246,
        0.19675901492336345,
        0.20085785523588975,
        0.18315444571126194
    ],
    "inputs_max": [
        18,
        43,
        7,
        90,
        87,
        83,
        15,
        30,
        44,
        1
    ],
    "eigs": [
        0.20674187745561912,
        0.16467125524469606,
        0.0918340874782165,
        0.20680483303238678,
        0.09362094929041265,
        0.154199956812964,
        0.14166122093405642,
        -0.0003686219557130627,
        0.16359596784864783,
        0.13400641591089543
    ]
}