{
    "eigs_regret": [
        0.12492798730438745,
        0.21244193645729526,
        0.05950651777009547,
        0.06786122299663305,
        0.06469958028013265,
        0.25329787672344817,
        0.03950710697043361,
        0.18491631880053291,
        -0.01038359741168507,
        0.06279125438609742
    ],
    "eigs_max": [
        0.2517858525015844,
        0.23318367998223646,
        0.25023526685687447,
        0.2818003053284051,
        0.27211977705379947,
        0.2532555392013864,
        0.2471091424550641,
        0.22170950979368154,
        0.22936102982519946,
        0.07412622873551973
    ],
    "inputs_max": [
        32,
        20,
        46,
        36,
        28,
        68,
        81,
        50,
        60,
        53
    ],
    "eigs": [
        0.12685786519719697,
        0.0207417435249412,
        0.190728749086779,
        0.21393908233177206,
        0.20742019677366683,
        -4.233752206177011e-05,
        0.2076020354846305,
        0.036793190993148615,
        0.23974462723688453,
        0.011334974349422313
    ]
}