{
    "eigs_regret": [
        0.1312837180888028,
        0.04515222675658137,
        0.038729560675296426,
        0.06106748031814552,
        0.052665793939411676,
        0.11751495347150849,
        0.04452039541199321,
        0.16445987120878053,
        0.240964614784167,
        0.2142283111899974
    ],
    "eigs_max": [
        0.25495685414954844,
        0.2730433719686175,
        0.246065581325199,
        0.2207601429771694,
        0.23865969395013598,
        0.21780099506673958,
        0.20208249225074723,
        0.22804748559516339,
        0.2489371319201127,
        0.2217417133619266
    ],
    "inputs_max": [
        31,
        92,
        94,
        61,
        74,
        43,
        84,
        72,
        40,
        64
    ],
    "eigs": [
        0.12367313606074563,
        0.22789114521203613,
        0.20733602064990259,
        0.15969266265902388,
        0.1859939000107243,
        0.10028604159523109,
        0.15756209683875402,
        0.06358761438638287,
        0.007972517135945687,
        0.0075134021719292085
    ]
}