{
    "eigs_regret": [
        0.01848253601043881,
        0.25624595485152496,
        0.13646409144157187,
        0.07102566970217167,
        0.056342326020070665,
        0.06320497518650053,
        0.0735340759527574,
        0.02246209230669169,
        0.08861662723929103,
        0.044153391982782425
    ],
    "eigs_max": [
        0.2727536137476368,
        0.27868948092669305,
        0.2901659370803702,
        0.2730552885196243,
        0.24044052158831686,
        0.23219269769641523,
        0.23316742118050143,
        0.1962515159490356,
        0.18865084848122837,
        0.1887082066328929
    ],
    "inputs_max": [
        49,
        78,
        40,
        17,
        53,
        28,
        91,
        46,
        84,
        58
    ],
    "eigs": [
        0.254271077737198,
        0.022443526075168096,
        0.15370184563879832,
        0.20202961881745263,
        0.1840981955682462,
        0.1689877225099147,
        0.15963334522774403,
        0.1737894236423439,
        0.10003422124193734,
        0.14455481465011047
    ]
}