{
    "eigs_regret": [
        0.19602074443663936,
        0.0222239662885724,
        0.07145718891037262,
        0.06061553455387203,
        0.08979482040673181,
        0.07166715039465629,
        0.042549791938070985,
        0.09178499891091715,
        0.09941718280128582,
        0.17725001170726049
    ],
    "eigs_max": [
        0.2620023784544791,
        0.26566602735413414,
        0.27092756927510486,
        0.2534435158184004,
        0.2580603183679861,
        0.24396005828378764,
        0.24131440481187774,
        0.23493676995085103,
        0.20783171709735473,
        0.17708571186460387
    ],
    "inputs_max": [
        16,
        95,
        37,
        87,
        16,
        46,
        82,
        30,
        44,
        70
    ],
    "eigs": [
        0.06598163401783974,
        0.24344206106556174,
        0.19947038036473225,
        0.19282798126452838,
        0.16826549796125428,
        0.17229290788913135,
        0.19876461287380676,
        0.14315177103993387,
        0.10841453429606891,
        -0.00016429984265661245
    ]
}