{
    "eigs_regret": [
        0.048669502403627524,
        0.037583715458363476,
        0.11631213229612813,
        0.027210952112309984,
        0.013744570139448985,
        0.09104918379692103,
        0.023579043078586586,
        0.06492808691366983,
        0.0507897748246987,
        0.014870060545712521
    ],
    "eigs_max": [
        0.24583620744528656,
        0.2804852908886211,
        0.29849693815727646,
        0.06557122248332865,
        0.06980904188806744,
        0.09085935592646947,
        0.023479048078253288,
        0.06482809191703516,
        0.0604027312081077,
        0.057230339323063435
    ],
    "inputs_max": [
        59,
        38,
        32,
        19,
        77,
        53,
        53,
        90,
        12,
        53
    ],
    "eigs": [
        0.19716670504165903,
        0.24290157543025764,
        0.18218480586114832,
        0.03836027037101867,
        0.05606447174861846,
        -0.0001898278704515629,
        -9.999500033329728e-05,
        -9.999499663467501e-05,
        0.009612956383408996,
        0.042360278777350914
    ]
}