{
    "eigs_regret": [
        0.27073488201158596,
        0.1323901247530894,
        0.05202436757212314,
        0.032042258000581525,
        0.27402033454833846,
        0.05725412164491994,
        -0.007982545426508426,
        0.04188057091129513,
        0.016081295358237137,
        0.09362633839117605
    ],
    "eigs_max": [
        0.2705328574581168,
        0.27675891204973535,
        0.22706409118854176,
        0.2581681913645926,
        0.27789629403804006,
        0.28468403924147345,
        0.05952332216022579,
        0.055193203331977574,
        0.016001640877532503,
        0.09360399979525175
    ],
    "inputs_max": [
        33,
        33,
        32,
        51,
        17,
        9,
        63,
        90,
        12,
        52
    ],
    "eigs": [
        -0.00020202455346916915,
        0.14436878729664596,
        0.17503972361641862,
        0.2261259333640111,
        0.003875959489701584,
        0.2274299175965535,
        0.06750586758673421,
        0.013312632420682447,
        -7.965448070463516e-05,
        -2.2338595924301152e-05
    ]
}