{
    "eigs_regret": [
        0.12323038839518033,
        0.04314699192087662,
        0.07234426474988699,
        0.03938700532299163,
        0.003696333781330613,
        0.020370692738003838,
        0.09493041140553218,
        0.017695918382954576,
        0.06825476485010777,
        0.018204121632154558
    ],
    "eigs_max": [
        0.27332782624173735,
        0.2682198069811342,
        0.0722442697495537,
        0.039287010322658335,
        0.0035963387809973156,
        0.04474649475771868,
        0.102017416704877,
        0.026688782427865924,
        0.07356925931285653,
        0.01810412663182126
    ],
    "inputs_max": [
        21,
        94,
        55,
        27,
        24,
        55,
        55,
        91,
        53,
        40
    ],
    "eigs": [
        0.15009743784655702,
        0.22507281506025756,
        -9.999500033329728e-05,
        -9.999500033329728e-05,
        -9.999500033329728e-05,
        0.02437580201971484,
        0.007087005299344817,
        0.008992864044911349,
        0.0053144944627487615,
        -9.999500033329728e-05
    ]
}