{
    "eigs_regret": [
        0.036334205931596864,
        0.04093466070360641,
        0.08322211849283881,
        0.05586400424994059,
        0.20943316713509247,
        0.06526978361487842,
        0.03388745321425418,
        0.2096070306991515,
        0.010346533171679606,
        0.0572588716207347
    ],
    "eigs_max": [
        0.24726763233457366,
        0.27393350868661986,
        0.24035228665675673,
        0.2166609596474871,
        0.22680178869944553,
        0.1971603180265903,
        0.22705780128194147,
        0.21529667139447212,
        0.22391001347225326,
        0.05715887662040141
    ],
    "inputs_max": [
        79,
        2,
        76,
        39,
        34,
        67,
        61,
        58,
        98,
        71
    ],
    "eigs": [
        0.2109334264029768,
        0.23299884798301346,
        0.15713016816391792,
        0.16079695539754651,
        0.01736862156435307,
        0.13189053441171186,
        0.1931703480676873,
        0.005689640695320625,
        0.21356348030057365,
        -9.999500033329728e-05
    ]
}