{
    "eigs_regret": [
        0.10862062262710304,
        0.015304627606446464,
        0.06702787115129522,
        0.05794662212664293,
        0.06307740197220757,
        0.05682825249806833,
        0.018153061700254585,
        0.023632319215887286,
        0.07784492946228679,
        0.018112585904211817
    ],
    "eigs_max": [
        0.2570728486533843,
        0.23032717442311282,
        0.06692787615096192,
        0.057846627126309634,
        0.07753467895601174,
        0.0628202966673217,
        0.018053066699921287,
        0.023532324215553988,
        0.07774493446195349,
        0.023401436382977352
    ],
    "inputs_max": [
        25,
        69,
        3,
        57,
        53,
        53,
        92,
        90,
        52,
        53
    ],
    "eigs": [
        0.14845222602628128,
        0.21502254681666635,
        -9.999500033329728e-05,
        -9.999500033329728e-05,
        0.014457276983804166,
        0.0059920441692533615,
        -9.999500033329728e-05,
        -9.999500033329728e-05,
        -9.999500033329728e-05,
        0.0052888504787655345
    ]
}