{
    "eigs_regret": [
        0.05062316288130492,
        0.07069055144641279,
        0.04364180127133188,
        0.07929293746704372,
        0.11033897300428805,
        0.02407058759586575,
        0.02022885847185843,
        0.10950825692709887,
        0.18553411418409288,
        0.14314247952848586
    ],
    "eigs_max": [
        0.2851101815547793,
        0.26975196815135516,
        0.24555217966804338,
        0.22736782479886403,
        0.21703787047578438,
        0.2506003486645094,
        0.19640551054280747,
        0.2035014356094204,
        0.2017980853425891,
        0.15203437570412343
    ],
    "inputs_max": [
        42,
        90,
        69,
        87,
        97,
        34,
        1,
        46,
        1,
        61
    ],
    "eigs": [
        0.23448701867347438,
        0.19906141670494237,
        0.2019103783967115,
        0.1480748873318203,
        0.10669889747149633,
        0.22652976106864367,
        0.17617665207094904,
        0.09399317868232154,
        0.016263971158496243,
        0.008891896175637567
    ]
}