{
    "eigs_regret": [
        0.03321141186328941,
        0.03681110021414155,
        0.015075055915020289,
        0.045542111660593576,
        0.028206630000615723,
        0.0345082325908615,
        0.07361285482437652,
        0.014521049088296583,
        0.05386505237566828,
        0.010492116657190999
    ],
    "eigs_max": [
        0.2708695183974858,
        0.26522806334995924,
        0.014975060914686991,
        0.05147052599933322,
        0.052088176064045213,
        0.05713863675136783,
        0.07351285982404322,
        0.03750591450563162,
        0.05580042984622074,
        0.010392121656857701
    ],
    "inputs_max": [
        45,
        1,
        9,
        13,
        13,
        87,
        99,
        47,
        99,
        65
    ],
    "eigs": [
        0.2376581065341964,
        0.2284169631358177,
        -9.999500033329728e-05,
        0.005928414338739645,
        0.02388154606342949,
        0.02263040416050633,
        -9.999500033329728e-05,
        0.022984865417335038,
        0.001935377470552458,
        -9.999500033329728e-05
    ]
}