{
    "eigs_regret": [
        0.022840227805847685,
        0.031885084004268094,
        0.1454497919072065,
        0.031136070711606678,
        0.06281909584393389,
        0.09503788909862462,
        0.039214298793211595,
        0.03857150137118466,
        0.027041594980511532,
        0.012882598765744897
    ],
    "eigs_max": [
        0.25682420834427944,
        0.28121571974450377,
        0.29566504564473384,
        0.26488537488175956,
        0.2561588262806539,
        0.2541112224231639,
        0.0391143037928783,
        0.05370288778782705,
        0.026943360409048073,
        0.03592086565528372
    ],
    "inputs_max": [
        95,
        33,
        25,
        23,
        91,
        50,
        94,
        7,
        12,
        74
    ],
    "eigs": [
        0.23398398053843175,
        0.24933063574023567,
        0.15021525373752734,
        0.23374930417015288,
        0.19333973043672,
        0.1590733333245393,
        -9.999500033329728e-05,
        0.015131386416642391,
        -9.823457146345771e-05,
        0.023038266889538823
    ]
}