{
    "eigs_regret": [
        0.13329543780150813,
        0.13316277004444343,
        0.04087035447986376,
        0.13447346299902727,
        0.02712919942486461,
        0.005012057345881987,
        0.10094860250056503,
        0.07947797841830903,
        0.017554399372244376,
        0.058319222730230796
    ],
    "eigs_max": [
        0.26199165064641466,
        0.2716859194208359,
        0.26666584374492436,
        0.13437346799869396,
        0.025192723752169195,
        0.00491206234554869,
        0.10084860718021145,
        0.07937798341797574,
        0.017435080484108297,
        0.07156852362733396
    ],
    "inputs_max": [
        40,
        33,
        60,
        19,
        90,
        57,
        19,
        90,
        52,
        52
    ],
    "eigs": [
        0.12869621284490654,
        0.13852314937639248,
        0.2257954892650606,
        -9.999500033329728e-05,
        -0.0019364756726954148,
        -9.999500033329728e-05,
        -9.999532035358499e-05,
        -9.999500033329728e-05,
        -0.00011931888813607777,
        0.013249300897103158
    ]
}