{
    "eigs_regret": [
        0.13042102225749314,
        0.06008069831291907,
        0.08567718830024212,
        0.03914465870718267,
        0.06924013016063127,
        0.06043416636329696,
        0.10864648234071174,
        0.005456726561463149,
        0.029427082447523456,
        0.1333415855236279
    ],
    "eigs_max": [
        0.2608117620151617,
        0.26832781433016867,
        0.27563434766444844,
        0.24729395463873954,
        0.22911410621827122,
        0.20502613529832805,
        0.22075918342895334,
        0.2011582445917542,
        0.15176386490929222,
        0.1646403952798121
    ],
    "inputs_max": [
        69,
        23,
        46,
        20,
        22,
        78,
        1,
        62,
        57,
        38
    ],
    "eigs": [
        0.13039073975766857,
        0.2082471160172496,
        0.18995715936420632,
        0.20814929593155687,
        0.15987397605763995,
        0.1445919689350311,
        0.1121127010882416,
        0.19570151803029104,
        0.12233678246176877,
        0.03129880975618421
    ]
}