{
    "eigs_regret": [
        0.09945693795180685,
        0.04711320659573481,
        0.06124106868664293,
        0.0649439116154929,
        0.016414581358123702,
        0.05105076640908723,
        0.08055944078869165,
        0.026384403007232844,
        0.010837108012677593,
        0.0466625522281101
    ],
    "eigs_max": [
        0.24719858312574283,
        0.3136678515275688,
        0.06114107368630964,
        0.0648439166151596,
        0.05568137236838103,
        0.07825076484048858,
        0.08045944578835836,
        0.0402251442556708,
        0.06357326953157731,
        0.07914084954461006
    ],
    "inputs_max": [
        44,
        57,
        99,
        69,
        99,
        78,
        39,
        39,
        99,
        78
    ],
    "eigs": [
        0.14774164517393598,
        0.266554644931834,
        -9.999500033329728e-05,
        -9.999500033329728e-05,
        0.039266791010257325,
        0.027199998431401355,
        -9.999500033329728e-05,
        0.013840741248437958,
        0.05273616151889972,
        0.03247829731649996
    ]
}