{
    "eigs_regret": [
        0.1086579330101384,
        0.20944325694762764,
        0.23305259440257595,
        0.22666832616571875,
        0.23358079824972786,
        0.22674025982576929,
        0.08642350299213444,
        0.0713366341709401,
        0.029360626321799255,
        0.05463326522099947
    ],
    "eigs_max": [
        0.25520741523395896,
        0.22521277591769812,
        0.24970454666400785,
        0.23759378971377276,
        0.24990806042290725,
        0.2385289002915972,
        0.2628543944892891,
        0.07123663917060681,
        0.0935162223378474,
        0.05601666581373893
    ],
    "inputs_max": [
        64,
        23,
        21,
        41,
        28,
        21,
        13,
        55,
        24,
        55
    ],
    "eigs": [
        0.14654948222382055,
        0.01576951897007048,
        0.016651952261431905,
        0.010925463548054015,
        0.0163272621731794,
        0.011788640465827935,
        0.17643089149715466,
        -9.999500033329728e-05,
        0.06415559601604814,
        0.0013834005927394581
    ]
}