{
    "eigs_regret": [
        0.05134762351124644,
        0.059822731730904216,
        0.07529318151243544,
        0.06680533171990335,
        0.07962877028220428,
        0.03656808931817357,
        0.08853444827401952,
        0.07329230446426802,
        0.008511553395547239,
        0.11711158562793553
    ],
    "eigs_max": [
        0.25828047889996464,
        0.26691511510984,
        0.2980673176843685,
        0.2592903613534187,
        0.24033548590825943,
        0.22003141417591135,
        0.2249607747335956,
        0.1908975569731995,
        0.1366486215634872,
        0.12500260667263924
    ],
    "inputs_max": [
        76,
        6,
        31,
        10,
        23,
        65,
        85,
        3,
        33,
        77
    ],
    "eigs": [
        0.2069328553887182,
        0.2070923833789358,
        0.22277413617193306,
        0.19248502963351535,
        0.16070671562605515,
        0.18346332485773778,
        0.13642632645957609,
        0.11760525250893147,
        0.12813706816793996,
        0.007891021044703716
    ]
}