{
    "eigs_regret": [
        0.03541350354220943,
        0.07293511517283521,
        0.020451872624766804,
        0.04770256011983929,
        0.02254083864346762,
        0.009799480520998917,
        0.05712007770953679,
        0.029881373243203026,
        0.04115673158762859,
        0.01481599120664151
    ],
    "eigs_max": [
        0.2728688481964813,
        0.07800588061663803,
        0.05815642519831087,
        0.047602565119505995,
        0.02311469453450958,
        0.009699485520665619,
        0.057020082709203494,
        0.02978137824286973,
        0.07436757567010294,
        0.014715996206308212
    ],
    "inputs_max": [
        36,
        3,
        19,
        57,
        3,
        26,
        19,
        90,
        0,
        57
    ],
    "eigs": [
        0.23745534465427184,
        0.005070765443802817,
        0.03770455257354407,
        -9.999500033329728e-05,
        0.00057385589104196,
        -9.999500033329728e-05,
        -9.999500033329728e-05,
        -9.999500033329728e-05,
        0.03321084408247435,
        -9.999500033329728e-05
    ]
}