{
    "eigs_regret": [
        0.11517844948855782,
        0.041833838606283036,
        0.07245719945466916,
        0.05328638219871516,
        0.10933559468797266,
        0.0425929345186535,
        0.01328416409170816,
        0.040494076471443576,
        0.02600346206069043,
        0.064782298313227
    ],
    "eigs_max": [
        0.2552862633650513,
        0.2377822845557263,
        0.2745634954150741,
        0.05318638719838187,
        0.10923559968763936,
        0.04249293951832021,
        0.013184169091374862,
        0.07939253929936761,
        0.09234758778786072,
        0.06468230331289371
    ],
    "inputs_max": [
        90,
        1,
        90,
        39,
        39,
        78,
        99,
        18,
        26,
        78
    ],
    "eigs": [
        0.14010781387649346,
        0.19594844594944327,
        0.2021062959604049,
        -9.999500033329728e-05,
        -9.999500033329728e-05,
        -9.999500033329728e-05,
        -9.999500033329728e-05,
        0.03889846282792404,
        0.06634412572717029,
        -9.999500033329728e-05
    ]
}