{
    "eigs_regret": [
        0.010827206189510469,
        0.02438712641981879,
        0.07120705601506316,
        0.019194851619278752,
        0.05161774722668255,
        0.05434253303759889,
        0.016596952420308356,
        0.03383631407290585,
        0.03541987837810977,
        0.04287469197024024
    ],
    "eigs_max": [
        0.24944569391635352,
        0.024324924668848915,
        0.07110706101472987,
        0.053026705374053365,
        0.05151775222634926,
        0.09094724524484873,
        0.016496957419975058,
        0.03373631907257255,
        0.04236726855911335,
        0.04277469696990695
    ],
    "inputs_max": [
        76,
        94,
        56,
        66,
        94,
        29,
        56,
        5,
        24,
        79
    ],
    "eigs": [
        0.23861848772684305,
        -6.220175096987513e-05,
        -9.999500033329728e-05,
        0.03383185375477461,
        -9.999500033329728e-05,
        0.03660471220724985,
        -9.999500033329728e-05,
        -9.999500033329728e-05,
        0.006947390181003586,
        -9.999500033329728e-05
    ]
}