{
    "eigs_regret": [
        0.027912159436431938,
        -0.00044749408713677663,
        0.039787300011563546,
        0.058594005192824414,
        0.00140228570367509,
        0.044106665742625076,
        0.02624260789372343,
        0.017650189530801053,
        0.05285214118685961,
        0.07432842070599723
    ],
    "eigs_max": [
        0.2675059260157103,
        0.027483282973972366,
        0.039684573377958075,
        0.058587436251747185,
        0.03038277754197314,
        0.06842442557476694,
        0.026142612893390132,
        0.10605298442897365,
        0.052752146186526315,
        0.07422842570566393
    ],
    "inputs_max": [
        92,
        9,
        99,
        6,
        67,
        69,
        47,
        47,
        69,
        26
    ],
    "eigs": [
        0.2395937665792784,
        0.027930777061109142,
        -0.00010272663360546839,
        -6.56894107723105e-06,
        0.02898049183829805,
        0.024317759832141867,
        -9.999500033329728e-05,
        0.0884027948981726,
        -9.999500033329728e-05,
        -9.999500033329728e-05
    ]
}