{
    "eigs_regret": [
        0.064560918101504,
        0.19121162637511785,
        0.04559952048766516,
        0.1361967293491545,
        0.25531663021602535,
        0.036202340320730664,
        0.02546349888701021,
        0.004758781026298967,
        0.02518191263586465,
        0.006764749557146815
    ],
    "eigs_max": [
        0.2609996119597674,
        0.2589860911659725,
        0.25542242355138944,
        0.26281486323850833,
        0.2562986408705584,
        0.23105566609371903,
        0.07906630635523458,
        0.029347455255439147,
        0.052081091890556326,
        0.07710455680898827
    ],
    "inputs_max": [
        79,
        63,
        69,
        79,
        27,
        95,
        73,
        71,
        25,
        9
    ],
    "eigs": [
        0.1964386938582634,
        0.06777446479085464,
        0.20982290306372428,
        0.12661813388935383,
        0.0009820106545330974,
        0.19485332577298836,
        0.05360280746822437,
        0.02458867422914018,
        0.026899179254691676,
        0.07033980725184145
    ]
}