{
    "eigs_regret": [
        0.10810470519946785,
        0.24666194823493076,
        0.033231747486435925,
        0.030085005249298524,
        0.050938912890477916,
        0.2454983669874428,
        0.23342655126839681,
        0.018273421348017682,
        0.09980852811708127,
        0.19207309910809767
    ],
    "eigs_max": [
        0.2474386205215691,
        0.24320249940650837,
        0.2334610610696616,
        0.2684762270433043,
        0.2675603181464653,
        0.2437866348913294,
        0.2653529692546153,
        0.23618683075331365,
        0.23364098122172164,
        0.22308676254641244
    ],
    "inputs_max": [
        25,
        1,
        92,
        46,
        90,
        91,
        86,
        46,
        94,
        10
    ],
    "eigs": [
        0.13933391532210124,
        -0.0034594488284223767,
        0.20022931358322568,
        0.2383912217940058,
        0.2166214052559874,
        -0.001711732096113397,
        0.0319264179862185,
        0.21791340940529597,
        0.13383245310464037,
        0.03101366343831477
    ]
}