{
    "eigs_regret": [
        0.0480557521601572,
        0.14411995488389995,
        0.053815610166581956,
        0.04437982228623416,
        0.12407213883175648,
        0.14454124933716314,
        0.03485460822860165,
        0.16119354756306484,
        0.19193834160522263,
        0.03356981469075204
    ],
    "eigs_max": [
        0.26225918194946385,
        0.26794568909519995,
        0.2907292647903348,
        0.23847263703986188,
        0.20982682580484535,
        0.21093294817104621,
        0.219382729686839,
        0.19936178804638283,
        0.2077905325193162,
        0.20262675782031364
    ],
    "inputs_max": [
        12,
        15,
        45,
        68,
        0,
        29,
        32,
        93,
        75,
        34
    ],
    "eigs": [
        0.21420342978930665,
        0.1238257342113,
        0.23691365462375283,
        0.19409281475362772,
        0.08575468697308887,
        0.06639169883388307,
        0.18452812145823735,
        0.038168240483317996,
        0.015852190914093567,
        0.1690569431295616
    ]
}