{
    "eigs_regret": [
        0.025847101687660523,
        0.13843967993879025,
        0.07197985814503607,
        0.06632209443925319,
        0.1688032402993818,
        0.06506171754809861,
        0.09423448502620439,
        0.04604556316058381,
        0.08985235705267273,
        0.029664062397956395
    ],
    "eigs_max": [
        0.24605688619936836,
        0.2663874732090087,
        0.24142652885310212,
        0.2596823004072134,
        0.22570808600376166,
        0.23005457389933007,
        0.19841298533259907,
        0.19184729353243404,
        0.15288810067120517,
        0.14691076831970107
    ],
    "inputs_max": [
        69,
        65,
        2,
        99,
        53,
        49,
        5,
        66,
        70,
        39
    ],
    "eigs": [
        0.22020978451170783,
        0.12794779327021844,
        0.16944667070806604,
        0.19336020596796022,
        0.056904845704379876,
        0.16499285635123145,
        0.10417850030639468,
        0.14580173037185024,
        0.06303574361853244,
        0.11724670592174467
    ]
}