{
    "eigs_regret": [
        0.1137934262219665,
        0.10819140938174232,
        0.09100066921631259,
        0.06329725217157636,
        0.07418482541854407,
        0.09831625034924461,
        0.040324014370474504,
        0.053151040938285946,
        0.025454436219695828,
        0.11904842411477054
    ],
    "eigs_max": [
        0.27127192671357864,
        0.27059495221127944,
        0.2845470082981832,
        0.31144984044714885,
        0.25556825729673516,
        0.18634904509039962,
        0.18943624774964718,
        0.177234031458239,
        0.13701238762145623,
        0.14274074951042875
    ],
    "inputs_max": [
        60,
        47,
        84,
        41,
        13,
        99,
        26,
        80,
        91,
        91
    ],
    "eigs": [
        0.15747850049161213,
        0.16240354282953712,
        0.1935463390818706,
        0.2481525882755725,
        0.1813834318781911,
        0.08803279474115501,
        0.14911223337917268,
        0.12408299051995304,
        0.1115579514017604,
        0.02369232539565822
    ]
}