{
    "eigs_regret": [
        0.07008729542624176,
        0.1123850692577596,
        0.08991404817779602,
        0.06516504915393859,
        0.03162986852465463,
        0.1295675646215803,
        0.1915638652271187,
        0.04908876404075341,
        0.020422084721644727,
        0.19953853850407177
    ],
    "eigs_max": [
        0.2704171327318,
        0.285528827620424,
        0.30559332208316653,
        0.2426726304732739,
        0.20916973661012941,
        0.21711256353804553,
        0.24467173509103146,
        0.22764645205496958,
        0.03856020618445273,
        0.26216306943631806
    ],
    "inputs_max": [
        92,
        7,
        33,
        79,
        6,
        1,
        61,
        3,
        25,
        1
    ],
    "eigs": [
        0.20032983730555826,
        0.17314375836266438,
        0.2156792739053705,
        0.1775075813193353,
        0.17753986808547478,
        0.08754499891646522,
        0.05310786986391274,
        0.17855768801421618,
        0.018138121462808004,
        0.0626245309322463
    ]
}