{
    "eigs_regret": [
        0.010706124197954137,
        0.18562781494765884,
        0.022406377939798217,
        0.10654828198985229,
        0.05578952607066623,
        0.23228373304104033,
        0.04773645573905927,
        0.2139221148299999,
        0.2536832599692987,
        0.11076108814487584
    ],
    "eigs_max": [
        0.26320199941864225,
        0.2985038480123097,
        0.27558345950457974,
        0.2290403688494332,
        0.26392577813448753,
        0.25330229667663684,
        0.24772290335795308,
        0.24195149680255673,
        0.25372092454693884,
        0.2793335441601686
    ],
    "inputs_max": [
        90,
        2,
        36,
        77,
        50,
        92,
        33,
        2,
        36,
        85
    ],
    "eigs": [
        0.2524958752206881,
        0.1128760330646509,
        0.2531770815647815,
        0.12249208685958092,
        0.2081362520638213,
        0.021018563635596524,
        0.1999864476188938,
        0.028029381972556836,
        3.7664577640163285e-05,
        0.16857245601529275
    ]
}