{
    "eigs_regret": [
        0.1359950541635186,
        0.06413019283755236,
        0.0551776615293573,
        0.056155377962263414,
        0.24339702605440297,
        0.038006328549787916,
        0.24249297966871206,
        0.03386985867156367,
        0.15903568168091808,
        0.16218119674343093
    ],
    "eigs_max": [
        0.25720076950938436,
        0.2360717395265567,
        0.2662864863771382,
        0.2563079692066113,
        0.2579997076944087,
        0.2728728693008261,
        0.24979524069507605,
        0.23291822781317864,
        0.1738081304747492,
        0.16394879129166676
    ],
    "inputs_max": [
        72,
        65,
        72,
        47,
        2,
        6,
        69,
        45,
        91,
        27
    ],
    "eigs": [
        0.12120571534586577,
        0.17194154668900433,
        0.2111088248477809,
        0.2001525912443479,
        0.014602681640005754,
        0.2348665407510382,
        0.007302261026364007,
        0.19904836914161497,
        0.0147724487938311,
        0.0017675945482358386
    ]
}