{
    "eigs_regret": [
        0.12031137140857123,
        0.10586049165116801,
        0.04396579205983986,
        0.013364217080093837,
        0.05591132942364453,
        0.007214734439614526,
        0.02818887328218932,
        0.045779612633833414,
        0.026362454371300102,
        0.04512298609243496
    ],
    "eigs_max": [
        0.26722434501886994,
        0.2759051248101254,
        0.2662569526620829,
        0.01326422207976054,
        0.05581133442331124,
        0.09220075076550527,
        0.028088878281856022,
        0.0456796176335063,
        0.026262459551999358,
        0.045022991092101665
    ],
    "inputs_max": [
        92,
        39,
        76,
        73,
        73,
        21,
        73,
        40,
        84,
        71
    ],
    "eigs": [
        0.1469129736102987,
        0.1700446331589574,
        0.22229116060224302,
        -9.999500033329728e-05,
        -9.999500033329728e-05,
        0.08498601632589074,
        -9.999500033329728e-05,
        -9.999500032710845e-05,
        -9.999481930074433e-05,
        -9.999500033329728e-05
    ]
}