{
    "eigs_regret": [
        0.13152066812729749,
        0.04466208563610882,
        0.0482585558579319,
        0.0644081276769623,
        0.06070311751892493,
        0.03266127349374853,
        0.07815907755957605,
        0.14494463408297092,
        0.07548933262955143,
        0.1026430320948643
    ],
    "eigs_max": [
        0.26586210807883115,
        0.2308356504655178,
        0.259552227055122,
        0.2525816685621636,
        0.2306073401918501,
        0.2103369367286611,
        0.20403558568734553,
        0.2157263513096849,
        0.1761007647186123,
        0.16768666868188165
    ],
    "inputs_max": [
        96,
        51,
        32,
        49,
        38,
        47,
        38,
        38,
        38,
        38
    ],
    "eigs": [
        0.13434143995153366,
        0.18617356482940897,
        0.21129367119719009,
        0.18817354088520127,
        0.16990422267292518,
        0.17767566323491257,
        0.1258765081277695,
        0.07078171722671399,
        0.10061143208906087,
        0.06504363658701734
    ]
}