{
    "eigs_regret": [
        0.08845712820825871,
        0.018324195562855194,
        0.057113192510132936,
        0.1602453282560203,
        0.03230250688482326,
        0.07486842130330079,
        0.031750912236469954,
        0.0119121214416045,
        0.07213209111815741,
        0.01700543158766197
    ],
    "eigs_max": [
        0.29241811504994814,
        0.02107230459048417,
        0.05692927342757889,
        0.26447723548194485,
        0.032202511884489964,
        0.0747684263029675,
        0.03165091723613666,
        0.01682960029797789,
        0.07394740264574369,
        0.04732390927206842
    ],
    "inputs_max": [
        96,
        74,
        3,
        21,
        57,
        53,
        7,
        7,
        10,
        10
    ],
    "eigs": [
        0.20396098684168942,
        0.002748109027628974,
        -0.00018391908255404498,
        0.10423190722592454,
        -9.999500033329728e-05,
        -9.999500033329728e-05,
        -9.999500033329728e-05,
        0.004917478856373388,
        0.0018153115275862759,
        0.03031847768440645
    ]
}