{
    "eigs_regret": [
        0.04678630293020555,
        0.06559151767959825,
        0.05927180242992197,
        0.026973199356685795,
        0.10303897660121225,
        0.05130780755830866,
        0.04364257877799663,
        0.19225133594815402,
        0.023041883150511505,
        0.015917140149064507
    ],
    "eigs_max": [
        0.2577725206538023,
        0.24425430483728452,
        0.2426117631554231,
        0.23264869710609315,
        0.22653727205360655,
        0.21129526428938034,
        0.2048377168957526,
        0.24117079908552733,
        0.23904659066350972,
        0.18508359744663758
    ],
    "inputs_max": [
        69,
        79,
        47,
        38,
        50,
        24,
        1,
        11,
        11,
        82
    ],
    "eigs": [
        0.21098621772359674,
        0.17866278715768627,
        0.18333996072550113,
        0.20567549774940735,
        0.1234982954523943,
        0.15998745673107168,
        0.16119513811775596,
        0.04891946313737332,
        0.21600470751299822,
        0.16916645729757307
    ]
}