{
    "eigs_regret": [
        0.10348023404603529,
        0.2178361664281555,
        0.02674993498792716,
        0.014622563642833986,
        0.07413131489287383,
        0.2553687789848103,
        0.04677618912871209,
        0.049425208640158036,
        0.21213914131101666,
        0.04689652327721813
    ],
    "eigs_max": [
        0.2670336576427831,
        0.2254485116265374,
        0.23055907199946152,
        0.23768399450589567,
        0.2575113032187225,
        0.26482457866621556,
        0.28491541350473076,
        0.24287845391774465,
        0.2165855406297893,
        0.2186984642762838
    ],
    "inputs_max": [
        59,
        2,
        13,
        28,
        23,
        19,
        21,
        8,
        81,
        80
    ],
    "eigs": [
        0.1635534235967478,
        0.007612345198381891,
        0.20380913701153436,
        0.22306143086306168,
        0.18337998832584868,
        0.00945579968140526,
        0.23813922437601867,
        0.19345324527758662,
        0.004446399318772642,
        0.17180194099906568
    ]
}