{
    "eigs_regret": [
        0.0643615881707986,
        0.11577418838233608,
        0.04840668872060622,
        0.0742059017374134,
        0.0667227721545528,
        0.018403233690933045,
        0.008939357362246936,
        0.07856325392674085,
        0.1305973766518816,
        0.05109712871574018
    ],
    "eigs_max": [
        0.2598718185916803,
        0.2835932026175724,
        0.2624574167678906,
        0.24819551117491914,
        0.2736018220770104,
        0.021047977325009945,
        0.27307261587797266,
        0.07846325892640756,
        0.20997221615618902,
        0.145196797555558
    ],
    "inputs_max": [
        33,
        43,
        34,
        90,
        90,
        31,
        28,
        66,
        3,
        30
    ],
    "eigs": [
        0.1955102304208817,
        0.16781901423523635,
        0.21405072804728437,
        0.17398960943750574,
        0.2068790499224576,
        0.0026447436340769005,
        0.2641332585157257,
        -9.999500033329728e-05,
        0.07937483950430742,
        0.09409966883981782
    ]
}