{
    "eigs_regret": [
        0.04801608292326995,
        0.048986719677476614,
        0.07853988523316865,
        0.022248862396191255,
        0.03300306424997921,
        0.02825146849375535,
        0.07302357648058329,
        0.07154851904336952,
        0.02558553949954927,
        0.022531418488332917
    ],
    "eigs_max": [
        0.2623167010237254,
        0.26575812594374076,
        0.2892284679789228,
        0.21831945968033478,
        0.07778711879146974,
        0.028151473493422053,
        0.07292358148025,
        0.07144852404489405,
        0.025485544499215973,
        0.022300926450641072
    ],
    "inputs_max": [
        33,
        69,
        66,
        24,
        57,
        53,
        57,
        90,
        10,
        10
    ],
    "eigs": [
        0.21430061810045545,
        0.21677140626626415,
        0.21068858274575417,
        0.19607059728414353,
        0.04478405454149053,
        -9.999500033329728e-05,
        -9.999500033329728e-05,
        -9.999499847547194e-05,
        -9.999500033329728e-05,
        -0.00023049203769184398
    ]
}