{
    "eigs_regret": [
        0.037898428697817454,
        0.06654533225929771,
        0.1070731798962849,
        0.01371135372246235,
        0.23579719879495833,
        0.08215531819072366,
        0.07728093340483946,
        0.045926580329536865,
        0.04157065764211931,
        0.1015115287240371
    ],
    "eigs_max": [
        0.26125009823537965,
        0.3040732744915194,
        0.2898546669041393,
        0.2667127402152706,
        0.23572525473816716,
        0.2253612385162507,
        0.20338547230977813,
        0.1700271733306483,
        0.17869346382129328,
        0.14534825352458633
    ],
    "inputs_max": [
        59,
        87,
        13,
        71,
        84,
        25,
        13,
        13,
        18,
        80
    ],
    "eigs": [
        0.2233516695375622,
        0.23752794223222168,
        0.1827814870078544,
        0.25300138649280823,
        -7.194405679118265e-05,
        0.14320592032552704,
        0.12610453890493867,
        0.12410059300111143,
        0.13712280617917397,
        0.04383672480054923
    ]
}