{
    "eigs_regret": [
        0.10643378596381575,
        0.0662823907034131,
        0.08929124357401844,
        0.051622345586944146,
        0.08598187591898698,
        0.03169987059153165,
        0.0784851043484977,
        0.11037965169859777,
        0.08208368148978992,
        0.03388322687999745
    ],
    "eigs_max": [
        0.24421389310717,
        0.2715401105641517,
        0.2631268173776772,
        0.22896599440296955,
        0.24246382287547413,
        0.2100613281090525,
        0.18642915686569506,
        0.17030826694177448,
        0.20915572864120943,
        0.18105697330733045
    ],
    "inputs_max": [
        23,
        75,
        33,
        90,
        27,
        46,
        61,
        30,
        44,
        70
    ],
    "eigs": [
        0.13778010714335426,
        0.20525771986073862,
        0.17383557380365874,
        0.1773436488160254,
        0.15648194695648715,
        0.17836145751752086,
        0.10794405251719735,
        0.059928615243176706,
        0.1270720471514195,
        0.147173746427333
    ]
}