{
    "eigs_regret": [
        0.11456649178836828,
        0.12998501340452617,
        0.06603364690958183,
        0.02360265348639609,
        0.1980683480844711,
        0.051885205242050286,
        0.24721238382487212,
        0.032106243609344776,
        0.06977168410546869,
        0.06605661350104843
    ],
    "eigs_max": [
        0.2519745628719538,
        0.27642276833244994,
        0.24362366335668317,
        0.2457408322520497,
        0.23299934376430542,
        0.2510090372015909,
        0.2510771583824711,
        0.22727940323502355,
        0.2478516393086446,
        0.1665887906110093
    ],
    "inputs_max": [
        72,
        25,
        68,
        59,
        6,
        68,
        59,
        2,
        92,
        19
    ],
    "eigs": [
        0.13740807108358552,
        0.14643775492792377,
        0.17759001644710135,
        0.22213817876565362,
        0.034930995679834306,
        0.19912383195954061,
        0.003864774557598947,
        0.19517315962567877,
        0.1780799552031759,
        0.10053217710996089
    ]
}