{
    "eigs_regret": [
        0.15633774179486626,
        0.04393820326808692,
        0.048412697091903434,
        -0.003052435619872368,
        0.2589282815521453,
        0.23380651918178222,
        0.09617108836962382,
        0.18309574594621952,
        0.1893019564173919,
        0.054297495785510436
    ],
    "eigs_max": [
        0.2633176148218951,
        0.24689519595114123,
        0.25613551981260035,
        0.22550328184133644,
        0.27025250866582207,
        0.23342645527558492,
        0.2807628802663084,
        0.20151472909473261,
        0.20566094196073026,
        0.2315471598182851
    ],
    "inputs_max": [
        33,
        51,
        32,
        51,
        17,
        68,
        20,
        47,
        25,
        36
    ],
    "eigs": [
        0.10697987302702883,
        0.2029569926830543,
        0.20772282272069692,
        0.2285557174612088,
        0.01132422711367673,
        -0.0003800639061972855,
        0.1845917918966846,
        0.018418983148513094,
        0.01635898554333837,
        0.17724966403277467
    ]
}