{
    "eigs_regret": [
        0.17335755845394352,
        0.14311180590331687,
        0.09116029053012711,
        0.0649162568305888,
        0.05217354256576537,
        0.03934148984031106,
        0.08695540849004478,
        0.06052741112849855,
        0.005263050468337641,
        0.012449769393825702
    ],
    "eigs_max": [
        0.27035944408408646,
        0.2847672236661378,
        0.2734614193123238,
        0.27840387525528604,
        0.23657274803636158,
        0.07769317660651363,
        0.08685541348971149,
        0.060427416128165254,
        0.019127772305876818,
        0.012349774393492404
    ],
    "inputs_max": [
        83,
        90,
        76,
        95,
        30,
        40,
        73,
        73,
        66,
        84
    ],
    "eigs": [
        0.09700188563014296,
        0.14165541776282095,
        0.1823011287821967,
        0.21348761842469724,
        0.1843992054705962,
        0.038351686766202576,
        -9.999500033329728e-05,
        -9.999500033329728e-05,
        0.013864721837539177,
        -9.999500033329728e-05
    ]
}