{
    "eigs_regret": [
        0.04125742109473124,
        0.006832028894386777,
        0.0038529594815840795,
        0.0251486366513003,
        0.029705022418520938,
        0.03239909862120893,
        0.045441752005037084,
        0.036107622869519886,
        0.06707810099248954,
        0.06163089693106659
    ],
    "eigs_max": [
        0.2839486684285026,
        0.0633314347123262,
        0.003535787113213538,
        0.025048641650967002,
        0.02960502741818764,
        0.03229910362087564,
        0.04534175700470379,
        0.03600762786918659,
        0.06697810599215624,
        0.061530901930733295
    ],
    "inputs_max": [
        64,
        91,
        35,
        20,
        17,
        55,
        57,
        91,
        53,
        40
    ],
    "eigs": [
        0.24269124733377134,
        0.05649940581793943,
        -0.0003171723683705417,
        -9.999500033329728e-05,
        -9.999500033329728e-05,
        -9.999500033329728e-05,
        -9.999500033329728e-05,
        -9.999500033329728e-05,
        -9.999500033329728e-05,
        -9.999500033329728e-05
    ]
}