{
    "eigs_regret": [
        0.1551723979892042,
        0.1304454797549567,
        0.09101810089679349,
        0.08162230817530991,
        0.030401026820586652,
        0.09705063694921985,
        0.11261244336004819,
        0.026640700170624584,
        0.07789221128284289,
        0.030486103694221958
    ],
    "eigs_max": [
        0.2838066469331513,
        0.2866930336762992,
        0.2573944338061332,
        0.29420742405947214,
        0.23250156506073932,
        0.20724607662924743,
        0.1855503928674263,
        0.026540705170291286,
        0.0777922162825096,
        0.03038610869388866
    ],
    "inputs_max": [
        12,
        95,
        87,
        59,
        53,
        34,
        11,
        8,
        31,
        79
    ],
    "eigs": [
        0.12863424894394707,
        0.1562475539213425,
        0.1663763329093397,
        0.21258511588416223,
        0.20210053824015267,
        0.11019543968002758,
        0.07293794950737811,
        -9.999500033329728e-05,
        -9.999500033329728e-05,
        -9.999500033329728e-05
    ]
}