{
    "eigs_regret": [
        0.08705932275190148,
        0.0776177098828297,
        0.07783100667859141,
        0.017803182077113677,
        0.07082495292126814,
        0.030639204883172927,
        0.05367473333011219,
        0.09724529414298015,
        0.07643564398176401,
        0.030622233727949533
    ],
    "eigs_max": [
        0.247678336741883,
        0.2677336168441268,
        0.2921779598729201,
        0.22403406009093607,
        0.23239377453185706,
        0.20447876395029926,
        0.18654240871534294,
        0.1624954365344505,
        0.17419813052775274,
        0.17706628465375865
    ],
    "inputs_max": [
        50,
        42,
        90,
        95,
        90,
        34,
        54,
        37,
        99,
        26
    ],
    "eigs": [
        0.16061901398998152,
        0.19011590696129707,
        0.2143469531943287,
        0.2062308780138224,
        0.16156882161058891,
        0.17383955906712634,
        0.13286767538523075,
        0.06525014239147035,
        0.09776248654598872,
        0.14644405092580912
    ]
}