{
    "eigs_regret": [
        -0.01051935393552944,
        0.1537171268668266,
        0.05264733226172638,
        0.05536704598354196,
        0.029649648454869885,
        0.01629849532651048,
        0.019440875082980986,
        -0.0036171860866568983,
        0.05205663076250788,
        0.048889178372764824
    ],
    "eigs_max": [
        0.23810646469048707,
        0.26989478929259214,
        0.26459347974530084,
        0.055267050983208665,
        0.029549653454536588,
        0.017295908743816243,
        0.0685030257654092,
        0.03213693772512901,
        0.05195663576217459,
        0.05018915526343979
    ],
    "inputs_max": [
        54,
        12,
        40,
        56,
        0,
        56,
        43,
        5,
        31,
        5
    ],
    "eigs": [
        0.24862581862601651,
        0.11617766242576556,
        0.21194614748357446,
        -9.999500033329728e-05,
        -9.999500033329728e-05,
        0.0009974134173057606,
        0.04906215068242822,
        0.03575412381178591,
        -9.999500033329728e-05,
        0.0012999768906749628
    ]
}