{
    "eigs_regret": [
        0.1104905775497746,
        0.13883895816752972,
        0.09858102703631288,
        0.026394007971964173,
        0.06267551444567523,
        0.21630596157530071,
        0.1475828191338776,
        0.05286084921835252,
        0.19940810090999087,
        0.17846889961522056
    ],
    "eigs_max": [
        0.2580978697088089,
        0.266554905764919,
        0.2909711926095805,
        0.23621438152001709,
        0.24157522244015622,
        0.2169949284979172,
        0.22659606455148262,
        0.21696717387936376,
        0.21957600778749445,
        0.203340587773332
    ],
    "inputs_max": [
        8,
        90,
        33,
        58,
        97,
        82,
        61,
        3,
        41,
        48
    ],
    "eigs": [
        0.1476072921590343,
        0.1277159475973893,
        0.1923901655732676,
        0.2098203735480529,
        0.178899707994481,
        0.0006889669226164866,
        0.07901324541760502,
        0.16410632466101124,
        0.02016790687750359,
        0.024871688158111447
    ]
}