{
    "eigs_regret": [
        0.5416559531880096,
        0.9188896047411095,
        -0.12372638471050879,
        1.8602883331812339,
        3.973430497813018,
        2.3983683252618264,
        8.507884739835342,
        1.1028894822312711,
        0.896632846019237
    ],
    "eigs_max": [
        1.0056438457643022,
        1.0840081959124126,
        2.1105281181114073,
        0.299604139453309,
        0.7110269850449126,
        1.0427262664079988,
        -3.668078014734441,
        0.75738527593143,
        0.7001171780541715
    ],
    "inputs_max": [
        [
            [
                83.39344809846015,
                58.65550188917854,
                97.88866752469058
            ],
            [
                0.012902883492171717,
                0.23684456294614084,
                0.7502525535616874
            ],
            1
        ],
        [
            [
                74.04945912594508,
                99.84267451706988,
                44.36866386985342
            ],
            [
                0.2584616738902395,
                0.7394627089010208,
                0.002075617208739577
            ],
            2
        ],
        [
            [
                23.343267696617254,
                95.06858153828723,
                98.68981539428722
            ],
            [
                0.14905856839162654,
                0.1011015778188322,
                0.7498398537895413
            ],
            1
        ],
        [
            [
                92.64414163666413,
                44.12447957503739,
                93.4206881454215
            ],
            [
                0.5759754812231521,
                0.28173403453694107,
                0.14229048423990695
            ],
            1
        ],
        [
            [
                93.65198176069192,
                60.08368230530265,
                82.02315636292163
            ],
            [
                0.7876398946835766,
                0.13787605413549964,
                0.07448405118092376
            ],
            1
        ],
        [
            [
                15.670248696212742,
                98.62316318888254,
                71.32096723782968
            ],
            [
                0.026087186680975493,
                0.6738988788559678,
                0.3000139344630567
            ],
            2
        ],
        [
            [
                92.86649184602885,
                87.5141409733277,
                92.20845143066137
            ],
            [
                0.015877977692710064,
                0.9074938146763912,
                0.0766282076308986
            ],
            2
        ],
        [
            [
                81.74797405538794,
                99.90115809096775,
                80.4262020432263
            ],
            [
                0.41619217615867277,
                0.49894193565013717,
                0.08486588819118993
            ],
            0
        ],
        [
            [
                98.59648502389244,
                80.88651520429396,
                95.98600993271504
            ],
            [
                0.3386178463433643,
                0.4175100932698398,
                0.24387206038679593
            ],
            2
        ]
    ],
    "eigs": [
        0.4639878925762926,
        0.16511859117130315,
        2.234254502821916,
        -1.560684193727925,
        -3.2624035127681053,
        -1.3556420588538276,
        -12.175962754569783,
        -0.345504206299841,
        -0.19651566796506553
    ]
}