{
    "eigs_regret": [
        0.5584100454390643,
        0.5311086132579773,
        -0.0943924291935978,
        0.2676420220932347,
        0.05969436034041814,
        0.2719942168420812,
        0.2044377387700482,
        0.2661522339217139,
        0.448097068967652
    ],
    "eigs_max": [
        0.9737507195031481,
        1.0000092024544236,
        0.5470212396767473,
        0.6160687703748975,
        0.14011478858704124,
        0.28311479593305805,
        0.33255189328558077,
        0.3161387074516325,
        0.31609470036714554
    ],
    "inputs_max": [
        [
            [
                47.93607018761804,
                95.65378789064158,
                61.400473438693496
            ],
            [
                0.10402941035615604,
                0.7409905178034497,
                0.15498007184039433
            ],
            1
        ],
        [
            [
                76.60661504178175,
                99.0394405598035,
                80.47976592383883
            ],
            [
                0.3631008521243941,
                0.4535857619816951,
                0.1833133858939109
            ],
            1
        ],
        [
            [
                49.2243728854766,
                93.3705547200805,
                37.80066443537211
            ],
            [
                0.1287857570695921,
                0.8425378264954864,
                0.02867641643492155
            ],
            0
        ],
        [
            [
                93.4981466014228,
                94.56591758380351,
                94.80071579212755
            ],
            [
                0.029087385266042078,
                0.21218684740838958,
                0.7587257673255684
            ],
            2
        ],
        [
            [
                92.75995130848192,
                13.908568060969174,
                83.43510482274591
            ],
            [
                0.714380059164908,
                0.02847258893865363,
                0.2571473518964383
            ],
            0
        ],
        [
            [
                96.06931669468266,
                97.07091098735916,
                78.67612688229373
            ],
            [
                0.47363593529111914,
                0.3264864589323993,
                0.19987760577648145
            ],
            1
        ],
        [
            [
                94.87808930280511,
                22.710039145331294,
                97.43375468329
            ],
            [
                0.9483022047553524,
                0.004698643135173451,
                0.046999152109474134
            ],
            2
        ],
        [
            [
                99.28576771326235,
                22.723413455762874,
                89.14778473284774
            ],
            [
                0.9397329823147595,
                0.03139117637770198,
                0.02887584130753857
            ],
            2
        ],
        [
            [
                99.57191975091311,
                87.06568896408969,
                86.15971180977465
            ],
            [
                0.4437545670246806,
                0.29467631904325037,
                0.2615691139320691
            ],
            1
        ]
    ],
    "eigs": [
        0.4153406740640838,
        0.4689005891964463,
        0.6414136688703451,
        0.3484267482816628,
        0.0804204282466231,
        0.011120579090976863,
        0.12811415451553257,
        0.049986473529918606,
        -0.13200236860050643
    ]
}