{
    "eigs_regret": [
        0.02754450408475917,
        0.7538798479371376,
        0.5998433397017986,
        1.0779492629224703,
        1.2175045448099011,
        1.594859474723279,
        4.422340860930503,
        8.516572537969807,
        12.821897858129367,
        13.141369710935692
    ],
    "eigs_max": [
        0.9670033528486931,
        1.037594993781034,
        1.0008273268779952,
        1.1419965626718773,
        1.2595283523085639,
        1.291475606728962,
        1.495368169781696,
        -0.596654267250439,
        2.1535925169909693,
        2.107805526359204
    ],
    "inputs_max": [
        [
            [
                99.28740909464065,
                56.56255591863728,
                84.77035173520372
            ],
            [
                0.8528268594423557,
                0.10094248594436296,
                0.046230654613281415
            ],
            2
        ],
        [
            [
                99.15168496786681,
                80.12112678022233,
                96.677630479279
            ],
            [
                0.2240169814960443,
                0.4117996266186049,
                0.36418339188535087
            ],
            1
        ],
        [
            [
                74.70935267012906,
                89.61537489103677,
                94.65497885408294
            ],
            [
                0.01919523029899067,
                0.9089340268590137,
                0.07187074284199557
            ],
            1
        ],
        [
            [
                96.06879147307009,
                82.32360326287184,
                97.65725273459437
            ],
            [
                0.5189629984878664,
                0.09028077095312481,
                0.3907562305590087
            ],
            0
        ],
        [
            [
                65.8188898667933,
                94.79435542386386,
                90.60812966823886
            ],
            [
                0.02356403226020365,
                0.3669191778054024,
                0.609516789934394
            ],
            2
        ],
        [
            [
                94.45601201836358,
                93.97786083955243,
                95.11570448631257
            ],
            [
                0.23923561242810068,
                0.396453773738531,
                0.36431061383336844
            ],
            0
        ],
        [
            [
                98.32603734970468,
                80.19267593004116,
                89.71231385664802
            ],
            [
                0.6069975167101624,
                0.12140837950535709,
                0.27159410378448035
            ],
            0
        ],
        [
            [
                99.95298655932518,
                65.53048941968687,
                60.1949449596251
            ],
            [
                0.8591551020677338,
                0.04880186619585729,
                0.09204303173640878
            ],
            2
        ],
        [
            [
                75.06465557087401,
                90.49849079057664,
                96.0741943409613
            ],
            [
                0.07847118971224835,
                0.0859975042411063,
                0.8355313060466453
            ],
            1
        ],
        [
            [
                41.30905335983801,
                87.58223888561594,
                91.13223770096542
            ],
            [
                0.08235464568751125,
                0.10597307520691586,
                0.811672279105573
            ],
            1
        ]
    ],
    "eigs": [
        0.9394588487639339,
        0.2837151458438965,
        0.4009839871761967,
        0.06404729974940708,
        0.042023807498662816,
        -0.30338386799431694,
        -2.9269726911488068,
        -9.113226805220247,
        -10.668305341138398,
        -11.033564184576488
    ]
}