{
    "eigs_regret": [
        -0.015901957175192605,
        0.6613577655258234,
        0.7002694586149518,
        1.7456900819378558,
        0.7044641053639533,
        4.753848262603671,
        7.497544632388318,
        7.254442557392131,
        7.585423461431877,
        6.963918586355848
    ],
    "eigs_max": [
        1.044917302950715,
        0.9479388989696653,
        0.7739685402148612,
        1.6984871509308346,
        0.5831766778442298,
        -0.19891351744061073,
        0.2016567721563807,
        -5.55018792782148,
        -6.064866567466512,
        -6.8367096542497885
    ],
    "inputs_max": [
        [
            [
                17.680360850174402,
                98.27379027740902,
                97.36927550990066
            ],
            [
                0.04777565483535655,
                0.6094934142160585,
                0.342730930948585
            ],
            1
        ],
        [
            [
                74.04945912594508,
                99.84267451706988,
                44.36866386985342
            ],
            [
                0.2584616738902395,
                0.7394627089010208,
                0.002075617208739577
            ],
            2
        ],
        [
            [
                23.343267696617254,
                95.06858153828723,
                98.68981539428722
            ],
            [
                0.14905856839162654,
                0.1011015778188322,
                0.7498398537895413
            ],
            1
        ],
        [
            [
                99.50971665109489,
                25.6388844411538,
                87.47319555324499
            ],
            [
                0.19187331619844503,
                0.15292867321071868,
                0.6551980105908363
            ],
            1
        ],
        [
            [
                93.65198176069192,
                60.08368230530265,
                82.02315636292163
            ],
            [
                0.7876398946835766,
                0.13787605413549964,
                0.07448405118092376
            ],
            1
        ],
        [
            [
                96.6877997421006,
                85.34405886151116,
                34.075773147281
            ],
            [
                0.27964974479342686,
                0.6145825772370423,
                0.10576767796953082
            ],
            1
        ],
        [
            [
                95.65606870337916,
                90.59144084097376,
                90.36700257340154
            ],
            [
                0.4909942311197366,
                0.08024826227847248,
                0.42875750660179096
            ],
            0
        ],
        [
            [
                81.74797405538794,
                99.90115809096775,
                80.4262020432263
            ],
            [
                0.41619217615867277,
                0.49894193565013717,
                0.08486588819118993
            ],
            0
        ],
        [
            [
                95.57183081701177,
                56.41475781299087,
                94.46381785989153
            ],
            [
                0.12034940466337284,
                0.025082983379745256,
                0.854567611956882
            ],
            2
        ],
        [
            [
                68.5681516986441,
                97.26479693892881,
                64.28775558441419
            ],
            [
                0.23240650104115468,
                0.7632101861184427,
                0.004383312840402681
            ],
            0
        ]
    ],
    "eigs": [
        1.0608192601259077,
        0.2865811334438419,
        0.07369908159990933,
        -0.047202931007021325,
        -0.12128742751972357,
        -4.952761780044281,
        -7.295887860231938,
        -12.804630485213611,
        -13.65029002889839,
        -13.800628240605636
    ]
}