{
    "eigs_regret": [
        0.5601115402975307,
        0.23463112019415777,
        0.5453174408320347,
        0.37296787066180215,
        0.6668222761988938,
        0.5116510756899217,
        0.6681966659746823,
        1.1808355807708324
    ],
    "eigs_max": [
        0.9536240615732307,
        0.8303991131738369,
        0.8897984400629031,
        0.5126616727573317,
        0.48866333962137065,
        0.32422982822467317,
        0.3810784690784877,
        -11.674349265789587
    ],
    "inputs_max": [
        [
            [
                84.63533082101873,
                89.00401020658958,
                97.33304083642957
            ],
            [
                0.30560631138449473,
                0.1302046911024805,
                0.5641889975130248
            ],
            1
        ],
        [
            [
                88.1322344474425,
                88.80690791555284,
                99.36513195952185
            ],
            [
                0.10803578892894297,
                0.5566158409465713,
                0.33534837012448576
            ],
            1
        ],
        [
            [
                74.70935267012906,
                89.61537489103677,
                94.65497885408294
            ],
            [
                0.01919523029899067,
                0.9089340268590137,
                0.07187074284199557
            ],
            1
        ],
        [
            [
                19.39687632956868,
                97.16772060572913,
                95.46470509341319
            ],
            [
                0.020226991508346587,
                0.2907491874811574,
                0.6890238210104961
            ],
            0
        ],
        [
            [
                65.8188898667933,
                94.79435542386386,
                90.60812966823886
            ],
            [
                0.02356403226020365,
                0.3669191778054024,
                0.609516789934394
            ],
            2
        ],
        [
            [
                99.15232440313744,
                89.96177226432597,
                74.43787892921202
            ],
            [
                0.41602124065981483,
                0.2818483338714879,
                0.3021304254686972
            ],
            2
        ],
        [
            [
                66.8751488235156,
                43.20244411634201,
                96.96417397900905
            ],
            [
                0.005844657398117536,
                0.05350036032424178,
                0.9406549822776407
            ],
            0
        ],
        [
            [
                99.95298655932518,
                65.53048941968687,
                60.1949449596251
            ],
            [
                0.8591551020677338,
                0.04880186619585729,
                0.09204303173640878
            ],
            2
        ]
    ],
    "eigs": [
        0.3935125212756999,
        0.5957679929796791,
        0.3444809992308684,
        0.13969380209552948,
        -0.17815893657752307,
        -0.18742124746524852,
        -0.28711819689619467,
        -12.85518484656042
    ]
}