{
    "eigs_regret": [
        0.05458696757898085,
        0.49376593482403375,
        1.0726132265597392,
        0.7507308680845954,
        0.7199540211331117,
        0.8335923869193255,
        0.6030617301515537,
        0.6814847062918221,
        0.7771203702975782
    ],
    "eigs_max": [
        1.0382266514575733,
        0.9335452165579745,
        0.9954890917967784,
        0.7341409258584584,
        0.7094825449810364,
        0.7606050868746653,
        0.8488138200489291,
        0.5778456203808424,
        0.6654955479568937
    ],
    "inputs_max": [
        [
            [
                70.80807698471156,
                99.77407255425554,
                40.16821451981869
            ],
            [
                0.16024930482086697,
                0.7491091677638705,
                0.09064152741526253
            ],
            1
        ],
        [
            [
                96.1539012877594,
                97.9534317435004,
                96.94556914752977
            ],
            [
                0.20158588264910932,
                0.4726706586500763,
                0.3257434587008143
            ],
            0
        ],
        [
            [
                88.32203937988994,
                94.58955922862499,
                89.28022389103452
            ],
            [
                0.3011273153674878,
                0.5768107875129467,
                0.1220618971195655
            ],
            0
        ],
        [
            [
                83.36711805916701,
                89.69441615762105,
                58.07931730233777
            ],
            [
                0.11863430316591438,
                0.847053449184498,
                0.03431224764958761
            ],
            0
        ],
        [
            [
                98.65240468378943,
                78.66181811252142,
                73.60255346873485
            ],
            [
                0.7457043237937492,
                0.24315217735282948,
                0.01114349885342129
            ],
            2
        ],
        [
            [
                99.3673782600223,
                98.94915628612327,
                99.51332122816791
            ],
            [
                0.30177309648907896,
                0.5188175640647902,
                0.17940933944613094
            ],
            2
        ],
        [
            [
                97.9006858818788,
                19.424732515818288,
                69.591617654957
            ],
            [
                0.8881555872301063,
                0.029642732294658174,
                0.08220168047523549
            ],
            0
        ],
        [
            [
                87.86365720725988,
                59.68967110947979,
                96.2043574922107
            ],
            [
                0.3866611581225822,
                0.0978002528775431,
                0.5155385889998747
            ],
            2
        ],
        [
            [
                70.17630228932242,
                56.280068159841164,
                98.11657394448268
            ],
            [
                0.21942637806767096,
                0.028544375012041604,
                0.7520292469202875
            ],
            1
        ]
    ],
    "eigs": [
        0.9836396838785925,
        0.43977928173394076,
        -0.07712413476296089,
        -0.0165899422261371,
        -0.010471476152075332,
        -0.07298730004466014,
        0.24575208989737546,
        -0.10363908591097974,
        -0.11162482234068445
    ]
}