{
    "eigs_regret": [
        0.20843380274904455,
        0.595286961544713,
        0.5912196596314003,
        0.3705978114420992,
        0.4730028786804035,
        0.44879667726348627,
        0.7328001204843009,
        1.0702573610596264
    ],
    "eigs_max": [
        0.9754834416180921,
        0.9223412159392679,
        0.5863498448949414,
        0.6777254989852273,
        0.618258489035231,
        0.25943259740001723,
        -5.657423439346962,
        -9.980543387660113
    ],
    "inputs_max": [
        [
            [
                69.45305213527178,
                90.84732703773803,
                95.24969375906437
            ],
            [
                0.04894962080799536,
                0.30697125050954494,
                0.6440791286824596
            ],
            2
        ],
        [
            [
                77.01570097302884,
                90.69955978491623,
                92.80028702231473
            ],
            [
                0.08268792164179786,
                0.011891707733150264,
                0.9054203706250519
            ],
            1
        ],
        [
            [
                97.95762443670074,
                96.13701656749505,
                76.86523350163868
            ],
            [
                0.3422779788518654,
                0.5468814750581633,
                0.11084054608997122
            ],
            2
        ],
        [
            [
                93.4981466014228,
                94.56591758380351,
                94.80071579212755
            ],
            [
                0.029087385266042078,
                0.21218684740838958,
                0.7587257673255684
            ],
            2
        ],
        [
            [
                44.34777991137682,
                99.32702310635044,
                93.05953190986894
            ],
            [
                0.0653996150140313,
                0.9066086686511353,
                0.027991716334833362
            ],
            2
        ],
        [
            [
                66.83603898008887,
                34.99435587738006,
                94.26798378001277
            ],
            [
                0.05395111612209514,
                0.019976633770351773,
                0.926072250107553
            ],
            1
        ],
        [
            [
                97.04761932773711,
                2.2933935134092254,
                81.39683134328803
            ],
            [
                0.8254322799761097,
                0.039558442959005034,
                0.13500927706488533
            ],
            1
        ],
        [
            [
                99.28576771326235,
                22.723413455762874,
                89.14778473284774
            ],
            [
                0.9397329823147595,
                0.03139117637770198,
                0.02887584130753857
            ],
            2
        ]
    ],
    "eigs": [
        0.7670496388690475,
        0.32705425439455493,
        -0.004869814736459029,
        0.3071276875431281,
        0.14525561035482742,
        -0.18936407986346904,
        -6.390223559831263,
        -11.05080074871974
    ]
}