{
    "eigs_regret": [
        -0.026658857637646194,
        0.7123527575534364,
        0.44075219702662105,
        0.5416478969031017,
        0.603667208346037,
        0.6046838284328238,
        0.6618233201907144,
        2.090541221776549,
        1.6057847869780542
    ],
    "eigs_max": [
        0.9348088946189084,
        0.9791059617956498,
        0.6191323132252183,
        0.5987305565980866,
        0.6386583572290147,
        0.3457840943519298,
        0.23891234927863203,
        -10.919317646161057,
        -11.582841154752293
    ],
    "inputs_max": [
        [
            [
                17.680360850174402,
                98.27379027740902,
                97.36927550990066
            ],
            [
                0.04777565483535655,
                0.6094934142160585,
                0.342730930948585
            ],
            1
        ],
        [
            [
                74.04945912594508,
                99.84267451706988,
                44.36866386985342
            ],
            [
                0.2584616738902395,
                0.7394627089010208,
                0.002075617208739577
            ],
            2
        ],
        [
            [
                23.343267696617254,
                95.06858153828723,
                98.68981539428722
            ],
            [
                0.14905856839162654,
                0.1011015778188322,
                0.7498398537895413
            ],
            1
        ],
        [
            [
                88.66444709970578,
                47.57663814743949,
                89.35828710205003
            ],
            [
                0.8042053734952829,
                0.09513287504128408,
                0.10066175146343309
            ],
            0
        ],
        [
            [
                93.65198176069192,
                60.08368230530265,
                82.02315636292163
            ],
            [
                0.7876398946835766,
                0.13787605413549964,
                0.07448405118092376
            ],
            1
        ],
        [
            [
                67.23678366777514,
                99.07221968460233,
                47.95898078415465
            ],
            [
                0.043998457432806476,
                0.8074350852621212,
                0.14856645730507234
            ],
            0
        ],
        [
            [
                95.65606870337916,
                90.59144084097376,
                90.36700257340154
            ],
            [
                0.4909942311197366,
                0.08024826227847248,
                0.42875750660179096
            ],
            0
        ],
        [
            [
                81.74797405538794,
                99.90115809096775,
                80.4262020432263
            ],
            [
                0.41619217615867277,
                0.49894193565013717,
                0.08486588819118993
            ],
            0
        ],
        [
            [
                58.21832421584241,
                76.75510548427674,
                96.4383044423182
            ],
            [
                0.09063545963716739,
                0.2010907690381529,
                0.7082737713246797
            ],
            0
        ]
    ],
    "eigs": [
        0.9614677522565546,
        0.2667532042422134,
        0.17838011619859725,
        0.057082659694984945,
        0.03499114888297763,
        -0.25889973408089395,
        -0.42291097091208235,
        -13.009858867937606,
        -13.188625941730347
    ]
}