{
    "eigs_regret": [
        0.5315931719951643,
        0.1270890606788858
    ],
    "eigs_max": [
        0.9958540009249741,
        0.8441680483089748
    ],
    "inputs_max": [
        [
            [
                99.28740909464065,
                56.56255591863728,
                84.77035173520372
            ],
            [
                0.8528268594423557,
                0.10094248594436296,
                0.046230654613281415
            ],
            2
        ],
        [
            [
                99.15168496786681,
                80.12112678022233,
                96.677630479279
            ],
            [
                0.2240169814960443,
                0.4117996266186049,
                0.36418339188535087
            ],
            1
        ]
    ],
    "eigs": [
        0.46426082892980974,
        0.717078987630089
    ]
}