{
    "eigs_regret": [
        0.5628864013550525,
        0.7055132759778282
    ],
    "eigs_max": [
        0.9497789514198749,
        1.0539209798567881
    ],
    "inputs_max": [
        [
            [
                92.710875463404,
                16.710969228590223,
                97.59938725676824
            ],
            [
                0.3085254677377977,
                0.007874004048084662,
                0.6836005282141178
            ],
            2
        ],
        [
            [
                96.1539012877594,
                97.9534317435004,
                96.94556914752977
            ],
            [
                0.20158588264910932,
                0.4726706586500763,
                0.3257434587008143
            ],
            0
        ]
    ],
    "eigs": [
        0.38689255006482237,
        0.34840770387895986
    ]
}