{
    "eigs_regret": [
        0.6054799341713891,
        0.43606750595985555,
        -0.01664572818410892,
        -0.3109471262756688,
        0.522702223631615,
        0.5616589721656782,
        0.19476349796366346,
        0.5145538905567082,
        0.3305612219160262
    ],
    "eigs_max": [
        1.0152278309402605,
        0.9829664363291104,
        0.49263040008441095,
        0.3929827791630066,
        0.3896329849981967,
        0.39435722859496736,
        0.35027310533321443,
        0.33222912151118317,
        0.29419068740892235
    ],
    "inputs_max": [
        [
            [
                98.84629515106352,
                93.1772006445184,
                76.72762041827673
            ],
            [
                0.8632346652057701,
                0.053528084943408535,
                0.08323724985082143
            ],
            0
        ],
        [
            [
                89.1614824542769,
                86.14658415672632,
                70.86339108956687
            ],
            [
                0.47827023102697913,
                0.3329056844586457,
                0.18882408451437505
            ],
            0
        ],
        [
            [
                94.66197822396992,
                89.88603409744049,
                83.26223177679401
            ],
            [
                0.500805537072984,
                0.2970354320582866,
                0.20215903086872933
            ],
            0
        ],
        [
            [
                91.57101143564479,
                93.16850814419931,
                95.18027441335775
            ],
            [
                0.12370326917039562,
                0.5508840076052699,
                0.32541272322433445
            ],
            0
        ],
        [
            [
                99.96663380727182,
                28.836840390643236,
                94.63571826511618
            ],
            [
                0.629726647925513,
                0.12039965588572311,
                0.2498736961887638
            ],
            2
        ],
        [
            [
                71.7904784167906,
                96.29561989537278,
                52.86595154737995
            ],
            [
                0.19654285638408778,
                0.7379289085300793,
                0.06552823508583287
            ],
            1
        ],
        [
            [
                97.33827457032866,
                26.199822245669292,
                69.33061922405088
            ],
            [
                0.912585797151931,
                0.011129661141819002,
                0.07628454170625007
            ],
            1
        ],
        [
            [
                83.81660276936157,
                49.341802821838385,
                81.35678043381817
            ],
            [
                0.3644230068265144,
                0.12535695733480912,
                0.5102200358386763
            ],
            0
        ],
        [
            [
                90.49611827342655,
                87.6392184515643,
                85.49343468767783
            ],
            [
                0.16760640686812212,
                0.6113853380429155,
                0.22100825508896238
            ],
            0
        ]
    ],
    "eigs": [
        0.40974789676887136,
        0.5468989303692549,
        0.5092761282685199,
        0.7039299054386754,
        -0.13306923863341827,
        -0.16730174357071084,
        0.15550960736955097,
        -0.18232476904552505,
        -0.036370534507103855
    ]
}