{
    "eigs_regret": [
        0.05822362295483785,
        0.5647826558708953,
        0.5278877124796962,
        0.5911380027236952,
        0.22609593955100682,
        0.7625956224916098,
        0.5715200213069398,
        0.36415286985779927,
        0.46399848341541794,
        0.35947821674842195
    ],
    "eigs_max": [
        0.9256365376200115,
        0.9107724819555426,
        0.6365256266542804,
        0.6067088806445127,
        0.4507191416422715,
        0.5247655834495094,
        0.44977617738534426,
        0.3035458551888171,
        0.3451624913787801,
        0.3371986465658412
    ],
    "inputs_max": [
        [
            [
                95.57929008203165,
                96.72080802098198,
                35.703307682926365
            ],
            [
                0.13798672539777854,
                0.8492977391624551,
                0.012715535439766388
            ],
            1
        ],
        [
            [
                98.01879721966759,
                35.35648819423485,
                56.298775760496014
            ],
            [
                0.82991302855738,
                0.10336568575224342,
                0.0667212856903765
            ],
            2
        ],
        [
            [
                96.95129691803294,
                87.21265040434338,
                51.369847051622266
            ],
            [
                0.5791039476523484,
                0.3571793615973606,
                0.06371669075029088
            ],
            0
        ],
        [
            [
                91.57101143564479,
                93.16850814419931,
                95.18027441335775
            ],
            [
                0.12370326917039562,
                0.5508840076052699,
                0.32541272322433445
            ],
            0
        ],
        [
            [
                95.99667003429356,
                97.31361848560736,
                80.95671220246403
            ],
            [
                0.5229555987532252,
                0.2668456733647657,
                0.21019872788200922
            ],
            0
        ],
        [
            [
                96.41289966463391,
                77.5636118108339,
                97.91360302054588
            ],
            [
                0.16600462332864802,
                0.17264899859789837,
                0.6613463780734535
            ],
            1
        ],
        [
            [
                97.33827457032866,
                26.199822245669292,
                69.33061922405088
            ],
            [
                0.912585797151931,
                0.011129661141819002,
                0.07628454170625007
            ],
            1
        ],
        [
            [
                86.75805550792226,
                4.296550087019691,
                85.64351330870431
            ],
            [
                0.4690579173220313,
                0.020807803519714715,
                0.510134279158254
            ],
            0
        ],
        [
            [
                90.49611827342655,
                87.6392184515643,
                85.49343468767783
            ],
            [
                0.16760640686812212,
                0.6113853380429155,
                0.22100825508896238
            ],
            0
        ],
        [
            [
                61.43459590649746,
                96.77456027297389,
                98.01768038155258
            ],
            [
                0.11020368448975178,
                0.6516416802949384,
                0.23815463521530986
            ],
            1
        ]
    ],
    "eigs": [
        0.8674129146651737,
        0.3459898260846473,
        0.10863791417458409,
        0.015570877920817502,
        0.22462320209126468,
        -0.2378300390421004,
        -0.12174384392159548,
        -0.06060701466898217,
        -0.11883599203663789,
        -0.022279570182580744
    ]
}