{
    "eigs_regret": [
        -0.1208219952998777,
        0.48959881143309425,
        0.8332939029552837,
        1.8997250078179315,
        0.58427783399209,
        0.6553475763004117,
        0.8524394012217767,
        0.634958221605618,
        0.7082821152095251,
        0.5746181660738772
    ],
    "eigs_max": [
        1.078561740496802,
        0.9025566734839421,
        0.8413681234273528,
        2.6909755240345192,
        0.5828321582680768,
        0.5898409561703556,
        0.6759096282494883,
        0.6865667677294085,
        0.5175928616918813,
        0.4507310175521153
    ],
    "inputs_max": [
        [
            [
                92.710875463404,
                16.710969228590223,
                97.59938725676824
            ],
            [
                0.3085254677377977,
                0.007874004048084662,
                0.6836005282141178
            ],
            2
        ],
        [
            [
                96.1539012877594,
                97.9534317435004,
                96.94556914752977
            ],
            [
                0.20158588264910932,
                0.4726706586500763,
                0.3257434587008143
            ],
            0
        ],
        [
            [
                88.32203937988994,
                94.58955922862499,
                89.28022389103452
            ],
            [
                0.3011273153674878,
                0.5768107875129467,
                0.1220618971195655
            ],
            0
        ],
        [
            [
                65.58666397638082,
                97.31886793485627,
                88.72141332948551
            ],
            [
                0.07555953801782113,
                0.5231955034943688,
                0.40124495848781
            ],
            2
        ],
        [
            [
                98.65240468378943,
                78.66181811252142,
                73.60255346873485
            ],
            [
                0.7457043237937492,
                0.24315217735282948,
                0.01114349885342129
            ],
            2
        ],
        [
            [
                99.3673782600223,
                98.94915628612327,
                99.51332122816791
            ],
            [
                0.30177309648907896,
                0.5188175640647902,
                0.17940933944613094
            ],
            2
        ],
        [
            [
                97.9006858818788,
                19.424732515818288,
                69.591617654957
            ],
            [
                0.8881555872301063,
                0.029642732294658174,
                0.08220168047523549
            ],
            0
        ],
        [
            [
                63.99538800474214,
                83.7500437947206,
                93.40391674017157
            ],
            [
                0.08622589031594691,
                0.4319360768719825,
                0.48183803281207077
            ],
            0
        ],
        [
            [
                70.17630228932242,
                56.280068159841164,
                98.11657394448268
            ],
            [
                0.21942637806767096,
                0.028544375012041604,
                0.7520292469202875
            ],
            1
        ],
        [
            [
                57.7688120987959,
                94.08982743820884,
                80.41894804355316
            ],
            [
                0.12477464948556813,
                0.6142640734775796,
                0.2609612770368523
            ],
            1
        ]
    ],
    "eigs": [
        1.1993837357966797,
        0.41295786205084783,
        0.00807422047206905,
        0.7912505162165877,
        -0.0014456757240132296,
        -0.06550662013005618,
        -0.17652977297228847,
        0.051608546123790455,
        -0.19068925351764376,
        -0.12388714852176191
    ]
}