{
    "eigs_regret": [
        0.5435782938512674,
        0.23780380740038298,
        0.4124726765030019,
        0.5493590072481495,
        0.5545626440590838,
        0.3616152544490739,
        0.5972126469113623
    ],
    "eigs_max": [
        1.017608168588923,
        0.8817974617616854,
        0.7942888772332424,
        0.4548275291636446,
        0.47671627723411275,
        0.3628512608639902,
        0.390864684553966
    ],
    "inputs_max": [
        [
            [
                17.680360850174402,
                98.27379027740902,
                97.36927550990066
            ],
            [
                0.04777565483535655,
                0.6094934142160585,
                0.342730930948585
            ],
            1
        ],
        [
            [
                74.04945912594508,
                99.84267451706988,
                44.36866386985342
            ],
            [
                0.2584616738902395,
                0.7394627089010208,
                0.002075617208739577
            ],
            2
        ],
        [
            [
                23.343267696617254,
                95.06858153828723,
                98.68981539428722
            ],
            [
                0.14905856839162654,
                0.1011015778188322,
                0.7498398537895413
            ],
            1
        ],
        [
            [
                99.50971665109489,
                25.6388844411538,
                87.47319555324499
            ],
            [
                0.19187331619844503,
                0.15292867321071868,
                0.6551980105908363
            ],
            1
        ],
        [
            [
                86.87851545210368,
                41.68194934338547,
                93.33243051830182
            ],
            [
                0.0871487913627727,
                0.07651451343611859,
                0.8363366952011088
            ],
            1
        ],
        [
            [
                67.23678366777514,
                99.07221968460233,
                47.95898078415465
            ],
            [
                0.043998457432806476,
                0.8074350852621212,
                0.14856645730507234
            ],
            0
        ],
        [
            [
                95.65606870337916,
                90.59144084097376,
                90.36700257340154
            ],
            [
                0.4909942311197366,
                0.08024826227847248,
                0.42875750660179096
            ],
            0
        ]
    ],
    "eigs": [
        0.4740298747376554,
        0.6439936543613024,
        0.3818162007302405,
        -0.09453147808450488,
        -0.07784636682497106,
        0.0012360064149163103,
        -0.20634796235739636
    ]
}