{
    "eigs_regret": [
        -0.0788674176804457,
        0.37782791331162585,
        0.9458561899222676,
        0.6100726718309533,
        1.1060812483283964,
        5.16607530232687,
        0.9636463267166608,
        8.466822034596131,
        5.3652102313502095,
        3.141166515597421
    ],
    "eigs_max": [
        0.9808780566605738,
        0.7757022933614109,
        0.9513238809477432,
        0.6347436399639211,
        0.9542637624757677,
        -2.083251662699612,
        2.1606455991753077,
        -4.301981867575863,
        -3.939388527972286,
        -10.091980111192363
    ],
    "inputs_max": [
        [
            [
                17.680360850174402,
                98.27379027740902,
                97.36927550990066
            ],
            [
                0.04777565483535655,
                0.6094934142160585,
                0.342730930948585
            ],
            1
        ],
        [
            [
                74.04945912594508,
                99.84267451706988,
                44.36866386985342
            ],
            [
                0.2584616738902395,
                0.7394627089010208,
                0.002075617208739577
            ],
            2
        ],
        [
            [
                23.343267696617254,
                95.06858153828723,
                98.68981539428722
            ],
            [
                0.14905856839162654,
                0.1011015778188322,
                0.7498398537895413
            ],
            1
        ],
        [
            [
                88.66444709970578,
                47.57663814743949,
                89.35828710205003
            ],
            [
                0.8042053734952829,
                0.09513287504128408,
                0.10066175146343309
            ],
            0
        ],
        [
            [
                93.65198176069192,
                60.08368230530265,
                82.02315636292163
            ],
            [
                0.7876398946835766,
                0.13787605413549964,
                0.07448405118092376
            ],
            1
        ],
        [
            [
                54.03250587414239,
                94.13117186370353,
                87.25415828042509
            ],
            [
                0.1332656575728085,
                0.5157949222516406,
                0.3509394201755508
            ],
            0
        ],
        [
            [
                61.57020341312036,
                97.71366891960199,
                85.00927795574694
            ],
            [
                0.08318410997310488,
                0.33428010088096144,
                0.5825357891459336
            ],
            2
        ],
        [
            [
                97.42971177620723,
                4.453931886804218,
                46.88307081945858
            ],
            [
                0.9049836979090693,
                0.01963694628185913,
                0.07537935580907149
            ],
            2
        ],
        [
            [
                58.21832421584241,
                76.75510548427674,
                96.4383044423182
            ],
            [
                0.09063545963716739,
                0.2010907690381529,
                0.7082737713246797
            ],
            0
        ],
        [
            [
                72.01768174399886,
                98.06968756881183,
                83.1867706859147
            ],
            [
                0.0626464186620451,
                0.6643128791006849,
                0.27304070223726995
            ],
            0
        ]
    ],
    "eigs": [
        1.0597454743410195,
        0.3978743800497851,
        0.005467691025475583,
        0.02467096813296783,
        -0.15181748585262875,
        -7.249326965026483,
        1.196999272458647,
        -12.768803902171994,
        -9.304598759322495,
        -13.233146626789784
    ]
}