{
    "eigs_regret": [
        0.5500899412523976,
        0.3897386714575727,
        0.6994117729687521,
        0.7345628455269883,
        0.3780053382172576,
        -0.011481696049971457,
        0.4923704722509552,
        0.36306633895639134,
        0.2022183210839813
    ],
    "eigs_max": [
        0.9860016057122323,
        0.8877899680491008,
        0.6718922857041997,
        0.5917607968067965,
        0.5891746592507172,
        0.27906207512553566,
        0.28754373929039867,
        0.3212107646621375,
        0.22482269233612567
    ],
    "inputs_max": [
        [
            [
                96.23910278009171,
                32.39367196428463,
                90.31124882140764
            ],
            [
                0.6185543282863005,
                0.09444439635959538,
                0.2870012753541041
            ],
            2
        ],
        [
            [
                96.1539012877594,
                97.9534317435004,
                96.94556914752977
            ],
            [
                0.20158588264910932,
                0.4726706586500763,
                0.3257434587008143
            ],
            0
        ],
        [
            [
                77.36719130333782,
                90.86481293345567,
                98.37185886705635
            ],
            [
                0.6706723278162771,
                0.2966568960626106,
                0.03267077612111234
            ],
            0
        ],
        [
            [
                98.68695000744798,
                76.72634700001352,
                42.28557942611681
            ],
            [
                0.6725986867158795,
                0.28352146463902195,
                0.04387984864509834
            ],
            1
        ],
        [
            [
                98.65240468378943,
                78.66181811252142,
                73.60255346873485
            ],
            [
                0.7457043237937492,
                0.24315217735282948,
                0.01114349885342129
            ],
            2
        ],
        [
            [
                99.3673782600223,
                98.94915628612327,
                99.51332122816791
            ],
            [
                0.30177309648907896,
                0.5188175640647902,
                0.17940933944613094
            ],
            2
        ],
        [
            [
                75.61915843135341,
                93.02631201660229,
                73.30886277315572
            ],
            [
                0.08302800673841891,
                0.7366410521827433,
                0.1803309410788378
            ],
            0
        ],
        [
            [
                87.86365720725988,
                59.68967110947979,
                96.2043574922107
            ],
            [
                0.3866611581225822,
                0.0978002528775431,
                0.5155385889998747
            ],
            2
        ],
        [
            [
                70.17630228932242,
                56.280068159841164,
                98.11657394448268
            ],
            [
                0.21942637806767096,
                0.028544375012041604,
                0.7520292469202875
            ],
            1
        ]
    ],
    "eigs": [
        0.4359116644598347,
        0.49805129659152814,
        -0.027519487264552465,
        -0.14280204872019175,
        0.2111693210334596,
        0.2905437711755071,
        -0.20482673296055653,
        -0.04185557429425387,
        0.022604371252144376
    ]
}