{
    "eigs_regret": [
        0.5388845741202637,
        0.3950230939439453,
        0.9049219749980619,
        0.9958891009044485,
        -0.00995124740251796,
        0.8209493524949881
    ],
    "eigs_max": [
        0.9561593951141393,
        0.9710850172648966,
        0.9503531706838895,
        0.8600853342086962,
        0.7038912307574782,
        0.6927663826347882
    ],
    "inputs_max": [
        [
            [
                69.45305213527178,
                90.84732703773803,
                95.24969375906437
            ],
            [
                0.04894962080799536,
                0.30697125050954494,
                0.6440791286824596
            ],
            2
        ],
        [
            [
                77.01570097302884,
                90.69955978491623,
                92.80028702231473
            ],
            [
                0.08268792164179786,
                0.011891707733150264,
                0.9054203706250519
            ],
            1
        ],
        [
            [
                97.95762443670074,
                96.13701656749505,
                76.86523350163868
            ],
            [
                0.3422779788518654,
                0.5468814750581633,
                0.11084054608997122
            ],
            2
        ],
        [
            [
                99.02687854610434,
                60.47247170577553,
                95.2853232112288
            ],
            [
                0.6559307948444487,
                0.14955985000956895,
                0.19450935514598225
            ],
            1
        ],
        [
            [
                44.34777991137682,
                99.32702310635044,
                93.05953190986894
            ],
            [
                0.0653996150140313,
                0.9066086686511353,
                0.027991716334833362
            ],
            2
        ],
        [
            [
                96.06931669468266,
                97.07091098735916,
                78.67612688229373
            ],
            [
                0.47363593529111914,
                0.3264864589323993,
                0.19987760577648145
            ],
            1
        ]
    ],
    "eigs": [
        0.4172748209938756,
        0.5760619233209513,
        0.04543119568582751,
        -0.13580376669575234,
        0.7138424781599961,
        -0.12818296986019992
    ]
}