{
    "eigs_regret": [
        0.14357134346896727,
        0.5065517882280643,
        0.17718796600897355,
        0.3650964224364461,
        0.3074035498002736,
        0.30280207094922157,
        0.2560033948204567,
        0.2312235634098351,
        0.30787968741358696
    ],
    "eigs_max": [
        1.0158263226527502,
        0.9381082905008443,
        0.4248687350786778,
        0.5436476322350525,
        0.23229906113683307,
        0.2022713581285226,
        0.20631350392981992,
        0.1977247944538869,
        0.19080033608103236
    ],
    "inputs_max": [
        [
            [
                17.680360850174402,
                98.27379027740902,
                97.36927550990066
            ],
            [
                0.04777565483535655,
                0.6094934142160585,
                0.342730930948585
            ],
            1
        ],
        [
            [
                74.04945912594508,
                99.84267451706988,
                44.36866386985342
            ],
            [
                0.2584616738902395,
                0.7394627089010208,
                0.002075617208739577
            ],
            2
        ],
        [
            [
                84.27450151372948,
                59.40942506391437,
                85.62594603159451
            ],
            [
                0.7082802504317721,
                0.04869820003433311,
                0.24302154953389482
            ],
            1
        ],
        [
            [
                88.66444709970578,
                47.57663814743949,
                89.35828710205003
            ],
            [
                0.8042053734952829,
                0.09513287504128408,
                0.10066175146343309
            ],
            0
        ],
        [
            [
                93.65198176069192,
                60.08368230530265,
                82.02315636292163
            ],
            [
                0.7876398946835766,
                0.13787605413549964,
                0.07448405118092376
            ],
            1
        ],
        [
            [
                54.03250587414239,
                94.13117186370353,
                87.25415828042509
            ],
            [
                0.1332656575728085,
                0.5157949222516406,
                0.3509394201755508
            ],
            0
        ],
        [
            [
                95.65606870337916,
                90.59144084097376,
                90.36700257340154
            ],
            [
                0.4909942311197366,
                0.08024826227847248,
                0.42875750660179096
            ],
            0
        ],
        [
            [
                81.74797405538794,
                99.90115809096775,
                80.4262020432263
            ],
            [
                0.41619217615867277,
                0.49894193565013717,
                0.08486588819118993
            ],
            0
        ],
        [
            [
                98.59648502389244,
                80.88651520429396,
                95.98600993271504
            ],
            [
                0.3386178463433643,
                0.4175100932698398,
                0.24387206038679593
            ],
            2
        ]
    ],
    "eigs": [
        0.8722549791837829,
        0.43155650227278003,
        0.24768076906970424,
        0.17855120979860645,
        -0.07510448866344056,
        -0.10053071282069898,
        -0.04968989089063676,
        -0.0334987689559482,
        -0.11707935133255461
    ]
}