{
    "eigs_regret": [
        0.1316317377496704,
        0.6906536601051455,
        0.5685229896113646,
        0.4070903029633725,
        0.8002467277227577,
        0.5679991596253917,
        0.5319051461401815,
        0.48200882345611284,
        0.6069227043775769,
        0.5273402013007138
    ],
    "eigs_max": [
        0.9371645508952201,
        1.0596043974470533,
        0.5735399607141022,
        0.6827034163332235,
        0.7208012427989331,
        0.7134204841607971,
        0.4023535499524453,
        0.3463142714867116,
        0.37433994589042663,
        0.1822811204516973
    ],
    "inputs_max": [
        [
            [
                92.710875463404,
                16.710969228590223,
                97.59938725676824
            ],
            [
                0.3085254677377977,
                0.007874004048084662,
                0.6836005282141178
            ],
            2
        ],
        [
            [
                96.1539012877594,
                97.9534317435004,
                96.94556914752977
            ],
            [
                0.20158588264910932,
                0.4726706586500763,
                0.3257434587008143
            ],
            0
        ],
        [
            [
                88.32203937988994,
                94.58955922862499,
                89.28022389103452
            ],
            [
                0.3011273153674878,
                0.5768107875129467,
                0.1220618971195655
            ],
            0
        ],
        [
            [
                98.68695000744798,
                76.72634700001352,
                42.28557942611681
            ],
            [
                0.6725986867158795,
                0.28352146463902195,
                0.04387984864509834
            ],
            1
        ],
        [
            [
                98.65240468378943,
                78.66181811252142,
                73.60255346873485
            ],
            [
                0.7457043237937492,
                0.24315217735282948,
                0.01114349885342129
            ],
            2
        ],
        [
            [
                99.3673782600223,
                98.94915628612327,
                99.51332122816791
            ],
            [
                0.30177309648907896,
                0.5188175640647902,
                0.17940933944613094
            ],
            2
        ],
        [
            [
                97.9006858818788,
                19.424732515818288,
                69.591617654957
            ],
            [
                0.8881555872301063,
                0.029642732294658174,
                0.08220168047523549
            ],
            0
        ],
        [
            [
                63.99538800474214,
                83.7500437947206,
                93.40391674017157
            ],
            [
                0.08622589031594691,
                0.4319360768719825,
                0.48183803281207077
            ],
            0
        ],
        [
            [
                70.17630228932242,
                56.280068159841164,
                98.11657394448268
            ],
            [
                0.21942637806767096,
                0.028544375012041604,
                0.7520292469202875
            ],
            1
        ],
        [
            [
                57.7688120987959,
                94.08982743820884,
                80.41894804355316
            ],
            [
                0.12477464948556813,
                0.6142640734775796,
                0.2609612770368523
            ],
            1
        ]
    ],
    "eigs": [
        0.8055328131455497,
        0.36895073734190775,
        0.005016971102737581,
        0.275613113369851,
        -0.07944548492382465,
        0.14542132453540538,
        -0.12955159618773618,
        -0.13569455196940122,
        -0.23258275848715027,
        -0.3450590808490165
    ]
}