{
    "eigs_regret": [
        0.013164165049187826,
        0.46251091193700317,
        1.0387859538475497,
        7.133612645036065,
        2.2062195717018716,
        1.36163091909978,
        7.807121743049645,
        0.3746211633077816,
        2.41312289379875
    ],
    "eigs_max": [
        1.0106079780167443,
        0.7598491230339057,
        1.2928464973590728,
        3.7519009655047113,
        -0.3591554877199738,
        0.9100002636224502,
        0.10801060669093118,
        2.0912806525335963,
        -11.13311902611951
    ],
    "inputs_max": [
        [
            [
                69.45305213527178,
                90.84732703773803,
                95.24969375906437
            ],
            [
                0.04894962080799536,
                0.30697125050954494,
                0.6440791286824596
            ],
            2
        ],
        [
            [
                76.60661504178175,
                99.0394405598035,
                80.47976592383883
            ],
            [
                0.3631008521243941,
                0.4535857619816951,
                0.1833133858939109
            ],
            1
        ],
        [
            [
                97.95762443670074,
                96.13701656749505,
                76.86523350163868
            ],
            [
                0.3422779788518654,
                0.5468814750581633,
                0.11084054608997122
            ],
            2
        ],
        [
            [
                93.4981466014228,
                94.56591758380351,
                94.80071579212755
            ],
            [
                0.029087385266042078,
                0.21218684740838958,
                0.7587257673255684
            ],
            2
        ],
        [
            [
                69.23579196105044,
                90.00079463510602,
                89.20729196690982
            ],
            [
                0.30036693759361843,
                0.6734341490814292,
                0.026198913324952347
            ],
            0
        ],
        [
            [
                66.83603898008887,
                34.99435587738006,
                94.26798378001277
            ],
            [
                0.05395111612209514,
                0.019976633770351773,
                0.926072250107553
            ],
            1
        ],
        [
            [
                94.87808930280511,
                22.710039145331294,
                97.43375468329
            ],
            [
                0.9483022047553524,
                0.004698643135173451,
                0.046999152109474134
            ],
            2
        ],
        [
            [
                74.17811631048015,
                57.77896835988334,
                99.07407800988153
            ],
            [
                0.4974183219205629,
                0.20036397201364575,
                0.30221770606579135
            ],
            0
        ],
        [
            [
                99.57191975091311,
                87.06568896408969,
                86.15971180977465
            ],
            [
                0.4437545670246806,
                0.29467631904325037,
                0.2615691139320691
            ],
            1
        ]
    ],
    "eigs": [
        0.9974438129675565,
        0.29733821109690256,
        0.254060543511523,
        -3.381711679531354,
        -2.565375059421845,
        -0.4516306554773297,
        -7.699111136358714,
        1.7166594892258147,
        -13.54624191991826
    ]
}