{
    "eigs_regret": [
        -0.23227172743961966,
        0.6424594619337093,
        0.712933608519434,
        1.1936018496794012,
        0.9367770429588529,
        0.9936637695815512,
        1.1757293446082615,
        1.3554972320615855,
        1.3119677931224005,
        1.3130122841426384
    ],
    "eigs_max": [
        0.9355448851539688,
        0.9820853132714094,
        0.8864413514001046,
        1.0840508995768163,
        0.9001177740830907,
        0.9268852716220394,
        1.083090585023148,
        1.1695166463957576,
        1.0747812875276137,
        1.0591736191686854
    ],
    "inputs_max": [
        [
            [
                47.93607018761804,
                95.65378789064158,
                61.400473438693496
            ],
            [
                0.10402941035615604,
                0.7409905178034497,
                0.15498007184039433
            ],
            1
        ],
        [
            [
                77.01570097302884,
                90.69955978491623,
                92.80028702231473
            ],
            [
                0.08268792164179786,
                0.011891707733150264,
                0.9054203706250519
            ],
            1
        ],
        [
            [
                97.95762443670074,
                96.13701656749505,
                76.86523350163868
            ],
            [
                0.3422779788518654,
                0.5468814750581633,
                0.11084054608997122
            ],
            2
        ],
        [
            [
                99.02687854610434,
                60.47247170577553,
                95.2853232112288
            ],
            [
                0.6559307948444487,
                0.14955985000956895,
                0.19450935514598225
            ],
            1
        ],
        [
            [
                44.34777991137682,
                99.32702310635044,
                93.05953190986894
            ],
            [
                0.0653996150140313,
                0.9066086686511353,
                0.027991716334833362
            ],
            2
        ],
        [
            [
                96.06931669468266,
                97.07091098735916,
                78.67612688229373
            ],
            [
                0.47363593529111914,
                0.3264864589323993,
                0.19987760577648145
            ],
            1
        ],
        [
            [
                94.87808930280511,
                22.710039145331294,
                97.43375468329
            ],
            [
                0.9483022047553524,
                0.004698643135173451,
                0.046999152109474134
            ],
            2
        ],
        [
            [
                99.28576771326235,
                22.723413455762874,
                89.14778473284774
            ],
            [
                0.9397329823147595,
                0.03139117637770198,
                0.02887584130753857
            ],
            2
        ],
        [
            [
                99.57191975091311,
                87.06568896408969,
                86.15971180977465
            ],
            [
                0.4437545670246806,
                0.29467631904325037,
                0.2615691139320691
            ],
            1
        ],
        [
            [
                97.22655630895699,
                89.3316139098886,
                43.60156723083198
            ],
            [
                0.4060689482758823,
                0.3824209372635317,
                0.21151011446058596
            ],
            0
        ]
    ],
    "eigs": [
        1.1678166125935885,
        0.33962585133770007,
        0.17350774288067058,
        -0.1095509501025849,
        -0.036659268875762194,
        -0.06677849795951186,
        -0.09263875958511354,
        -0.18598058566582779,
        -0.2371865055947869,
        -0.2538386649739531
    ]
}