{
    "eigs_regret": [
        0.069570767669632,
        0.5463697644273251,
        0.8724979171812802,
        1.6021823400364623,
        0.6858816090105402,
        0.6679304800528006,
        0.6230792402176044,
        0.850385847926179,
        0.6754083790806984
    ],
    "eigs_max": [
        1.1451544862758687,
        1.001278173302155,
        1.0901934062400203,
        1.5322909720852815,
        1.0008320913253177,
        0.6016752661950551,
        0.5777686000485305,
        0.610014321522703,
        0.5206531481196731
    ],
    "inputs_max": [
        [
            [
                99.28740909464065,
                56.56255591863728,
                84.77035173520372
            ],
            [
                0.8528268594423557,
                0.10094248594436296,
                0.046230654613281415
            ],
            2
        ],
        [
            [
                88.1322344474425,
                88.80690791555284,
                99.36513195952185
            ],
            [
                0.10803578892894297,
                0.5566158409465713,
                0.33534837012448576
            ],
            1
        ],
        [
            [
                74.70935267012906,
                89.61537489103677,
                94.65497885408294
            ],
            [
                0.01919523029899067,
                0.9089340268590137,
                0.07187074284199557
            ],
            1
        ],
        [
            [
                19.39687632956868,
                97.16772060572913,
                95.46470509341319
            ],
            [
                0.020226991508346587,
                0.2907491874811574,
                0.6890238210104961
            ],
            0
        ],
        [
            [
                65.8188898667933,
                94.79435542386386,
                90.60812966823886
            ],
            [
                0.02356403226020365,
                0.3669191778054024,
                0.609516789934394
            ],
            2
        ],
        [
            [
                94.45601201836358,
                93.97786083955243,
                95.11570448631257
            ],
            [
                0.23923561242810068,
                0.396453773738531,
                0.36431061383336844
            ],
            0
        ],
        [
            [
                98.32603734970468,
                80.19267593004116,
                89.71231385664802
            ],
            [
                0.6069975167101624,
                0.12140837950535709,
                0.27159410378448035
            ],
            0
        ],
        [
            [
                99.95298655932518,
                65.53048941968687,
                60.1949449596251
            ],
            [
                0.8591551020677338,
                0.04880186619585729,
                0.09204303173640878
            ],
            2
        ],
        [
            [
                94.9616734368425,
                91.13780051969438,
                96.60071532762608
            ],
            [
                0.18284361988840186,
                0.4612927571846782,
                0.35586362292692
            ],
            0
        ]
    ],
    "eigs": [
        1.0755837186062367,
        0.45490840887482986,
        0.21769548905874003,
        -0.06989136795118073,
        0.31495048231477746,
        -0.06625521385774555,
        -0.04531064016907394,
        -0.24037152640347603,
        -0.15475523096102525
    ]
}