{
    "eigs_regret": [
        0.559856308967212,
        0.3351035902349291,
        0.7137667229866345,
        0.9667460317760129,
        0.2435496902144827,
        0.25079341055387555,
        0.26422849181213665,
        0.3902290461598409,
        0.34887106375070237
    ],
    "eigs_max": [
        1.0030726335980726,
        1.1192912532122434,
        1.1712410603979015,
        0.9726159711556659,
        0.7125544864299544,
        0.2881336947777581,
        0.2975418076613316,
        0.2132094140273882,
        0.25125455179966316
    ],
    "inputs_max": [
        [
            [
                98.84629515106352,
                93.1772006445184,
                76.72762041827673
            ],
            [
                0.8632346652057701,
                0.053528084943408535,
                0.08323724985082143
            ],
            0
        ],
        [
            [
                98.01879721966759,
                35.35648819423485,
                56.298775760496014
            ],
            [
                0.82991302855738,
                0.10336568575224342,
                0.0667212856903765
            ],
            2
        ],
        [
            [
                94.66197822396992,
                89.88603409744049,
                83.26223177679401
            ],
            [
                0.500805537072984,
                0.2970354320582866,
                0.20215903086872933
            ],
            0
        ],
        [
            [
                91.57101143564479,
                93.16850814419931,
                95.18027441335775
            ],
            [
                0.12370326917039562,
                0.5508840076052699,
                0.32541272322433445
            ],
            0
        ],
        [
            [
                95.99667003429356,
                97.31361848560736,
                80.95671220246403
            ],
            [
                0.5229555987532252,
                0.2668456733647657,
                0.21019872788200922
            ],
            0
        ],
        [
            [
                99.3026253024307,
                22.05467489540702,
                77.41738735476311
            ],
            [
                0.8356878381949104,
                0.009434530911047958,
                0.1548776308940415
            ],
            1
        ],
        [
            [
                98.69137824485598,
                95.18739833080089,
                93.7602754032601
            ],
            [
                0.07917592977190728,
                0.033320434796639736,
                0.8875036354314529
            ],
            2
        ],
        [
            [
                59.34017826876333,
                74.9383093297397,
                95.22741636409913
            ],
            [
                0.3022244147017531,
                0.14121394685247304,
                0.556561638445774
            ],
            0
        ],
        [
            [
                90.49611827342655,
                87.6392184515643,
                85.49343468767783
            ],
            [
                0.16760640686812212,
                0.6113853380429155,
                0.22100825508896238
            ],
            0
        ]
    ],
    "eigs": [
        0.44321632463086075,
        0.7841876629773143,
        0.45747433741126714,
        0.005869939379652958,
        0.46900479621547175,
        0.03734028422388252,
        0.03331331584919497,
        -0.17701963213245273,
        -0.09761651195103922
    ]
}