{
    "eigs_regret": [
        0.5615904203556509,
        -0.15972269548691564,
        0.46878503806272387,
        0.7945082267626077,
        0.44485104417700805,
        0.40853306979737813,
        0.6485250088255372,
        0.8252200268713157,
        0.5411791774334365
    ],
    "eigs_max": [
        0.9614589714486845,
        0.783784489344398,
        0.7461048000553083,
        0.7160596387465629,
        0.8023116426020164,
        0.34360069235192225,
        0.37812790489767706,
        -12.524708118960339,
        -12.82623529285771
    ],
    "inputs_max": [
        [
            [
                99.28740909464065,
                56.56255591863728,
                84.77035173520372
            ],
            [
                0.8528268594423557,
                0.10094248594436296,
                0.046230654613281415
            ],
            2
        ],
        [
            [
                82.99216960763314,
                90.0397551133814,
                95.7064490296228
            ],
            [
                0.47999905039264384,
                0.007761152295709636,
                0.5122397973116465
            ],
            1
        ],
        [
            [
                74.70935267012906,
                89.61537489103677,
                94.65497885408294
            ],
            [
                0.01919523029899067,
                0.9089340268590137,
                0.07187074284199557
            ],
            1
        ],
        [
            [
                96.06879147307009,
                82.32360326287184,
                97.65725273459437
            ],
            [
                0.5189629984878664,
                0.09028077095312481,
                0.3907562305590087
            ],
            0
        ],
        [
            [
                65.8188898667933,
                94.79435542386386,
                90.60812966823886
            ],
            [
                0.02356403226020365,
                0.3669191778054024,
                0.609516789934394
            ],
            2
        ],
        [
            [
                94.45601201836358,
                93.97786083955243,
                95.11570448631257
            ],
            [
                0.23923561242810068,
                0.396453773738531,
                0.36431061383336844
            ],
            0
        ],
        [
            [
                98.32603734970468,
                80.19267593004116,
                89.71231385664802
            ],
            [
                0.6069975167101624,
                0.12140837950535709,
                0.27159410378448035
            ],
            0
        ],
        [
            [
                93.56655351368245,
                98.46209300248216,
                28.511905275209457
            ],
            [
                0.5761539286102072,
                0.41054982648046034,
                0.013296244909332617
            ],
            2
        ],
        [
            [
                94.9616734368425,
                91.13780051969438,
                96.60071532762608
            ],
            [
                0.18284361988840186,
                0.4612927571846782,
                0.35586362292692
            ],
            0
        ]
    ],
    "eigs": [
        0.39986855109303365,
        0.9435071848313137,
        0.27731976199258446,
        -0.07844858801604482,
        0.3574605984250083,
        -0.06493237744545585,
        -0.2703971039278602,
        -13.349928145831655,
        -13.367414470291147
    ]
}