{
    "eigs_regret": [
        -0.020025121492827425,
        0.5106853113066466,
        1.1149986838892587,
        1.1102773154450343,
        1.6916844829829627,
        7.6907424020369195,
        0.9463285206303456,
        0.9087589588216037
    ],
    "eigs_max": [
        0.9807757590299248,
        0.6752469262921743,
        1.2813220075748444,
        1.0607959817629489,
        1.3455238420279585,
        2.181594477434268,
        0.817833154020669,
        0.7924221798779567
    ],
    "inputs_max": [
        [
            [
                98.84629515106352,
                93.1772006445184,
                76.72762041827673
            ],
            [
                0.8632346652057701,
                0.053528084943408535,
                0.08323724985082143
            ],
            0
        ],
        [
            [
                98.01879721966759,
                35.35648819423485,
                56.298775760496014
            ],
            [
                0.82991302855738,
                0.10336568575224342,
                0.0667212856903765
            ],
            2
        ],
        [
            [
                50.75054969861933,
                98.18699202313296,
                63.128222099415424
            ],
            [
                0.07157277234150085,
                0.8719299576314689,
                0.05649727002703045
            ],
            1
        ],
        [
            [
                91.57101143564479,
                93.16850814419931,
                95.18027441335775
            ],
            [
                0.12370326917039562,
                0.5508840076052699,
                0.32541272322433445
            ],
            0
        ],
        [
            [
                99.96663380727182,
                28.836840390643236,
                94.63571826511618
            ],
            [
                0.629726647925513,
                0.12039965588572311,
                0.2498736961887638
            ],
            2
        ],
        [
            [
                99.3026253024307,
                22.05467489540702,
                77.41738735476311
            ],
            [
                0.8356878381949104,
                0.009434530911047958,
                0.1548776308940415
            ],
            1
        ],
        [
            [
                97.33827457032866,
                26.199822245669292,
                69.33061922405088
            ],
            [
                0.912585797151931,
                0.011129661141819002,
                0.07628454170625007
            ],
            1
        ],
        [
            [
                86.75805550792226,
                4.296550087019691,
                85.64351330870431
            ],
            [
                0.4690579173220313,
                0.020807803519714715,
                0.510134279158254
            ],
            0
        ]
    ],
    "eigs": [
        1.0008008805227522,
        0.16456161498552768,
        0.16632332368558572,
        -0.04948133368208549,
        -0.34616064095500426,
        -5.509147924602651,
        -0.12849536660967648,
        -0.11633677894364705
    ]
}