{
    "eigs_regret": [
        0.010022962059512697,
        0.9429663304968402,
        0.44579304917214757,
        0.9596778331492061,
        0.7698822702824689,
        0.9135073570170194
    ],
    "eigs_max": [
        0.9928408396426898,
        0.9501171729448501,
        0.8343326523638379,
        0.9428465625998803,
        0.8081325100231873,
        0.833876142790228
    ],
    "inputs_max": [
        [
            [
                98.84629515106352,
                93.1772006445184,
                76.72762041827673
            ],
            [
                0.8632346652057701,
                0.053528084943408535,
                0.08323724985082143
            ],
            0
        ],
        [
            [
                99.40840960014049,
                60.70625395903022,
                81.03889055902488
            ],
            [
                0.49070097419372427,
                0.33445379002645986,
                0.17484523577981587
            ],
            2
        ],
        [
            [
                96.95129691803294,
                87.21265040434338,
                51.369847051622266
            ],
            [
                0.5791039476523484,
                0.3571793615973606,
                0.06371669075029088
            ],
            0
        ],
        [
            [
                91.57101143564479,
                93.16850814419931,
                95.18027441335775
            ],
            [
                0.12370326917039562,
                0.5508840076052699,
                0.32541272322433445
            ],
            0
        ],
        [
            [
                95.99667003429356,
                97.31361848560736,
                80.95671220246403
            ],
            [
                0.5229555987532252,
                0.2668456733647657,
                0.21019872788200922
            ],
            0
        ],
        [
            [
                99.3026253024307,
                22.05467489540702,
                77.41738735476311
            ],
            [
                0.8356878381949104,
                0.009434530911047958,
                0.1548776308940415
            ],
            1
        ]
    ],
    "eigs": [
        0.9828178775831771,
        0.007150842448009952,
        0.38853960319169034,
        -0.016831270549325775,
        0.03825023974071835,
        -0.07963121422679133
    ]
}