{
    "eigs_regret": [
        0.5396833777450081,
        0.6277808315733233,
        -0.04249428525443011,
        0.5377703009629972
    ],
    "eigs_max": [
        0.9559861565520619,
        0.871083117663796,
        0.5761918149347256,
        0.46667844149389637
    ],
    "inputs_max": [
        [
            [
                69.45305213527178,
                90.84732703773803,
                95.24969375906437
            ],
            [
                0.04894962080799536,
                0.30697125050954494,
                0.6440791286824596
            ],
            2
        ],
        [
            [
                76.60661504178175,
                99.0394405598035,
                80.47976592383883
            ],
            [
                0.3631008521243941,
                0.4535857619816951,
                0.1833133858939109
            ],
            1
        ],
        [
            [
                49.2243728854766,
                93.3705547200805,
                37.80066443537211
            ],
            [
                0.1287857570695921,
                0.8425378264954864,
                0.02867641643492155
            ],
            0
        ],
        [
            [
                93.4981466014228,
                94.56591758380351,
                94.80071579212755
            ],
            [
                0.029087385266042078,
                0.21218684740838958,
                0.7587257673255684
            ],
            2
        ]
    ],
    "eigs": [
        0.4163027788070538,
        0.2433022860904726,
        0.6186861001891557,
        -0.07109185946910082
    ]
}