{
    "eigs_regret": [
        0.5713427375249653,
        0.8243222356448252,
        0.1484315746998735,
        0.6139506224784645,
        0.07269036423160047,
        0.27528886106039624,
        0.2906795758864063,
        0.2192993992898233,
        0.16383236833450138
    ],
    "eigs_max": [
        1.0333097211308808,
        0.9752286105446984,
        0.5183306493454325,
        0.5434613226660003,
        0.6234792349700615,
        0.1302942614196754,
        0.0872229125677964,
        0.06187313248186571,
        0.11547143069213954
    ],
    "inputs_max": [
        [
            [
                98.84629515106352,
                93.1772006445184,
                76.72762041827673
            ],
            [
                0.8632346652057701,
                0.053528084943408535,
                0.08323724985082143
            ],
            0
        ],
        [
            [
                98.01879721966759,
                35.35648819423485,
                56.298775760496014
            ],
            [
                0.82991302855738,
                0.10336568575224342,
                0.0667212856903765
            ],
            2
        ],
        [
            [
                96.95129691803294,
                87.21265040434338,
                51.369847051622266
            ],
            [
                0.5791039476523484,
                0.3571793615973606,
                0.06371669075029088
            ],
            0
        ],
        [
            [
                91.57101143564479,
                93.16850814419931,
                95.18027441335775
            ],
            [
                0.12370326917039562,
                0.5508840076052699,
                0.32541272322433445
            ],
            0
        ],
        [
            [
                23.179432099336516,
                93.36476626855537,
                2.952124228241826
            ],
            [
                0.005462119253754065,
                0.9867823974454695,
                0.0077554833007765925
            ],
            2
        ],
        [
            [
                96.41289966463391,
                77.5636118108339,
                97.91360302054588
            ],
            [
                0.16600462332864802,
                0.17264899859789837,
                0.6613463780734535
            ],
            1
        ],
        [
            [
                97.33827457032866,
                26.199822245669292,
                69.33061922405088
            ],
            [
                0.912585797151931,
                0.011129661141819002,
                0.07628454170625007
            ],
            1
        ],
        [
            [
                86.75805550792226,
                4.296550087019691,
                85.64351330870431
            ],
            [
                0.4690579173220313,
                0.020807803519714715,
                0.510134279158254
            ],
            0
        ],
        [
            [
                90.49611827342655,
                87.6392184515643,
                85.49343468767783
            ],
            [
                0.16760640686812212,
                0.6113853380429155,
                0.22100825508896238
            ],
            0
        ]
    ],
    "eigs": [
        0.46196698360591554,
        0.15090637489987324,
        0.369899074645559,
        -0.07048929981246418,
        0.5507888707384611,
        -0.14499459964072084,
        -0.2034566633186099,
        -0.1574262668079576,
        -0.04836093764236184
    ]
}