{
    "eigs_regret": [
        0.1975732585294998,
        0.5361580063018088,
        0.9976008067650194,
        0.6416778589536125,
        0.5778550048509526,
        0.379335108603899,
        0.27835649352342406,
        0.3817362898023945,
        0.21441735927279254
    ],
    "eigs_max": [
        0.9835277794008661,
        1.076695049755133,
        1.142751380661701,
        0.589699290723862,
        0.5019331131881699,
        0.4177669515626859,
        0.4838430538908963,
        0.24035152733905116,
        0.2565297852426294
    ],
    "inputs_max": [
        [
            [
                99.28740909464065,
                56.56255591863728,
                84.77035173520372
            ],
            [
                0.8528268594423557,
                0.10094248594436296,
                0.046230654613281415
            ],
            2
        ],
        [
            [
                99.15168496786681,
                80.12112678022233,
                96.677630479279
            ],
            [
                0.2240169814960443,
                0.4117996266186049,
                0.36418339188535087
            ],
            1
        ],
        [
            [
                74.70935267012906,
                89.61537489103677,
                94.65497885408294
            ],
            [
                0.01919523029899067,
                0.9089340268590137,
                0.07187074284199557
            ],
            1
        ],
        [
            [
                96.06879147307009,
                82.32360326287184,
                97.65725273459437
            ],
            [
                0.5189629984878664,
                0.09028077095312481,
                0.3907562305590087
            ],
            0
        ],
        [
            [
                65.8188898667933,
                94.79435542386386,
                90.60812966823886
            ],
            [
                0.02356403226020365,
                0.3669191778054024,
                0.609516789934394
            ],
            2
        ],
        [
            [
                94.45601201836358,
                93.97786083955243,
                95.11570448631257
            ],
            [
                0.23923561242810068,
                0.396453773738531,
                0.36431061383336844
            ],
            0
        ],
        [
            [
                98.32603734970468,
                80.19267593004116,
                89.71231385664802
            ],
            [
                0.6069975167101624,
                0.12140837950535709,
                0.27159410378448035
            ],
            0
        ],
        [
            [
                99.95298655932518,
                65.53048941968687,
                60.1949449596251
            ],
            [
                0.8591551020677338,
                0.04880186619585729,
                0.09204303173640878
            ],
            2
        ],
        [
            [
                94.9616734368425,
                91.13780051969438,
                96.60071532762608
            ],
            [
                0.18284361988840186,
                0.4612927571846782,
                0.35586362292692
            ],
            0
        ]
    ],
    "eigs": [
        0.7859545208713663,
        0.5405370434533243,
        0.14515057389668148,
        -0.051978568229750534,
        -0.07592189166278274,
        0.038431842958786884,
        0.20548656036747226,
        -0.14138476246334336,
        0.042112425969836886
    ]
}