{
    "eigs_regret": [
        0.5765706185753574,
        0.38439319378079395,
        0.2769183955788481,
        0.3403663985716451,
        0.26811683778566525,
        0.3747696772173583,
        0.11895539547636469,
        0.7701614468908389
    ],
    "eigs_max": [
        0.9951501587910496,
        1.0577834052404786,
        0.7187659006554583,
        0.3353995432090003,
        0.219005906097743,
        0.19683875883815433,
        -2.406340620955134,
        -12.4851125803086
    ],
    "inputs_max": [
        [
            [
                92.710875463404,
                16.710969228590223,
                97.59938725676824
            ],
            [
                0.3085254677377977,
                0.007874004048084662,
                0.6836005282141178
            ],
            2
        ],
        [
            [
                96.1539012877594,
                97.9534317435004,
                96.94556914752977
            ],
            [
                0.20158588264910932,
                0.4726706586500763,
                0.3257434587008143
            ],
            0
        ],
        [
            [
                88.32203937988994,
                94.58955922862499,
                89.28022389103452
            ],
            [
                0.3011273153674878,
                0.5768107875129467,
                0.1220618971195655
            ],
            0
        ],
        [
            [
                98.68695000744798,
                76.72634700001352,
                42.28557942611681
            ],
            [
                0.6725986867158795,
                0.28352146463902195,
                0.04387984864509834
            ],
            1
        ],
        [
            [
                98.65240468378943,
                78.66181811252142,
                73.60255346873485
            ],
            [
                0.7457043237937492,
                0.24315217735282948,
                0.01114349885342129
            ],
            2
        ],
        [
            [
                99.3673782600223,
                98.94915628612327,
                99.51332122816791
            ],
            [
                0.30177309648907896,
                0.5188175640647902,
                0.17940933944613094
            ],
            2
        ],
        [
            [
                75.61915843135341,
                93.02631201660229,
                73.30886277315572
            ],
            [
                0.08302800673841891,
                0.7366410521827433,
                0.1803309410788378
            ],
            0
        ],
        [
            [
                3.253167798745471,
                64.10583965218812,
                35.51610440260663
            ],
            [
                0.9187227932204192,
                0.04636285257946406,
                0.03491435420011683
            ],
            0
        ]
    ],
    "eigs": [
        0.41857954021569216,
        0.6733902114596847,
        0.4418475050766102,
        -0.004966855362644792,
        -0.04911093168792226,
        -0.177930918379204,
        -2.525296016431499,
        -13.25527402719944
    ]
}